2026.05.02 02:09:08 INFO  Started: Metals version 1.6.7 in folders 'C:\Users\Mouhammad Toure\Videos\BookRecommender' for client Visual Studio Code 1.117.0.
2026.05.02 02:09:09 INFO  time: initialize in 0.37s
2026.05.02 02:09:57 INFO  Memory monitor started
2026.05.02 02:10:16 WARN  Using H2 2.4.240 which is newer than the version Flyway has been verified with. The latest verified version of H2 is 2.3.232.
2026.05.02 02:10:21 INFO  no build target found for C:\Users\Mouhammad Toure\Videos\BookRecommender\BookRecommender\src\server\Server.java. Using fallback presentation compiler.
2026.05.02 02:10:34 INFO  no build target found for C:\Users\Mouhammad Toure\Videos\BookRecommender\BookRecommender\src\server\Server.java. Using fallback presentation compiler.
mag 02, 2026 2:10:48 AM org.eclipse.lsp4j.jsonrpc.RemoteEndpoint handleCancellation
AVVERTENZA: Unmatched cancel notification for request id 3
2026.05.02 02:10:49 INFO  no build target found for C:\Users\Mouhammad Toure\Videos\BookRecommender\BookRecommender\src\server\Server.java. Using fallback presentation compiler.
2026.05.02 02:10:50 INFO  no build target found for C:\Users\Mouhammad Toure\Videos\BookRecommender\BookRecommender\src\server\Server.java. Using fallback presentation compiler.
2026.05.02 02:10:51 INFO  no build target found for C:\Users\Mouhammad Toure\Videos\BookRecommender\BookRecommender\src\server\Server.java. Using fallback presentation compiler.
2026.05.02 02:10:53 INFO  no build target found for C:\Users\Mouhammad Toure\Videos\BookRecommender\BookRecommender\src\server\Server.java. Using fallback presentation compiler.
2026.05.02 02:10:54 WARN  no build tool detected in workspace 'C:\Users\Mouhammad Toure\Videos\BookRecommender'. The most common cause for this problem is that the editor was opened in the wrong working directory, for example if you use sbt then the workspace directory should contain build.sbt. 
2026.05.02 02:10:54 WARN  Build server is not auto-connectable.
2026.05.02 02:10:55 WARN  no build target for: C:\Users\Mouhammad Toure\Videos\BookRecommender\BookRecommender\src\server\Server.java
2026.05.02 02:10:55 INFO  no build target found for C:\Users\Mouhammad Toure\Videos\BookRecommender\BookRecommender\src\server\Server.java. Using fallback presentation compiler.
mag 02, 2026 2:10:57 AM org.eclipse.lsp4j.jsonrpc.RemoteEndpoint handleCancellation
AVVERTENZA: Unmatched cancel notification for request id 9
mag 02, 2026 2:10:57 AM org.eclipse.lsp4j.jsonrpc.RemoteEndpoint handleCancellation
AVVERTENZA: Unmatched cancel notification for request id 10
mag 02, 2026 2:10:57 AM org.eclipse.lsp4j.jsonrpc.RemoteEndpoint handleCancellation
AVVERTENZA: Unmatched cancel notification for request id 11
mag 02, 2026 2:10:57 AM org.eclipse.lsp4j.jsonrpc.RemoteEndpoint handleCancellation
AVVERTENZA: Unmatched cancel notification for request id 5
mag 02, 2026 2:10:57 AM org.eclipse.lsp4j.jsonrpc.RemoteEndpoint handleCancellation
AVVERTENZA: Unmatched cancel notification for request id 1
2026.05.02 02:10:57 INFO  no build target found for C:\Users\Mouhammad Toure\Videos\BookRecommender\BookRecommender\src\server\Server.java. Using fallback presentation compiler.
2026.05.02 02:11:04 WARN  Running javac-semanticdb failed for file:///C:/Users/Mouhammad%20Toure/Videos/BookRecommender/BookRecommender/src/server/Server.java. Output:

2026.05.02 02:11:05 INFO  time: code lens generation in 11s
mag 02, 2026 2:11:06 AM org.eclipse.lsp4j.jsonrpc.RemoteEndpoint handleCancellation
AVVERTENZA: Unmatched cancel notification for request id 12
2026.05.02 02:11:07 INFO  no build target found for C:\Users\Mouhammad Toure\Videos\BookRecommender\BookRecommender\src\server\Server.java. Using fallback presentation compiler.
mag 02, 2026 2:11:08 AM org.eclipse.lsp4j.jsonrpc.RemoteEndpoint handleCancellation
AVVERTENZA: Unmatched cancel notification for request id 13
mag 02, 2026 2:11:08 AM org.eclipse.lsp4j.jsonrpc.RemoteEndpoint handleCancellation
AVVERTENZA: Unmatched cancel notification for request id 7
2026.05.02 02:11:08 INFO  no build target found for C:\Users\Mouhammad Toure\Videos\BookRecommender\BookRecommender\src\server\Server.java. Using fallback presentation compiler.
mag 02, 2026 2:11:14 AM org.eclipse.lsp4j.jsonrpc.RemoteEndpoint handleCancellation
AVVERTENZA: Unmatched cancel notification for request id 15
2026.05.02 02:11:14 INFO  no build target found for C:\Users\Mouhammad Toure\Videos\BookRecommender\BookRecommender\src\server\Server.java. Using fallback presentation compiler.
mag 02, 2026 2:11:15 AM org.eclipse.lsp4j.jsonrpc.RemoteEndpoint handleCancellation
AVVERTENZA: Unmatched cancel notification for request id 17
2026.05.02 02:11:16 INFO  no build target found for C:\Users\Mouhammad Toure\Videos\BookRecommender\BookRecommender\src\server\Server.java. Using fallback presentation compiler.
mag 02, 2026 2:12:18 AM org.eclipse.lsp4j.jsonrpc.services.GenericEndpoint notify
INFORMAZIONI: Unsupported notification method: $/setTrace
2026.05.02 02:12:19 INFO  no build target found for C:\Users\Mouhammad Toure\Videos\BookRecommender\BookRecommender\src\server\Server.java. Using fallback presentation compiler.
mag 02, 2026 2:12:28 AM org.eclipse.lsp4j.jsonrpc.services.GenericEndpoint notify
INFORMAZIONI: Unsupported notification method: $/setTrace
2026.05.02 02:12:28 INFO  no build target found for C:\Users\Mouhammad Toure\Videos\BookRecommender\BookRecommender\src\server\Server.java. Using fallback presentation compiler.
2026.05.02 02:13:00 INFO  no build target found for C:\Users\Mouhammad Toure\Videos\BookRecommender\BookRecommender\src\server\Server.java. Using fallback presentation compiler.
2026.05.02 02:13:36 INFO  no build target found for C:\Users\Mouhammad Toure\Videos\BookRecommender\BookRecommender\src\server\Server.java. Using fallback presentation compiler.
2026.05.02 02:13:40 INFO  no build target found for C:\Users\Mouhammad Toure\Videos\BookRecommender\BookRecommender\src\server\Server.java. Using fallback presentation compiler.
2026.05.02 02:13:51 INFO  no build target found for C:\Users\Mouhammad Toure\Videos\BookRecommender\BookRecommender\src\server\Server.java. Using fallback presentation compiler.
2026.05.02 02:13:58 WARN  no build target for: C:\Users\Mouhammad Toure\Videos\BookRecommender\BookRecommender\src\bookrecommender\DatabaseInitializer.java
2026.05.02 02:13:58 INFO  no build target found for C:\Users\Mouhammad Toure\Videos\BookRecommender\BookRecommender\src\bookrecommender\DatabaseInitializer.java. Using fallback presentation compiler.
mag 02, 2026 2:14:05 AM org.eclipse.lsp4j.jsonrpc.RemoteEndpoint handleCancellation
AVVERTENZA: Unmatched cancel notification for request id 33
2026.05.02 02:14:05 INFO  no build target found for C:\Users\Mouhammad Toure\Videos\BookRecommender\BookRecommender\src\bookrecommender\DatabaseInitializer.java. Using fallback presentation compiler.
2026.05.02 02:14:05 WARN  no build target for: C:\Users\Mouhammad Toure\Videos\BookRecommender\BookRecommender\src\bookrecommender\DatabaseInitializer.java
2026.05.02 02:14:06 INFO  no build target found for C:\Users\Mouhammad Toure\Videos\BookRecommender\BookRecommender\src\bookrecommender\DatabaseInitializer.java. Using fallback presentation compiler.
2026.05.02 02:14:07 WARN  Running javac-semanticdb failed for file:///C:/Users/Mouhammad%20Toure/Videos/BookRecommender/BookRecommender/src/bookrecommender/DatabaseInitializer.java. Output:

mag 02, 2026 2:14:09 AM org.eclipse.lsp4j.jsonrpc.RemoteEndpoint handleCancellation
AVVERTENZA: Unmatched cancel notification for request id 36
mag 02, 2026 2:14:09 AM org.eclipse.lsp4j.jsonrpc.RemoteEndpoint handleCancellation
AVVERTENZA: Unmatched cancel notification for request id 40
2026.05.02 02:14:09 INFO  no build target found for C:\Users\Mouhammad Toure\Videos\BookRecommender\BookRecommender\src\bookrecommender\DatabaseInitializer.java. Using fallback presentation compiler.
mag 02, 2026 2:14:09 AM org.eclipse.lsp4j.jsonrpc.RemoteEndpoint handleCancellation
AVVERTENZA: Unmatched cancel notification for request id 43
2026.05.02 02:17:06 INFO  no build target found for C:\Users\Mouhammad Toure\Videos\BookRecommender\BookRecommender\src\bookrecommender\DatabaseInitializer.java. Using fallback presentation compiler.
2026.05.02 02:18:40 INFO  no build target found for C:\Users\Mouhammad Toure\Videos\BookRecommender\BookRecommender\src\bookrecommender\DatabaseInitializer.java. Using fallback presentation compiler.
mag 02, 2026 2:18:41 AM org.eclipse.lsp4j.jsonrpc.services.GenericEndpoint notify
INFORMAZIONI: Unsupported notification method: $/setTrace
2026.05.02 02:21:42 INFO  no build target found for C:\Users\Mouhammad Toure\Videos\BookRecommender\BookRecommender\src\bookrecommender\DatabaseInitializer.java. Using fallback presentation compiler.
2026.05.02 02:24:07 INFO  no build target found for C:\Users\Mouhammad Toure\Videos\BookRecommender\BookRecommender\src\server\Server.java. Using fallback presentation compiler.
2026.05.02 02:24:08 INFO  no build target found for C:\Users\Mouhammad Toure\Videos\BookRecommender\BookRecommender\src\server\Server.java. Using fallback presentation compiler.
2026.05.02 02:24:09 WARN  no build target for: C:\Users\Mouhammad Toure\Videos\BookRecommender\BookRecommender\src\server\Server.java
mag 02, 2026 2:24:10 AM org.eclipse.lsp4j.jsonrpc.RemoteEndpoint handleCancellation
AVVERTENZA: Unmatched cancel notification for request id 72
2026.05.02 02:24:10 INFO  no build target found for C:\Users\Mouhammad Toure\Videos\BookRecommender\BookRecommender\src\server\Server.java. Using fallback presentation compiler.
2026.05.02 02:24:13 INFO  no build target found for C:\Users\Mouhammad Toure\Videos\BookRecommender\BookRecommender\src\server\Server.java. Using fallback presentation compiler.
2026.05.02 02:24:13 INFO  no build target found for C:\Users\Mouhammad Toure\Videos\BookRecommender\BookRecommender\src\server\Server.java. Using fallback presentation compiler.
mag 02, 2026 2:24:15 AM org.eclipse.lsp4j.jsonrpc.RemoteEndpoint handleCancellation
AVVERTENZA: Unmatched cancel notification for request id 75
2026.05.02 02:24:15 INFO  no build target found for C:\Users\Mouhammad Toure\Videos\BookRecommender\BookRecommender\src\server\Server.java. Using fallback presentation compiler.
2026.05.02 02:24:18 INFO  no build target found for C:\Users\Mouhammad Toure\Videos\BookRecommender\BookRecommender\src\server\Server.java. Using fallback presentation compiler.
2026.05.02 02:24:18 INFO  no build target found for C:\Users\Mouhammad Toure\Videos\BookRecommender\BookRecommender\src\server\Server.java. Using fallback presentation compiler.
mag 02, 2026 2:24:19 AM org.eclipse.lsp4j.jsonrpc.RemoteEndpoint handleCancellation
AVVERTENZA: Unmatched cancel notification for request id 80
2026.05.02 02:24:18 INFO  no build target found for C:\Users\Mouhammad Toure\Videos\BookRecommender\BookRecommender\src\server\Server.java. Using fallback presentation compiler.
2026.05.02 02:24:19 INFO  no build target found for C:\Users\Mouhammad Toure\Videos\BookRecommender\BookRecommender\src\server\Server.java. Using fallback presentation compiler.
mag 02, 2026 2:24:21 AM org.eclipse.lsp4j.jsonrpc.RemoteEndpoint handleCancellation
AVVERTENZA: Unmatched cancel notification for request id 82
2026.05.02 02:24:21 INFO  no build target found for C:\Users\Mouhammad Toure\Videos\BookRecommender\BookRecommender\src\server\Server.java. Using fallback presentation compiler.
mag 02, 2026 2:24:22 AM org.eclipse.lsp4j.jsonrpc.RemoteEndpoint handleCancellation
AVVERTENZA: Unmatched cancel notification for request id 83
2026.05.02 02:24:22 INFO  no build target found for C:\Users\Mouhammad Toure\Videos\BookRecommender\BookRecommender\src\server\Server.java. Using fallback presentation compiler.
2026.05.02 02:24:22 INFO  no build target found for C:\Users\Mouhammad Toure\Videos\BookRecommender\BookRecommender\src\server\Server.java. Using fallback presentation compiler.
mag 02, 2026 2:24:23 AM org.eclipse.lsp4j.jsonrpc.RemoteEndpoint handleCancellation
AVVERTENZA: Unmatched cancel notification for request id 86
2026.05.02 02:24:22 INFO  no build target found for C:\Users\Mouhammad Toure\Videos\BookRecommender\BookRecommender\src\server\Server.java. Using fallback presentation compiler.
mag 02, 2026 2:24:23 AM org.eclipse.lsp4j.jsonrpc.RemoteEndpoint handleCancellation
AVVERTENZA: Unmatched cancel notification for request id 85
2026.05.02 02:24:23 INFO  no build target found for C:\Users\Mouhammad Toure\Videos\BookRecommender\BookRecommender\src\server\Server.java. Using fallback presentation compiler.
mag 02, 2026 2:24:23 AM org.eclipse.lsp4j.jsonrpc.RemoteEndpoint handleCancellation
AVVERTENZA: Unmatched cancel notification for request id 87
2026.05.02 02:24:23 INFO  no build target found for C:\Users\Mouhammad Toure\Videos\BookRecommender\BookRecommender\src\server\Server.java. Using fallback presentation compiler.
2026.05.02 02:24:23 INFO  no build target found for C:\Users\Mouhammad Toure\Videos\BookRecommender\BookRecommender\src\server\Server.java. Using fallback presentation compiler.
mag 02, 2026 2:24:24 AM org.eclipse.lsp4j.jsonrpc.RemoteEndpoint handleCancellation
AVVERTENZA: Unmatched cancel notification for request id 90
2026.05.02 02:24:24 INFO  no build target found for C:\Users\Mouhammad Toure\Videos\BookRecommender\BookRecommender\src\server\Server.java. Using fallback presentation compiler.mag 02, 2026 2:24:24 AM org.eclipse.lsp4j.jsonrpc.RemoteEndpoint handleCancellation
AVVERTENZA: Unmatched cancel notification for request id 89

2026.05.02 02:24:23 INFO  no build target found for C:\Users\Mouhammad Toure\Videos\BookRecommender\BookRecommender\src\server\Server.java. Using fallback presentation compiler.
2026.05.02 02:24:23 INFO  no build target found for C:\Users\Mouhammad Toure\Videos\BookRecommender\BookRecommender\src\server\Server.java. Using fallback presentation compiler.
2026.05.02 02:24:25 INFO  no build target found for C:\Users\Mouhammad Toure\Videos\BookRecommender\BookRecommender\src\server\Server.java. Using fallback presentation compiler.
mag 02, 2026 2:24:25 AM org.eclipse.lsp4j.jsonrpc.RemoteEndpoint handleCancellation
AVVERTENZA: Unmatched cancel notification for request id 92
2026.05.02 02:24:25 WARN  no build target for: C:\Users\Mouhammad Toure\Videos\BookRecommender\BookRecommender\src\server\Server.java
2026.05.02 02:24:25 INFO  no build target found for C:\Users\Mouhammad Toure\Videos\BookRecommender\BookRecommender\src\server\Server.java. Using fallback presentation compiler.
2026.05.02 02:24:25 WARN  Running javac-semanticdb failed for file:///C:/Users/Mouhammad%20Toure/Videos/BookRecommender/BookRecommender/src/server/Server.java. Output:

2026.05.02 02:34:04 INFO  no build target found for C:\Users\Mouhammad Toure\Videos\BookRecommender\BookRecommender\src\server\Server.java. Using fallback presentation compiler.
2026.05.02 02:34:04 INFO  no build target found for C:\Users\Mouhammad Toure\Videos\BookRecommender\BookRecommender\src\server\Server.java. Using fallback presentation compiler.
2026.05.02 02:34:11 INFO  no build target found for C:\Users\Mouhammad Toure\Videos\BookRecommender\BookRecommender\src\server\Server.java. Using fallback presentation compiler.
2026.05.02 02:34:11 INFO  no build target found for C:\Users\Mouhammad Toure\Videos\BookRecommender\BookRecommender\src\server\Server.java. Using fallback presentation compiler.
2026.05.02 02:34:11 INFO  no build target found for C:\Users\Mouhammad Toure\Videos\BookRecommender\BookRecommender\src\server\Server.java. Using fallback presentation compiler.
mag 02, 2026 2:34:11 AM org.eclipse.lsp4j.jsonrpc.RemoteEndpoint handleCancellation
AVVERTENZA: Unmatched cancel notification for request id 103
mag 02, 2026 2:34:11 AM org.eclipse.lsp4j.jsonrpc.RemoteEndpoint handleCancellation
AVVERTENZA: Unmatched cancel notification for request id 104
mag 02, 2026 2:34:11 AM org.eclipse.lsp4j.jsonrpc.RemoteEndpoint handleCancellation
AVVERTENZA: Unmatched cancel notification for request id 107
2026.05.02 02:34:11 INFO  no build target found for C:\Users\Mouhammad Toure\Videos\BookRecommender\BookRecommender\src\server\Server.java. Using fallback presentation compiler.
2026.05.02 02:34:11 INFO  no build target found for C:\Users\Mouhammad Toure\Videos\BookRecommender\BookRecommender\src\server\Server.java. Using fallback presentation compiler.
mag 02, 2026 2:34:12 AM org.eclipse.lsp4j.jsonrpc.RemoteEndpoint handleCancellation
AVVERTENZA: Unmatched cancel notification for request id 110
2026.05.02 02:34:12 WARN  no build target for: C:\Users\Mouhammad Toure\Videos\BookRecommender\BookRecommender\src\server\Server.java
mag 02, 2026 2:34:12 AM org.eclipse.lsp4j.jsonrpc.RemoteEndpoint handleCancellation
AVVERTENZA: Unmatched cancel notification for request id 111
2026.05.02 02:34:12 INFO  no build target found for C:\Users\Mouhammad Toure\Videos\BookRecommender\BookRecommender\src\server\Server.java. Using fallback presentation compiler.
2026.05.02 02:34:13 WARN  Running javac-semanticdb failed for file:///C:/Users/Mouhammad%20Toure/Videos/BookRecommender/BookRecommender/src/server/Server.java. Output:

2026.05.02 02:34:13 INFO  no build target found for C:\Users\Mouhammad Toure\Videos\BookRecommender\BookRecommender\src\server\Server.java. Using fallback presentation compiler.
2026.05.02 02:35:10 INFO  no build target found for C:\Users\Mouhammad Toure\Videos\BookRecommender\BookRecommender\src\server\Server.java. Using fallback presentation compiler.
mag 02, 2026 2:35:10 AM org.eclipse.lsp4j.jsonrpc.RemoteEndpoint handleCancellation
AVVERTENZA: Unmatched cancel notification for request id 120
2026.05.02 02:35:57 INFO  no build target found for C:\Users\Mouhammad Toure\Videos\BookRecommender\BookRecommender\src\server\Server.java. Using fallback presentation compiler.
2026.05.02 02:35:59 INFO  no build target found for C:\Users\Mouhammad Toure\Videos\BookRecommender\BookRecommender\src\server\Server.java. Using fallback presentation compiler.
2026.05.02 02:35:59 INFO  no build target found for C:\Users\Mouhammad Toure\Videos\BookRecommender\BookRecommender\src\server\Server.java. Using fallback presentation compiler.
2026.05.02 02:35:59 INFO  no build target found for C:\Users\Mouhammad Toure\Videos\BookRecommender\BookRecommender\src\server\Server.java. Using fallback presentation compiler.
2026.05.02 02:35:59 INFO  no build target found for C:\Users\Mouhammad Toure\Videos\BookRecommender\BookRecommender\src\server\Server.java. Using fallback presentation compiler.
2026.05.02 02:36:01 WARN  no build target for: C:\Users\Mouhammad Toure\Videos\BookRecommender\BookRecommender\src\server\Server.java
2026.05.02 02:36:01 INFO  no build target found for C:\Users\Mouhammad Toure\Videos\BookRecommender\BookRecommender\src\server\Server.java. Using fallback presentation compiler.
2026.05.02 02:36:01 WARN  Running javac-semanticdb failed for file:///C:/Users/Mouhammad%20Toure/Videos/BookRecommender/BookRecommender/src/server/Server.java. Output:

2026.05.02 02:37:04 INFO  no build target found for C:\Users\Mouhammad Toure\Videos\BookRecommender\BookRecommender\src\server\Server.java. Using fallback presentation compiler.
mag 02, 2026 2:37:05 AM org.eclipse.lsp4j.jsonrpc.RemoteEndpoint handleCancellation
AVVERTENZA: Unmatched cancel notification for request id 133
2026.05.02 02:37:04 INFO  no build target found for C:\Users\Mouhammad Toure\Videos\BookRecommender\BookRecommender\src\server\Server.java. Using fallback presentation compiler.
2026.05.02 02:37:06 INFO  no build target found for C:\Users\Mouhammad Toure\Videos\BookRecommender\BookRecommender\src\server\Server.java. Using fallback presentation compiler.
2026.05.02 02:37:06 INFO  no build target found for C:\Users\Mouhammad Toure\Videos\BookRecommender\BookRecommender\src\server\Server.java. Using fallback presentation compiler.
2026.05.02 02:37:08 INFO  no build target found for C:\Users\Mouhammad Toure\Videos\BookRecommender\BookRecommender\src\server\Server.java. Using fallback presentation compiler.
2026.05.02 02:37:08 WARN  Running javac-semanticdb failed for file:///C:/Users/Mouhammad%20Toure/Videos/BookRecommender/BookRecommender/src/server/Server.java. Output:

2026.05.02 02:37:09 WARN  no build target for: C:\Users\Mouhammad Toure\Videos\BookRecommender\BookRecommender\src\server\Server.java
2026.05.02 02:37:09 INFO  no build target found for C:\Users\Mouhammad Toure\Videos\BookRecommender\BookRecommender\src\server\Server.java. Using fallback presentation compiler.
2026.05.02 02:37:12 INFO  no build target found for C:\Users\Mouhammad Toure\Videos\BookRecommender\BookRecommender\src\server\Server.java. Using fallback presentation compiler.
2026.05.02 02:37:12 INFO  no build target found for C:\Users\Mouhammad Toure\Videos\BookRecommender\BookRecommender\src\server\Server.java. Using fallback presentation compiler.
2026.05.02 02:37:12 INFO  no build target found for C:\Users\Mouhammad Toure\Videos\BookRecommender\BookRecommender\src\server\Server.java. Using fallback presentation compiler.
2026.05.02 02:37:13 WARN  Running javac-semanticdb failed for file:///C:/Users/Mouhammad%20Toure/Videos/BookRecommender/BookRecommender/src/server/Server.java. Output:

mag 02, 2026 2:37:14 AM org.eclipse.lsp4j.jsonrpc.RemoteEndpoint handleCancellation
AVVERTENZA: Unmatched cancel notification for request id 145
mag 02, 2026 2:37:16 AM org.eclipse.lsp4j.jsonrpc.RemoteEndpoint handleCancellation
AVVERTENZA: Unmatched cancel notification for request id 143
2026.05.02 02:37:16 INFO  no build target found for C:\Users\Mouhammad Toure\Videos\BookRecommender\BookRecommender\src\server\Server.java. Using fallback presentation compiler.
mag 02, 2026 2:37:16 AM org.eclipse.lsp4j.jsonrpc.RemoteEndpoint handleCancellation
AVVERTENZA: Unmatched cancel notification for request id 146
2026.05.02 02:37:16 INFO  no build target found for C:\Users\Mouhammad Toure\Videos\BookRecommender\BookRecommender\src\server\Server.java. Using fallback presentation compiler.
2026.05.02 02:37:17 WARN  Running javac-semanticdb failed for file:///C:/Users/Mouhammad%20Toure/Videos/BookRecommender/BookRecommender/src/server/Server.java. Output:

2026.05.02 02:37:18 INFO  time: code lens generation in 1.85s
mag 02, 2026 2:37:19 AM org.eclipse.lsp4j.jsonrpc.RemoteEndpoint handleCancellation
AVVERTENZA: Unmatched cancel notification for request id 148
mag 02, 2026 2:37:20 AM org.eclipse.lsp4j.jsonrpc.RemoteEndpoint handleCancellation
AVVERTENZA: Unmatched cancel notification for request id 149
mag 02, 2026 2:37:20 AM org.eclipse.lsp4j.jsonrpc.RemoteEndpoint handleCancellation
AVVERTENZA: Unmatched cancel notification for request id 150
2026.05.02 02:37:20 INFO  no build target found for C:\Users\Mouhammad Toure\Videos\BookRecommender\BookRecommender\src\server\Server.java. Using fallback presentation compiler.
2026.05.02 02:37:21 INFO  no build target found for C:\Users\Mouhammad Toure\Videos\BookRecommender\BookRecommender\src\server\Server.java. Using fallback presentation compiler.
2026.05.02 02:37:22 INFO  no build target found for C:\Users\Mouhammad Toure\Videos\BookRecommender\BookRecommender\src\server\Server.java. Using fallback presentation compiler.
2026.05.02 02:37:23 INFO  no build target found for C:\Users\Mouhammad Toure\Videos\BookRecommender\BookRecommender\src\server\Server.java. Using fallback presentation compiler.
2026.05.02 02:37:23 INFO  no build target found for C:\Users\Mouhammad Toure\Videos\BookRecommender\BookRecommender\src\server\Server.java. Using fallback presentation compiler.
mag 02, 2026 2:37:24 AM org.eclipse.lsp4j.jsonrpc.RemoteEndpoint handleCancellation
AVVERTENZA: Unmatched cancel notification for request id 152
2026.05.02 02:37:23 INFO  no build target found for C:\Users\Mouhammad Toure\Videos\BookRecommender\BookRecommender\src\server\Server.java. Using fallback presentation compiler.
mag 02, 2026 2:37:24 AM org.eclipse.lsp4j.jsonrpc.RemoteEndpoint handleCancellation
AVVERTENZA: Unmatched cancel notification for request id 154
mag 02, 2026 2:37:24 AM org.eclipse.lsp4j.jsonrpc.RemoteEndpoint handleCancellation
AVVERTENZA: Unmatched cancel notification for request id 155
2026.05.02 02:37:23 INFO  no build target found for C:\Users\Mouhammad Toure\Videos\BookRecommender\BookRecommender\src\server\Server.java. Using fallback presentation compiler.
2026.05.02 02:37:24 WARN  Running javac-semanticdb failed for file:///C:/Users/Mouhammad%20Toure/Videos/BookRecommender/BookRecommender/src/server/Server.java. Output:

mag 02, 2026 2:37:25 AM org.eclipse.lsp4j.jsonrpc.RemoteEndpoint handleCancellation
AVVERTENZA: Unmatched cancel notification for request id 156
mag 02, 2026 2:37:25 AM org.eclipse.lsp4j.jsonrpc.RemoteEndpoint handleCancellation
AVVERTENZA: Unmatched cancel notification for request id 157
mag 02, 2026 2:37:25 AM org.eclipse.lsp4j.jsonrpc.RemoteEndpoint handleCancellation
AVVERTENZA: Unmatched cancel notification for request id 158
2026.05.02 02:37:25 INFO  no build target found for C:\Users\Mouhammad Toure\Videos\BookRecommender\BookRecommender\src\server\Server.java. Using fallback presentation compiler.
mag 02, 2026 2:37:25 AM org.eclipse.lsp4j.jsonrpc.RemoteEndpoint handleCancellation
AVVERTENZA: Unmatched cancel notification for request id 160
2026.05.02 02:37:25 INFO  no build target found for C:\Users\Mouhammad Toure\Videos\BookRecommender\BookRecommender\src\server\Server.java. Using fallback presentation compiler.
2026.05.02 02:37:25 INFO  no build target found for C:\Users\Mouhammad Toure\Videos\BookRecommender\BookRecommender\src\server\Server.java. Using fallback presentation compiler.
mag 02, 2026 2:37:26 AM org.eclipse.lsp4j.jsonrpc.RemoteEndpoint handleCancellation
AVVERTENZA: Unmatched cancel notification for request id 165
mag 02, 2026 2:37:26 AM org.eclipse.lsp4j.jsonrpc.RemoteEndpoint handleCancellation
AVVERTENZA: Unmatched cancel notification for request id 166
mag 02, 2026 2:37:26 AM org.eclipse.lsp4j.jsonrpc.RemoteEndpoint handleCancellation
AVVERTENZA: Unmatched cancel notification for request id 167
2026.05.02 02:37:26 INFO  no build target found for C:\Users\Mouhammad Toure\Videos\BookRecommender\BookRecommender\src\server\Server.java. Using fallback presentation compiler.
mag 02, 2026 2:37:27 AM org.eclipse.lsp4j.jsonrpc.RemoteEndpoint handleCancellation
AVVERTENZA: Unmatched cancel notification for request id 171
mag 02, 2026 2:37:27 AM org.eclipse.lsp4j.jsonrpc.RemoteEndpoint handleCancellation
AVVERTENZA: Unmatched cancel notification for request id 172
2026.05.02 02:37:26 INFO  no build target found for C:\Users\Mouhammad Toure\Videos\BookRecommender\BookRecommender\src\server\Server.java. Using fallback presentation compiler.
mag 02, 2026 2:37:27 AM org.eclipse.lsp4j.jsonrpc.RemoteEndpoint handleCancellation
AVVERTENZA: Unmatched cancel notification for request id 173
mag 02, 2026 2:37:27 AM org.eclipse.lsp4j.jsonrpc.RemoteEndpoint handleCancellation
AVVERTENZA: Unmatched cancel notification for request id 174
mag 02, 2026 2:37:27 AM org.eclipse.lsp4j.jsonrpc.RemoteEndpoint handleCancellation
AVVERTENZA: Unmatched cancel notification for request id 179
mag 02, 2026 2:37:27 AM org.eclipse.lsp4j.jsonrpc.RemoteEndpoint handleCancellation
AVVERTENZA: Unmatched cancel notification for request id 180
mag 02, 2026 2:37:27 AM org.eclipse.lsp4j.jsonrpc.RemoteEndpoint handleCancellation
AVVERTENZA: Unmatched cancel notification for request id 181
mag 02, 2026 2:37:27 AM org.eclipse.lsp4j.jsonrpc.RemoteEndpoint handleCancellation
AVVERTENZA: Unmatched cancel notification for request id 183
2026.05.02 02:37:26 INFO  no build target found for C:\Users\Mouhammad Toure\Videos\BookRecommender\BookRecommender\src\server\Server.java. Using fallback presentation compiler.
mag 02, 2026 2:37:27 AM org.eclipse.lsp4j.jsonrpc.RemoteEndpoint handleCancellation
AVVERTENZA: Unmatched cancel notification for request id 184
mag 02, 2026 2:37:27 AM org.eclipse.lsp4j.jsonrpc.RemoteEndpoint handleCancellation
AVVERTENZA: Unmatched cancel notification for request id 185
2026.05.02 02:37:27 INFO  no build target found for C:\Users\Mouhammad Toure\Videos\BookRecommender\BookRecommender\src\server\Server.java. Using fallback presentation compiler.
mag 02, 2026 2:37:28 AM org.eclipse.lsp4j.jsonrpc.RemoteEndpoint handleCancellation
AVVERTENZA: Unmatched cancel notification for request id 186
2026.05.02 02:37:27 INFO  no build target found for C:\Users\Mouhammad Toure\Videos\BookRecommender\BookRecommender\src\server\Server.java. Using fallback presentation compiler.
2026.05.02 02:37:28 WARN  no build target for: C:\Users\Mouhammad Toure\Videos\BookRecommender\BookRecommender\src\server\Server.java
mag 02, 2026 2:37:28 AM org.eclipse.lsp4j.jsonrpc.RemoteEndpoint handleCancellation
AVVERTENZA: Unmatched cancel notification for request id 188
mag 02, 2026 2:37:28 AM org.eclipse.lsp4j.jsonrpc.RemoteEndpoint handleCancellation
AVVERTENZA: Unmatched cancel notification for request id 190
mag 02, 2026 2:37:28 AM org.eclipse.lsp4j.jsonrpc.RemoteEndpoint handleCancellation
AVVERTENZA: Unmatched cancel notification for request id 189
2026.05.02 02:37:27 INFO  no build target found for C:\Users\Mouhammad Toure\Videos\BookRecommender\BookRecommender\src\server\Server.java. Using fallback presentation compiler.
mag 02, 2026 2:37:28 AM org.eclipse.lsp4j.jsonrpc.RemoteEndpoint handleCancellation
AVVERTENZA: Unmatched cancel notification for request id 193
2026.05.02 02:37:27 INFO  no build target found for C:\Users\Mouhammad Toure\Videos\BookRecommender\BookRecommender\src\server\Server.java. Using fallback presentation compiler.
2026.05.02 02:37:28 INFO  no build target found for C:\Users\Mouhammad Toure\Videos\BookRecommender\BookRecommender\src\server\Server.java. Using fallback presentation compiler.
2026.05.02 02:37:29 WARN  no build target for: C:\Users\Mouhammad Toure\Videos\BookRecommender\BookRecommender\src\server\Server.java
2026.05.02 02:37:29 INFO  no build target found for C:\Users\Mouhammad Toure\Videos\BookRecommender\BookRecommender\src\server\Server.java. Using fallback presentation compiler.
2026.05.02 02:37:29 WARN  Running javac-semanticdb failed for file:///C:/Users/Mouhammad%20Toure/Videos/BookRecommender/BookRecommender/src/server/Server.java. Output:

2026.05.02 02:37:38 INFO  no build target found for C:\Users\Mouhammad Toure\Videos\BookRecommender\BookRecommender\src\server\Server.java. Using fallback presentation compiler.
2026.05.02 02:37:38 INFO  no build target found for C:\Users\Mouhammad Toure\Videos\BookRecommender\BookRecommender\src\server\Server.java. Using fallback presentation compiler.
2026.05.02 02:37:39 WARN  Running javac-semanticdb failed for file:///C:/Users/Mouhammad%20Toure/Videos/BookRecommender/BookRecommender/src/server/Server.java. Output:

2026.05.02 02:37:39 WARN  no build target for: C:\Users\Mouhammad Toure\Videos\BookRecommender\BookRecommender\src\server\Server.java
2026.05.02 02:37:39 INFO  no build target found for C:\Users\Mouhammad Toure\Videos\BookRecommender\BookRecommender\src\server\Server.java. Using fallback presentation compiler.
mag 02, 2026 2:37:43 AM org.eclipse.lsp4j.jsonrpc.RemoteEndpoint handleCancellation
AVVERTENZA: Unmatched cancel notification for request id 209
mag 02, 2026 2:37:43 AM org.eclipse.lsp4j.jsonrpc.RemoteEndpoint handleCancellation
AVVERTENZA: Unmatched cancel notification for request id 210
2026.05.02 02:37:48 INFO  no build target found for C:\Users\Mouhammad Toure\Videos\BookRecommender\BookRecommender\src\server\Server.java. Using fallback presentation compiler.
mag 02, 2026 2:37:49 AM org.eclipse.lsp4j.jsonrpc.RemoteEndpoint handleCancellation
AVVERTENZA: Unmatched cancel notification for request id 212
2026.05.02 02:37:48 INFO  no build target found for C:\Users\Mouhammad Toure\Videos\BookRecommender\BookRecommender\src\server\Server.java. Using fallback presentation compiler.
2026.05.02 02:37:51 INFO  no build target found for C:\Users\Mouhammad Toure\Videos\BookRecommender\BookRecommender\src\server\Server.java. Using fallback presentation compiler.
2026.05.02 02:37:58 INFO  no build target found for C:\Users\Mouhammad Toure\Videos\BookRecommender\BookRecommender\src\server\Server.java. Using fallback presentation compiler.
2026.05.02 02:37:59 INFO  no build target found for C:\Users\Mouhammad Toure\Videos\BookRecommender\BookRecommender\src\server\Server.java. Using fallback presentation compiler.
2026.05.02 02:38:00 INFO  no build target found for C:\Users\Mouhammad Toure\Videos\BookRecommender\BookRecommender\src\server\Server.java. Using fallback presentation compiler.
mag 02, 2026 2:38:01 AM org.eclipse.lsp4j.jsonrpc.RemoteEndpoint handleCancellation
AVVERTENZA: Unmatched cancel notification for request id 215
mag 02, 2026 2:38:01 AM org.eclipse.lsp4j.jsonrpc.RemoteEndpoint handleCancellation
AVVERTENZA: Unmatched cancel notification for request id 216
2026.05.02 02:38:01 INFO  no build target found for C:\Users\Mouhammad Toure\Videos\BookRecommender\BookRecommender\src\server\Server.java. Using fallback presentation compiler.
2026.05.02 02:38:01 INFO  no build target found for C:\Users\Mouhammad Toure\Videos\BookRecommender\BookRecommender\src\server\Server.java. Using fallback presentation compiler.
mag 02, 2026 2:38:01 AM org.eclipse.lsp4j.jsonrpc.RemoteEndpoint handleCancellation
AVVERTENZA: Unmatched cancel notification for request id 218
mag 02, 2026 2:38:01 AM org.eclipse.lsp4j.jsonrpc.RemoteEndpoint handleCancellation
AVVERTENZA: Unmatched cancel notification for request id 219
2026.05.02 02:38:01 INFO  no build target found for C:\Users\Mouhammad Toure\Videos\BookRecommender\BookRecommender\src\server\Server.java. Using fallback presentation compiler.
2026.05.02 02:38:02 WARN  Running javac-semanticdb failed for file:///C:/Users/Mouhammad%20Toure/Videos/BookRecommender/BookRecommender/src/server/Server.java. Output:

mag 02, 2026 2:38:02 AM org.eclipse.lsp4j.jsonrpc.RemoteEndpoint handleCancellation
AVVERTENZA: Unmatched cancel notification for request id 220
mag 02, 2026 2:38:02 AM org.eclipse.lsp4j.jsonrpc.RemoteEndpoint handleCancellation
AVVERTENZA: Unmatched cancel notification for request id 221
mag 02, 2026 2:38:02 AM org.eclipse.lsp4j.jsonrpc.RemoteEndpoint handleCancellation
AVVERTENZA: Unmatched cancel notification for request id 222
mag 02, 2026 2:38:02 AM org.eclipse.lsp4j.jsonrpc.RemoteEndpoint handleCancellation
AVVERTENZA: Unmatched cancel notification for request id 223
2026.05.02 02:38:01 INFO  no build target found for C:\Users\Mouhammad Toure\Videos\BookRecommender\BookRecommender\src\server\Server.java. Using fallback presentation compiler.
2026.05.02 02:38:02 WARN  no build target for: C:\Users\Mouhammad Toure\Videos\BookRecommender\BookRecommender\src\server\Server.java
mag 02, 2026 2:38:02 AM org.eclipse.lsp4j.jsonrpc.RemoteEndpoint handleCancellation
AVVERTENZA: Unmatched cancel notification for request id 224
mag 02, 2026 2:38:02 AM org.eclipse.lsp4j.jsonrpc.RemoteEndpoint handleCancellation
AVVERTENZA: Unmatched cancel notification for request id 225
mag 02, 2026 2:38:02 AM org.eclipse.lsp4j.jsonrpc.RemoteEndpoint handleCancellation
AVVERTENZA: Unmatched cancel notification for request id 226
mag 02, 2026 2:38:02 AM org.eclipse.lsp4j.jsonrpc.RemoteEndpoint handleCancellation
AVVERTENZA: Unmatched cancel notification for request id 227
mag 02, 2026 2:38:02 AM org.eclipse.lsp4j.jsonrpc.RemoteEndpoint handleCancellation
AVVERTENZA: Unmatched cancel notification for request id 228
mag 02, 2026 2:38:02 AM org.eclipse.lsp4j.jsonrpc.RemoteEndpoint handleCancellation
AVVERTENZA: Unmatched cancel notification for request id 229
2026.05.02 02:38:02 INFO  no build target found for C:\Users\Mouhammad Toure\Videos\BookRecommender\BookRecommender\src\server\Server.java. Using fallback presentation compiler.
mag 02, 2026 2:38:03 AM org.eclipse.lsp4j.jsonrpc.RemoteEndpoint handleCancellation
AVVERTENZA: Unmatched cancel notification for request id 230
mag 02, 2026 2:38:03 AM org.eclipse.lsp4j.jsonrpc.RemoteEndpoint handleCancellation
AVVERTENZA: Unmatched cancel notification for request id 231
2026.05.02 02:38:02 INFO  no build target found for C:\Users\Mouhammad Toure\Videos\BookRecommender\BookRecommender\src\server\Server.java. Using fallback presentation compiler.
mag 02, 2026 2:38:04 AM org.eclipse.lsp4j.jsonrpc.RemoteEndpoint handleCancellation
AVVERTENZA: Unmatched cancel notification for request id 235
2026.05.02 02:38:04 WARN  no build target for: C:\Users\Mouhammad Toure\Videos\BookRecommender\BookRecommender\src\server\Server.java
mag 02, 2026 2:38:04 AM org.eclipse.lsp4j.jsonrpc.RemoteEndpoint handleCancellation
AVVERTENZA: Unmatched cancel notification for request id 233
mag 02, 2026 2:38:04 AM org.eclipse.lsp4j.jsonrpc.RemoteEndpoint handleCancellation
AVVERTENZA: Unmatched cancel notification for request id 234
2026.05.02 02:38:04 INFO  no build target found for C:\Users\Mouhammad Toure\Videos\BookRecommender\BookRecommender\src\server\Server.java. Using fallback presentation compiler.
mag 02, 2026 2:38:04 AM org.eclipse.lsp4j.jsonrpc.RemoteEndpoint handleCancellation
AVVERTENZA: Unmatched cancel notification for request id 237
2026.05.02 02:38:04 INFO  no build target found for C:\Users\Mouhammad Toure\Videos\BookRecommender\BookRecommender\src\server\Server.java. Using fallback presentation compiler.
2026.05.02 02:38:04 INFO  no build target found for C:\Users\Mouhammad Toure\Videos\BookRecommender\BookRecommender\src\server\Server.java. Using fallback presentation compiler.
mag 02, 2026 2:38:04 AM org.eclipse.lsp4j.jsonrpc.RemoteEndpoint handleCancellation
AVVERTENZA: Unmatched cancel notification for request id 236
2026.05.02 02:38:04 WARN  no build target for: C:\Users\Mouhammad Toure\Videos\BookRecommender\BookRecommender\src\server\Server.java
mag 02, 2026 2:38:05 AM org.eclipse.lsp4j.jsonrpc.RemoteEndpoint handleCancellation
AVVERTENZA: Unmatched cancel notification for request id 243
2026.05.02 02:38:05 WARN  Running javac-semanticdb failed for file:///C:/Users/Mouhammad%20Toure/Videos/BookRecommender/BookRecommender/src/server/Server.java. Output:

2026.05.02 02:38:07 INFO  no build target found for C:\Users\Mouhammad Toure\Videos\BookRecommender\BookRecommender\src\server\Server.java. Using fallback presentation compiler.
2026.05.02 02:38:11 INFO  no build target found for C:\Users\Mouhammad Toure\Videos\BookRecommender\BookRecommender\src\server\Server.java. Using fallback presentation compiler.
2026.05.02 02:38:11 INFO  no build target found for C:\Users\Mouhammad Toure\Videos\BookRecommender\BookRecommender\src\server\Server.java. Using fallback presentation compiler.
2026.05.02 02:38:12 WARN  no build target for: C:\Users\Mouhammad Toure\Videos\BookRecommender\BookRecommender\src\server\Server.java
2026.05.02 02:38:12 INFO  no build target found for C:\Users\Mouhammad Toure\Videos\BookRecommender\BookRecommender\src\server\Server.java. Using fallback presentation compiler.
2026.05.02 02:38:13 WARN  Running javac-semanticdb failed for file:///C:/Users/Mouhammad%20Toure/Videos/BookRecommender/BookRecommender/src/server/Server.java. Output:

2026.05.02 02:38:13 INFO  no build target found for C:\Users\Mouhammad Toure\Videos\BookRecommender\BookRecommender\src\server\Server.java. Using fallback presentation compiler.
2026.05.02 02:38:13 INFO  no build target found for C:\Users\Mouhammad Toure\Videos\BookRecommender\BookRecommender\src\server\Server.java. Using fallback presentation compiler.
2026.05.02 02:38:17 INFO  no build target found for C:\Users\Mouhammad Toure\Videos\BookRecommender\BookRecommender\src\server\Server.java. Using fallback presentation compiler.
2026.05.02 02:38:20 INFO  no build target found for C:\Users\Mouhammad Toure\Videos\BookRecommender\BookRecommender\src\server\Server.java. Using fallback presentation compiler.
2026.05.02 02:38:20 INFO  no build target found for C:\Users\Mouhammad Toure\Videos\BookRecommender\BookRecommender\src\server\Server.java. Using fallback presentation compiler.
mag 02, 2026 2:38:20 AM org.eclipse.lsp4j.jsonrpc.RemoteEndpoint handleCancellation
AVVERTENZA: Unmatched cancel notification for request id 257
2026.05.02 02:38:21 INFO  no build target found for C:\Users\Mouhammad Toure\Videos\BookRecommender\BookRecommender\src\server\Server.java. Using fallback presentation compiler.
2026.05.02 02:38:21 INFO  no build target found for C:\Users\Mouhammad Toure\Videos\BookRecommender\BookRecommender\src\server\Server.java. Using fallback presentation compiler.
mag 02, 2026 2:38:22 AM org.eclipse.lsp4j.jsonrpc.RemoteEndpoint handleCancellation
AVVERTENZA: Unmatched cancel notification for request id 258
2026.05.02 02:38:21 INFO  no build target found for C:\Users\Mouhammad Toure\Videos\BookRecommender\BookRecommender\src\server\Server.java. Using fallback presentation compiler.
mag 02, 2026 2:38:22 AM org.eclipse.lsp4j.jsonrpc.RemoteEndpoint handleCancellation
AVVERTENZA: Unmatched cancel notification for request id 259
mag 02, 2026 2:38:22 AM org.eclipse.lsp4j.jsonrpc.RemoteEndpoint handleCancellation
AVVERTENZA: Unmatched cancel notification for request id 260
mag 02, 2026 2:38:22 AM org.eclipse.lsp4j.jsonrpc.RemoteEndpoint handleCancellation
AVVERTENZA: Unmatched cancel notification for request id 261
mag 02, 2026 2:38:22 AM org.eclipse.lsp4j.jsonrpc.RemoteEndpoint handleCancellation
AVVERTENZA: Unmatched cancel notification for request id 262
2026.05.02 02:38:22 INFO  no build target found for C:\Users\Mouhammad Toure\Videos\BookRecommender\BookRecommender\src\server\Server.java. Using fallback presentation compiler.
2026.05.02 02:38:21 INFO  no build target found for C:\Users\Mouhammad Toure\Videos\BookRecommender\BookRecommender\src\server\Server.java. Using fallback presentation compiler.
mag 02, 2026 2:38:22 AM org.eclipse.lsp4j.jsonrpc.RemoteEndpoint handleCancellation
AVVERTENZA: Unmatched cancel notification for request id 264
mag 02, 2026 2:38:22 AM org.eclipse.lsp4j.jsonrpc.RemoteEndpoint handleCancellation
AVVERTENZA: Unmatched cancel notification for request id 265
2026.05.02 02:38:22 INFO  no build target found for C:\Users\Mouhammad Toure\Videos\BookRecommender\BookRecommender\src\server\Server.java. Using fallback presentation compiler.
2026.05.02 02:38:23 WARN  Running javac-semanticdb failed for file:///C:/Users/Mouhammad%20Toure/Videos/BookRecommender/BookRecommender/src/server/Server.java. Output:

2026.05.02 02:38:22 INFO  no build target found for C:\Users\Mouhammad Toure\Videos\BookRecommender\BookRecommender\src\server\Server.java. Using fallback presentation compiler.
2026.05.02 02:38:23 WARN  no build target for: C:\Users\Mouhammad Toure\Videos\BookRecommender\BookRecommender\src\server\Server.java
2026.05.02 02:38:23 INFO  no build target found for C:\Users\Mouhammad Toure\Videos\BookRecommender\BookRecommender\src\server\Server.java. Using fallback presentation compiler.
2026.05.02 02:38:23 INFO  no build target found for C:\Users\Mouhammad Toure\Videos\BookRecommender\BookRecommender\src\server\Server.java. Using fallback presentation compiler.
2026.05.02 02:38:24 WARN  Running javac-semanticdb failed for file:///C:/Users/Mouhammad%20Toure/Videos/BookRecommender/BookRecommender/src/server/Server.java. Output:

2026.05.02 02:38:25 WARN  no build target for: C:\Users\Mouhammad Toure\Videos\BookRecommender\BookRecommender\src\server\Server.java
2026.05.02 02:38:25 INFO  no build target found for C:\Users\Mouhammad Toure\Videos\BookRecommender\BookRecommender\src\server\Server.java. Using fallback presentation compiler.
2026.05.02 02:38:25 INFO  no build target found for C:\Users\Mouhammad Toure\Videos\BookRecommender\BookRecommender\src\server\Server.java. Using fallback presentation compiler.
2026.05.02 02:38:26 INFO  no build target found for C:\Users\Mouhammad Toure\Videos\BookRecommender\BookRecommender\src\server\Server.java. Using fallback presentation compiler.
2026.05.02 02:38:26 INFO  no build target found for C:\Users\Mouhammad Toure\Videos\BookRecommender\BookRecommender\src\server\Server.java. Using fallback presentation compiler.
mag 02, 2026 2:38:27 AM org.eclipse.lsp4j.jsonrpc.RemoteEndpoint handleCancellation
AVVERTENZA: Unmatched cancel notification for request id 280
2026.05.02 02:38:27 WARN  no build target for: C:\Users\Mouhammad Toure\Videos\BookRecommender\BookRecommender\src\server\Server.java
2026.05.02 02:38:27 INFO  no build target found for C:\Users\Mouhammad Toure\Videos\BookRecommender\BookRecommender\src\server\Server.java. Using fallback presentation compiler.
2026.05.02 02:38:27 WARN  Running javac-semanticdb failed for file:///C:/Users/Mouhammad%20Toure/Videos/BookRecommender/BookRecommender/src/server/Server.java. Output:

2026.05.02 02:38:28 INFO  no build target found for C:\Users\Mouhammad Toure\Videos\BookRecommender\BookRecommender\src\server\Server.java. Using fallback presentation compiler.
2026.05.02 02:38:44 INFO  no build target found for C:\Users\Mouhammad Toure\Videos\BookRecommender\BookRecommender\src\server\Server.java. Using fallback presentation compiler.
2026.05.02 02:38:53 INFO  no build target found for C:\Users\Mouhammad Toure\Videos\BookRecommender\BookRecommender\src\server\Server.java. Using fallback presentation compiler.
2026.05.02 02:38:53 INFO  no build target found for C:\Users\Mouhammad Toure\Videos\BookRecommender\BookRecommender\src\server\Server.java. Using fallback presentation compiler.
2026.05.02 02:38:54 INFO  no build target found for C:\Users\Mouhammad Toure\Videos\BookRecommender\BookRecommender\src\server\Server.java. Using fallback presentation compiler.
2026.05.02 02:38:54 INFO  no build target found for C:\Users\Mouhammad Toure\Videos\BookRecommender\BookRecommender\src\server\Server.java. Using fallback presentation compiler.
2026.05.02 02:38:55 INFO  no build target found for C:\Users\Mouhammad Toure\Videos\BookRecommender\BookRecommender\src\server\Server.java. Using fallback presentation compiler.
2026.05.02 02:38:57 INFO  no build target found for C:\Users\Mouhammad Toure\Videos\BookRecommender\BookRecommender\src\server\Server.java. Using fallback presentation compiler.
mag 02, 2026 2:38:57 AM org.eclipse.lsp4j.jsonrpc.RemoteEndpoint handleCancellation
AVVERTENZA: Unmatched cancel notification for request id 316
2026.05.02 02:38:57 INFO  no build target found for C:\Users\Mouhammad Toure\Videos\BookRecommender\BookRecommender\src\server\Server.java. Using fallback presentation compiler.
mag 02, 2026 2:38:58 AM org.eclipse.lsp4j.jsonrpc.RemoteEndpoint handleCancellation
AVVERTENZA: Unmatched cancel notification for request id 317
2026.05.02 02:38:57 INFO  no build target found for C:\Users\Mouhammad Toure\Videos\BookRecommender\BookRecommender\src\server\Server.java. Using fallback presentation compiler.
2026.05.02 02:38:59 INFO  no build target found for C:\Users\Mouhammad Toure\Videos\BookRecommender\BookRecommender\src\server\Server.java. Using fallback presentation compiler.
2026.05.02 02:38:59 INFO  no build target found for C:\Users\Mouhammad Toure\Videos\BookRecommender\BookRecommender\src\server\Server.java. Using fallback presentation compiler.
2026.05.02 02:38:59 INFO  no build target found for C:\Users\Mouhammad Toure\Videos\BookRecommender\BookRecommender\src\server\Server.java. Using fallback presentation compiler.
2026.05.02 02:39:01 INFO  no build target found for C:\Users\Mouhammad Toure\Videos\BookRecommender\BookRecommender\src\server\Server.java. Using fallback presentation compiler.
2026.05.02 02:39:10 INFO  no build target found for C:\Users\Mouhammad Toure\Videos\BookRecommender\BookRecommender\src\server\Server.java. Using fallback presentation compiler.
2026.05.02 02:39:10 INFO  no build target found for C:\Users\Mouhammad Toure\Videos\BookRecommender\BookRecommender\src\server\Server.java. Using fallback presentation compiler.
2026.05.02 02:39:12 INFO  no build target found for C:\Users\Mouhammad Toure\Videos\BookRecommender\BookRecommender\src\server\Server.java. Using fallback presentation compiler.
2026.05.02 02:39:12 INFO  no build target found for C:\Users\Mouhammad Toure\Videos\BookRecommender\BookRecommender\src\server\Server.java. Using fallback presentation compiler.
2026.05.02 02:39:14 INFO  no build target found for C:\Users\Mouhammad Toure\Videos\BookRecommender\BookRecommender\src\server\Server.java. Using fallback presentation compiler.
2026.05.02 02:39:14 INFO  no build target found for C:\Users\Mouhammad Toure\Videos\BookRecommender\BookRecommender\src\server\Server.java. Using fallback presentation compiler.
2026.05.02 02:39:15 INFO  no build target found for C:\Users\Mouhammad Toure\Videos\BookRecommender\BookRecommender\src\server\Server.java. Using fallback presentation compiler.
2026.05.02 02:39:15 WARN  Running javac-semanticdb failed for file:///C:/Users/Mouhammad%20Toure/Videos/BookRecommender/BookRecommender/src/server/Server.java. Output:

2026.05.02 02:39:15 WARN  no build target for: C:\Users\Mouhammad Toure\Videos\BookRecommender\BookRecommender\src\server\Server.java
2026.05.02 02:39:16 INFO  Created report: Optional[file:///C:/Users/Mouhammad%20Toure/Videos/BookRecommender/BookRecommender/src/server/Server.java]
2026.05.02 02:39:16 INFO  QDox parse error in file:///C:/Users/Mouhammad%20Toure/Videos/BookRecommender/BookRecommender/src/server/Server.java (full report at: "C:\Users\Mouhammad Toure\Videos\BookRecommender\.metals\.reports\metals-full\2026-05-02\r_qdox-error_02-39-16-184.md")
2026.05.02 02:39:16 INFO  no build target found for C:\Users\Mouhammad Toure\Videos\BookRecommender\BookRecommender\src\server\Server.java. Using fallback presentation compiler.
2026.05.02 02:39:19 INFO  no build target found for C:\Users\Mouhammad Toure\Videos\BookRecommender\BookRecommender\src\server\Server.java. Using fallback presentation compiler.
2026.05.02 02:39:19 INFO  no build target found for C:\Users\Mouhammad Toure\Videos\BookRecommender\BookRecommender\src\server\Server.java. Using fallback presentation compiler.
2026.05.02 02:39:19 INFO  no build target found for C:\Users\Mouhammad Toure\Videos\BookRecommender\BookRecommender\src\server\Server.java. Using fallback presentation compiler.
mag 02, 2026 2:39:19 AM org.eclipse.lsp4j.jsonrpc.RemoteEndpoint handleCancellation
AVVERTENZA: Unmatched cancel notification for request id 335
mag 02, 2026 2:39:19 AM org.eclipse.lsp4j.jsonrpc.RemoteEndpoint handleCancellation
AVVERTENZA: Unmatched cancel notification for request id 336
mag 02, 2026 2:39:19 AM org.eclipse.lsp4j.jsonrpc.RemoteEndpoint handleCancellation
AVVERTENZA: Unmatched cancel notification for request id 338
mag 02, 2026 2:39:19 AM org.eclipse.lsp4j.jsonrpc.RemoteEndpoint handleCancellation
AVVERTENZA: Unmatched cancel notification for request id 339
2026.05.02 02:39:19 INFO  no build target found for C:\Users\Mouhammad Toure\Videos\BookRecommender\BookRecommender\src\server\Server.java. Using fallback presentation compiler.
2026.05.02 02:39:20 WARN  Running javac-semanticdb failed for file:///C:/Users/Mouhammad%20Toure/Videos/BookRecommender/BookRecommender/src/server/Server.java. Output:

mag 02, 2026 2:39:20 AM org.eclipse.lsp4j.jsonrpc.RemoteEndpoint handleCancellation
AVVERTENZA: Unmatched cancel notification for request id 340
2026.05.02 02:39:20 INFO  QDox parse error in file:///C:/Users/Mouhammad%20Toure/Videos/BookRecommender/BookRecommender/src/server/Server.java (full report at: "C:\Users\Mouhammad Toure\Videos\BookRecommender\.metals\.reports\metals-full\2026-05-02\r_qdox-error_02-39-16-184.md")
mag 02, 2026 2:39:20 AM org.eclipse.lsp4j.jsonrpc.RemoteEndpoint handleCancellation
AVVERTENZA: Unmatched cancel notification for request id 341
2026.05.02 02:39:20 WARN  no build target for: C:\Users\Mouhammad Toure\Videos\BookRecommender\BookRecommender\src\server\Server.java
2026.05.02 02:39:20 INFO  no build target found for C:\Users\Mouhammad Toure\Videos\BookRecommender\BookRecommender\src\server\Server.java. Using fallback presentation compiler.
mag 02, 2026 2:39:21 AM org.eclipse.lsp4j.jsonrpc.RemoteEndpoint handleCancellation
AVVERTENZA: Unmatched cancel notification for request id 344
mag 02, 2026 2:39:21 AM org.eclipse.lsp4j.jsonrpc.RemoteEndpoint handleCancellation
AVVERTENZA: Unmatched cancel notification for request id 345
mag 02, 2026 2:39:21 AM org.eclipse.lsp4j.jsonrpc.RemoteEndpoint handleCancellation
AVVERTENZA: Unmatched cancel notification for request id 342
2026.05.02 02:39:20 INFO  no build target found for C:\Users\Mouhammad Toure\Videos\BookRecommender\BookRecommender\src\server\Server.java. Using fallback presentation compiler.
mag 02, 2026 2:39:21 AM org.eclipse.lsp4j.jsonrpc.RemoteEndpoint handleCancellation
AVVERTENZA: Unmatched cancel notification for request id 343
2026.05.02 02:39:20 INFO  no build target found for C:\Users\Mouhammad Toure\Videos\BookRecommender\BookRecommender\src\server\Server.java. Using fallback presentation compiler.
mag 02, 2026 2:39:21 AM org.eclipse.lsp4j.jsonrpc.RemoteEndpoint handleCancellation
AVVERTENZA: Unmatched cancel notification for request id 347
2026.05.02 02:39:21 INFO  no build target found for C:\Users\Mouhammad Toure\Videos\BookRecommender\BookRecommender\src\server\Server.java. Using fallback presentation compiler.
2026.05.02 02:39:21 WARN  no build target for: C:\Users\Mouhammad Toure\Videos\BookRecommender\BookRecommender\src\server\Server.java
2026.05.02 02:39:21 INFO  QDox parse error in file:///C:/Users/Mouhammad%20Toure/Videos/BookRecommender/BookRecommender/src/server/Server.java (full report at: "C:\Users\Mouhammad Toure\Videos\BookRecommender\.metals\.reports\metals-full\2026-05-02\r_qdox-error_02-39-16-184.md")
2026.05.02 02:39:21 WARN  Running javac-semanticdb failed for file:///C:/Users/Mouhammad%20Toure/Videos/BookRecommender/BookRecommender/src/server/Server.java. Output:

2026.05.02 02:39:24 INFO  no build target found for C:\Users\Mouhammad Toure\Videos\BookRecommender\BookRecommender\src\server\Server.java. Using fallback presentation compiler.
2026.05.02 02:39:24 INFO  no build target found for C:\Users\Mouhammad Toure\Videos\BookRecommender\BookRecommender\src\server\Server.java. Using fallback presentation compiler.
2026.05.02 02:39:24 INFO  no build target found for C:\Users\Mouhammad Toure\Videos\BookRecommender\BookRecommender\src\server\Server.java. Using fallback presentation compiler.
mag 02, 2026 2:39:24 AM org.eclipse.lsp4j.jsonrpc.RemoteEndpoint handleCancellation
AVVERTENZA: Unmatched cancel notification for request id 356
2026.05.02 02:39:24 WARN  Running javac-semanticdb failed for file:///C:/Users/Mouhammad%20Toure/Videos/BookRecommender/BookRecommender/src/server/Server.java. Output:

2026.05.02 02:39:25 WARN  no build target for: C:\Users\Mouhammad Toure\Videos\BookRecommender\BookRecommender\src\server\Server.java
2026.05.02 02:39:25 INFO  QDox parse error in file:///C:/Users/Mouhammad%20Toure/Videos/BookRecommender/BookRecommender/src/server/Server.java (full report at: "C:\Users\Mouhammad Toure\Videos\BookRecommender\.metals\.reports\metals-full\2026-05-02\r_qdox-error_02-39-16-184.md")
2026.05.02 02:39:25 INFO  no build target found for C:\Users\Mouhammad Toure\Videos\BookRecommender\BookRecommender\src\server\Server.java. Using fallback presentation compiler.
2026.05.02 02:39:25 INFO  no build target found for C:\Users\Mouhammad Toure\Videos\BookRecommender\BookRecommender\src\server\Server.java. Using fallback presentation compiler.
2026.05.02 02:39:27 INFO  no build target found for C:\Users\Mouhammad Toure\Videos\BookRecommender\BookRecommender\src\server\Server.java. Using fallback presentation compiler.
2026.05.02 02:39:43 INFO  no build target found for C:\Users\Mouhammad Toure\Videos\BookRecommender\BookRecommender\src\server\Server.java. Using fallback presentation compiler.
2026.05.02 02:39:43 INFO  no build target found for C:\Users\Mouhammad Toure\Videos\BookRecommender\BookRecommender\src\server\Server.java. Using fallback presentation compiler.
2026.05.02 02:39:44 WARN  Running javac-semanticdb failed for file:///C:/Users/Mouhammad%20Toure/Videos/BookRecommender/BookRecommender/src/server/Server.java. Output:

2026.05.02 02:39:44 WARN  no build target for: C:\Users\Mouhammad Toure\Videos\BookRecommender\BookRecommender\src\server\Server.java
2026.05.02 02:39:44 INFO  no build target found for C:\Users\Mouhammad Toure\Videos\BookRecommender\BookRecommender\src\server\Server.java. Using fallback presentation compiler.
2026.05.02 02:39:46 INFO  no build target found for C:\Users\Mouhammad Toure\Videos\BookRecommender\BookRecommender\src\server\Server.java. Using fallback presentation compiler.
2026.05.02 02:39:48 INFO  no build target found for C:\Users\Mouhammad Toure\Videos\BookRecommender\BookRecommender\src\server\Server.java. Using fallback presentation compiler.
2026.05.02 02:39:48 INFO  no build target found for C:\Users\Mouhammad Toure\Videos\BookRecommender\BookRecommender\src\server\Server.java. Using fallback presentation compiler.
2026.05.02 02:39:51 INFO  no build target found for C:\Users\Mouhammad Toure\Videos\BookRecommender\BookRecommender\src\server\Server.java. Using fallback presentation compiler.
2026.05.02 02:39:51 INFO  no build target found for C:\Users\Mouhammad Toure\Videos\BookRecommender\BookRecommender\src\server\Server.java. Using fallback presentation compiler.
2026.05.02 02:39:52 WARN  no build target for: C:\Users\Mouhammad Toure\Videos\BookRecommender\BookRecommender\src\server\Server.java
2026.05.02 02:39:52 INFO  no build target found for C:\Users\Mouhammad Toure\Videos\BookRecommender\BookRecommender\src\server\Server.java. Using fallback presentation compiler.
2026.05.02 02:39:52 WARN  Running javac-semanticdb failed for file:///C:/Users/Mouhammad%20Toure/Videos/BookRecommender/BookRecommender/src/server/Server.java. Output:

2026.05.02 02:39:52 INFO  QDox parse error in file:///C:/Users/Mouhammad%20Toure/Videos/BookRecommender/BookRecommender/src/server/Server.java (full report at: "C:\Users\Mouhammad Toure\Videos\BookRecommender\.metals\.reports\metals-full\2026-05-02\r_qdox-error_02-39-16-184.md")
2026.05.02 02:39:54 INFO  no build target found for C:\Users\Mouhammad Toure\Videos\BookRecommender\BookRecommender\src\server\Server.java. Using fallback presentation compiler.
2026.05.02 02:39:54 INFO  no build target found for C:\Users\Mouhammad Toure\Videos\BookRecommender\BookRecommender\src\server\Server.java. Using fallback presentation compiler.
2026.05.02 02:39:54 INFO  no build target found for C:\Users\Mouhammad Toure\Videos\BookRecommender\BookRecommender\src\server\Server.java. Using fallback presentation compiler.
2026.05.02 02:39:54 WARN  Running javac-semanticdb failed for file:///C:/Users/Mouhammad%20Toure/Videos/BookRecommender/BookRecommender/src/server/Server.java. Output:

2026.05.02 02:39:54 WARN  no build target for: C:\Users\Mouhammad Toure\Videos\BookRecommender\BookRecommender\src\server\Server.java
2026.05.02 02:39:54 INFO  no build target found for C:\Users\Mouhammad Toure\Videos\BookRecommender\BookRecommender\src\server\Server.java. Using fallback presentation compiler.
2026.05.02 02:39:55 INFO  no build target found for C:\Users\Mouhammad Toure\Videos\BookRecommender\BookRecommender\src\server\Server.java. Using fallback presentation compiler.
mag 02, 2026 2:39:55 AM org.eclipse.lsp4j.jsonrpc.RemoteEndpoint handleCancellation
AVVERTENZA: Unmatched cancel notification for request id 389
2026.05.02 02:39:55 INFO  no build target found for C:\Users\Mouhammad Toure\Videos\BookRecommender\BookRecommender\src\server\Server.java. Using fallback presentation compiler.
2026.05.02 02:39:58 INFO  no build target found for C:\Users\Mouhammad Toure\Videos\BookRecommender\BookRecommender\src\server\Server.java. Using fallback presentation compiler.
2026.05.02 02:40:00 INFO  no build target found for C:\Users\Mouhammad Toure\Videos\BookRecommender\BookRecommender\src\server\Server.java. Using fallback presentation compiler.
2026.05.02 02:40:00 INFO  no build target found for C:\Users\Mouhammad Toure\Videos\BookRecommender\BookRecommender\src\server\Server.java. Using fallback presentation compiler.
2026.05.02 02:40:00 INFO  no build target found for C:\Users\Mouhammad Toure\Videos\BookRecommender\BookRecommender\src\server\Server.java. Using fallback presentation compiler.
2026.05.02 02:40:01 INFO  no build target found for C:\Users\Mouhammad Toure\Videos\BookRecommender\BookRecommender\src\server\Server.java. Using fallback presentation compiler.
2026.05.02 02:40:01 INFO  no build target found for C:\Users\Mouhammad Toure\Videos\BookRecommender\BookRecommender\src\server\Server.java. Using fallback presentation compiler.
2026.05.02 02:40:03 INFO  no build target found for C:\Users\Mouhammad Toure\Videos\BookRecommender\BookRecommender\src\server\Server.java. Using fallback presentation compiler.
2026.05.02 02:40:03 INFO  no build target found for C:\Users\Mouhammad Toure\Videos\BookRecommender\BookRecommender\src\server\Server.java. Using fallback presentation compiler.
2026.05.02 02:40:03 INFO  no build target found for C:\Users\Mouhammad Toure\Videos\BookRecommender\BookRecommender\src\server\Server.java. Using fallback presentation compiler.
2026.05.02 02:42:26 INFO  no build target found for C:\Users\Mouhammad Toure\Videos\BookRecommender\BookRecommender\src\server\Server.java. Using fallback presentation compiler.
2026.05.02 02:54:35 INFO  no build target found for C:\Users\Mouhammad Toure\Videos\BookRecommender\BookRecommender\src\server\Server.java. Using fallback presentation compiler.
2026.05.02 02:54:36 INFO  no build target found for C:\Users\Mouhammad Toure\Videos\BookRecommender\BookRecommender\src\server\Server.java. Using fallback presentation compiler.
2026.05.02 02:54:37 INFO  no build target found for C:\Users\Mouhammad Toure\Videos\BookRecommender\BookRecommender\src\server\Server.java. Using fallback presentation compiler.
2026.05.02 02:54:37 INFO  no build target found for C:\Users\Mouhammad Toure\Videos\BookRecommender\BookRecommender\src\server\Server.java. Using fallback presentation compiler.
2026.05.02 02:55:45 INFO  no build target found for C:\Users\Mouhammad Toure\Videos\BookRecommender\BookRecommender\src\server\Server.java. Using fallback presentation compiler.
2026.05.02 02:55:45 INFO  no build target found for C:\Users\Mouhammad Toure\Videos\BookRecommender\BookRecommender\src\server\Server.java. Using fallback presentation compiler.
mag 02, 2026 2:55:47 AM org.eclipse.lsp4j.jsonrpc.RemoteEndpoint handleCancellation
AVVERTENZA: Unmatched cancel notification for request id 449
2026.05.02 02:55:48 INFO  no build target found for C:\Users\Mouhammad Toure\Videos\BookRecommender\BookRecommender\src\server\Server.java. Using fallback presentation compiler.
2026.05.02 02:55:53 INFO  no build target found for C:\Users\Mouhammad Toure\Videos\BookRecommender\BookRecommender\src\server\Server.java. Using fallback presentation compiler.
2026.05.02 02:55:53 INFO  no build target found for C:\Users\Mouhammad Toure\Videos\BookRecommender\BookRecommender\src\server\Server.java. Using fallback presentation compiler.
2026.05.02 02:55:54 INFO  no build target found for C:\Users\Mouhammad Toure\Videos\BookRecommender\BookRecommender\src\server\Server.java. Using fallback presentation compiler.
2026.05.02 02:55:56 INFO  no build target found for C:\Users\Mouhammad Toure\Videos\BookRecommender\BookRecommender\src\server\Server.java. Using fallback presentation compiler.
2026.05.02 02:55:57 WARN  Running javac-semanticdb failed for file:///C:/Users/Mouhammad%20Toure/Videos/BookRecommender/BookRecommender/src/server/Server.java. Output:

2026.05.02 02:55:57 INFO  no build target found for C:\Users\Mouhammad Toure\Videos\BookRecommender\BookRecommender\src\server\Server.java. Using fallback presentation compiler.
mag 02, 2026 2:55:57 AM org.eclipse.lsp4j.jsonrpc.RemoteEndpoint handleCancellation
AVVERTENZA: Unmatched cancel notification for request id 459
mag 02, 2026 2:55:57 AM org.eclipse.lsp4j.jsonrpc.RemoteEndpoint handleCancellation
AVVERTENZA: Unmatched cancel notification for request id 460
mag 02, 2026 2:55:57 AM org.eclipse.lsp4j.jsonrpc.RemoteEndpoint handleCancellation
AVVERTENZA: Unmatched cancel notification for request id 461
2026.05.02 02:55:57 INFO  no build target found for C:\Users\Mouhammad Toure\Videos\BookRecommender\BookRecommender\src\server\Server.java. Using fallback presentation compiler.
mag 02, 2026 2:55:58 AM org.eclipse.lsp4j.jsonrpc.RemoteEndpoint handleCancellation
AVVERTENZA: Unmatched cancel notification for request id 464
2026.05.02 02:55:58 WARN  Running javac-semanticdb failed for file:///C:/Users/Mouhammad%20Toure/Videos/BookRecommender/BookRecommender/src/server/Server.java. Output:

2026.05.02 02:55:59 WARN  no build target for: C:\Users\Mouhammad Toure\Videos\BookRecommender\BookRecommender\src\server\Server.java
2026.05.02 02:55:59 INFO  no build target found for C:\Users\Mouhammad Toure\Videos\BookRecommender\BookRecommender\src\server\Server.java. Using fallback presentation compiler.
2026.05.02 02:56:01 INFO  no build target found for C:\Users\Mouhammad Toure\Videos\BookRecommender\BookRecommender\src\server\Server.java. Using fallback presentation compiler.
2026.05.02 02:56:01 INFO  no build target found for C:\Users\Mouhammad Toure\Videos\BookRecommender\BookRecommender\src\server\Server.java. Using fallback presentation compiler.
2026.05.02 02:56:02 WARN  Running javac-semanticdb failed for file:///C:/Users/Mouhammad%20Toure/Videos/BookRecommender/BookRecommender/src/server/Server.java. Output:

2026.05.02 02:56:02 INFO  no build target found for C:\Users\Mouhammad Toure\Videos\BookRecommender\BookRecommender\src\server\Server.java. Using fallback presentation compiler.
mag 02, 2026 2:56:02 AM org.eclipse.lsp4j.jsonrpc.RemoteEndpoint handleCancellation
AVVERTENZA: Unmatched cancel notification for request id 471
2026.05.02 02:56:03 WARN  no build target for: C:\Users\Mouhammad Toure\Videos\BookRecommender\BookRecommender\src\server\Server.java
2026.05.02 02:56:03 INFO  no build target found for C:\Users\Mouhammad Toure\Videos\BookRecommender\BookRecommender\src\server\Server.java. Using fallback presentation compiler.
mag 02, 2026 2:56:03 AM org.eclipse.lsp4j.jsonrpc.RemoteEndpoint handleCancellation
AVVERTENZA: Unmatched cancel notification for request id 476
2026.05.02 02:56:03 INFO  no build target found for C:\Users\Mouhammad Toure\Videos\BookRecommender\BookRecommender\src\server\Server.java. Using fallback presentation compiler.
2026.05.02 02:56:03 INFO  no build target found for C:\Users\Mouhammad Toure\Videos\BookRecommender\BookRecommender\src\server\Server.java. Using fallback presentation compiler.
2026.05.02 02:56:04 INFO  no build target found for C:\Users\Mouhammad Toure\Videos\BookRecommender\BookRecommender\src\server\Server.java. Using fallback presentation compiler.
2026.05.02 02:56:04 WARN  no build target for: C:\Users\Mouhammad Toure\Videos\BookRecommender\BookRecommender\src\server\Server.java
2026.05.02 02:56:05 INFO  no build target found for C:\Users\Mouhammad Toure\Videos\BookRecommender\BookRecommender\src\server\Server.java. Using fallback presentation compiler.
2026.05.02 02:56:05 INFO  no build target found for C:\Users\Mouhammad Toure\Videos\BookRecommender\BookRecommender\src\server\Server.java. Using fallback presentation compiler.
2026.05.02 02:56:05 WARN  Running javac-semanticdb failed for file:///C:/Users/Mouhammad%20Toure/Videos/BookRecommender/BookRecommender/src/server/Server.java. Output:

2026.05.02 02:56:07 INFO  no build target found for C:\Users\Mouhammad Toure\Videos\BookRecommender\BookRecommender\src\server\Server.java. Using fallback presentation compiler.
mag 02, 2026 2:56:07 AM org.eclipse.lsp4j.jsonrpc.RemoteEndpoint handleCancellation
AVVERTENZA: Unmatched cancel notification for request id 486
2026.05.02 02:56:07 INFO  no build target found for C:\Users\Mouhammad Toure\Videos\BookRecommender\BookRecommender\src\server\Server.java. Using fallback presentation compiler.
2026.05.02 02:56:07 INFO  no build target found for C:\Users\Mouhammad Toure\Videos\BookRecommender\BookRecommender\src\server\Server.java. Using fallback presentation compiler.
2026.05.02 02:56:07 INFO  no build target found for C:\Users\Mouhammad Toure\Videos\BookRecommender\BookRecommender\src\server\Server.java. Using fallback presentation compiler.
mag 02, 2026 2:56:08 AM org.eclipse.lsp4j.jsonrpc.RemoteEndpoint handleCancellation
AVVERTENZA: Unmatched cancel notification for request id 488
2026.05.02 02:56:08 INFO  no build target found for C:\Users\Mouhammad Toure\Videos\BookRecommender\BookRecommender\src\server\Server.java. Using fallback presentation compiler.
2026.05.02 02:56:10 INFO  no build target found for C:\Users\Mouhammad Toure\Videos\BookRecommender\BookRecommender\src\server\Server.java. Using fallback presentation compiler.
2026.05.02 02:56:12 INFO  no build target found for C:\Users\Mouhammad Toure\Videos\BookRecommender\BookRecommender\src\server\Server.java. Using fallback presentation compiler.
2026.05.02 02:56:13 WARN  no build target for: C:\Users\Mouhammad Toure\Videos\BookRecommender\BookRecommender\src\server\Server.java
2026.05.02 02:56:13 INFO  no build target found for C:\Users\Mouhammad Toure\Videos\BookRecommender\BookRecommender\src\server\Server.java. Using fallback presentation compiler.
2026.05.02 02:56:13 WARN  Running javac-semanticdb failed for file:///C:/Users/Mouhammad%20Toure/Videos/BookRecommender/BookRecommender/src/server/Server.java. Output:

2026.05.02 02:56:14 INFO  no build target found for C:\Users\Mouhammad Toure\Videos\BookRecommender\BookRecommender\src\server\Server.java. Using fallback presentation compiler.
2026.05.02 02:56:14 INFO  no build target found for C:\Users\Mouhammad Toure\Videos\BookRecommender\BookRecommender\src\server\Server.java. Using fallback presentation compiler.
2026.05.02 02:56:14 INFO  no build target found for C:\Users\Mouhammad Toure\Videos\BookRecommender\BookRecommender\src\server\Server.java. Using fallback presentation compiler.
2026.05.02 02:56:15 INFO  no build target found for C:\Users\Mouhammad Toure\Videos\BookRecommender\BookRecommender\src\server\Server.java. Using fallback presentation compiler.
2026.05.02 02:56:14 INFO  no build target found for C:\Users\Mouhammad Toure\Videos\BookRecommender\BookRecommender\src\server\Server.java. Using fallback presentation compiler.
2026.05.02 02:56:16 INFO  no build target found for C:\Users\Mouhammad Toure\Videos\BookRecommender\BookRecommender\src\server\Server.java. Using fallback presentation compiler.
2026.05.02 02:56:16 INFO  no build target found for C:\Users\Mouhammad Toure\Videos\BookRecommender\BookRecommender\src\server\Server.java. Using fallback presentation compiler.
2026.05.02 02:56:16 INFO  no build target found for C:\Users\Mouhammad Toure\Videos\BookRecommender\BookRecommender\src\server\Server.java. Using fallback presentation compiler.
mag 02, 2026 2:56:17 AM org.eclipse.lsp4j.jsonrpc.RemoteEndpoint handleCancellation
AVVERTENZA: Unmatched cancel notification for request id 506
2026.05.02 02:56:16 INFO  no build target found for C:\Users\Mouhammad Toure\Videos\BookRecommender\BookRecommender\src\server\Server.java. Using fallback presentation compiler.
2026.05.02 02:56:18 INFO  no build target found for C:\Users\Mouhammad Toure\Videos\BookRecommender\BookRecommender\src\server\Server.java. Using fallback presentation compiler.
mag 02, 2026 2:56:18 AM org.eclipse.lsp4j.jsonrpc.RemoteEndpoint handleCancellation
AVVERTENZA: Unmatched cancel notification for request id 507
2026.05.02 02:56:18 INFO  no build target found for C:\Users\Mouhammad Toure\Videos\BookRecommender\BookRecommender\src\server\Server.java. Using fallback presentation compiler.
2026.05.02 02:56:18 INFO  no build target found for C:\Users\Mouhammad Toure\Videos\BookRecommender\BookRecommender\src\server\Server.java. Using fallback presentation compiler.
mag 02, 2026 2:56:18 AM org.eclipse.lsp4j.jsonrpc.RemoteEndpoint handleCancellation
AVVERTENZA: Unmatched cancel notification for request id 508
mag 02, 2026 2:56:19 AM org.eclipse.lsp4j.jsonrpc.RemoteEndpoint handleCancellation
AVVERTENZA: Unmatched cancel notification for request id 509
mag 02, 2026 2:56:19 AM org.eclipse.lsp4j.jsonrpc.RemoteEndpoint handleCancellation
AVVERTENZA: Unmatched cancel notification for request id 510
2026.05.02 02:56:19 WARN  Running javac-semanticdb failed for file:///C:/Users/Mouhammad%20Toure/Videos/BookRecommender/BookRecommender/src/server/Server.java. Output:

2026.05.02 02:56:19 INFO  no build target found for C:\Users\Mouhammad Toure\Videos\BookRecommender\BookRecommender\src\server\Server.java. Using fallback presentation compiler.
2026.05.02 02:56:19 INFO  no build target found for C:\Users\Mouhammad Toure\Videos\BookRecommender\BookRecommender\src\server\Server.java. Using fallback presentation compiler.
2026.05.02 02:56:19 INFO  no build target found for C:\Users\Mouhammad Toure\Videos\BookRecommender\BookRecommender\src\server\Server.java. Using fallback presentation compiler.
2026.05.02 02:56:19 INFO  no build target found for C:\Users\Mouhammad Toure\Videos\BookRecommender\BookRecommender\src\server\Server.java. Using fallback presentation compiler.
2026.05.02 02:56:21 INFO  no build target found for C:\Users\Mouhammad Toure\Videos\BookRecommender\BookRecommender\src\server\Server.java. Using fallback presentation compiler.
2026.05.02 02:56:21 WARN  Running javac-semanticdb failed for file:///C:/Users/Mouhammad%20Toure/Videos/BookRecommender/BookRecommender/src/server/Server.java. Output:

2026.05.02 02:56:21 WARN  no build target for: C:\Users\Mouhammad Toure\Videos\BookRecommender\BookRecommender\src\server\Server.java
2026.05.02 02:56:21 INFO  no build target found for C:\Users\Mouhammad Toure\Videos\BookRecommender\BookRecommender\src\server\Server.java. Using fallback presentation compiler.
2026.05.02 02:56:23 INFO  no build target found for C:\Users\Mouhammad Toure\Videos\BookRecommender\BookRecommender\src\server\Server.java. Using fallback presentation compiler.
2026.05.02 02:56:26 INFO  no build target found for C:\Users\Mouhammad Toure\Videos\BookRecommender\BookRecommender\src\server\Server.java. Using fallback presentation compiler.
2026.05.02 02:56:30 INFO  no build target found for C:\Users\Mouhammad Toure\Videos\BookRecommender\BookRecommender\src\server\Server.java. Using fallback presentation compiler.
2026.05.02 02:56:30 INFO  no build target found for C:\Users\Mouhammad Toure\Videos\BookRecommender\BookRecommender\src\server\Server.java. Using fallback presentation compiler.
2026.05.02 02:56:31 WARN  Running javac-semanticdb failed for file:///C:/Users/Mouhammad%20Toure/Videos/BookRecommender/BookRecommender/src/server/Server.java. Output:

2026.05.02 02:56:31 INFO  no build target found for C:\Users\Mouhammad Toure\Videos\BookRecommender\BookRecommender\src\server\Server.java. Using fallback presentation compiler.
2026.05.02 02:56:32 WARN  no build target for: C:\Users\Mouhammad Toure\Videos\BookRecommender\BookRecommender\src\server\Server.java
2026.05.02 02:56:32 INFO  no build target found for C:\Users\Mouhammad Toure\Videos\BookRecommender\BookRecommender\src\server\Server.java. Using fallback presentation compiler.
2026.05.02 02:56:34 INFO  no build target found for C:\Users\Mouhammad Toure\Videos\BookRecommender\BookRecommender\src\server\Server.java. Using fallback presentation compiler.
2026.05.02 02:56:34 INFO  no build target found for C:\Users\Mouhammad Toure\Videos\BookRecommender\BookRecommender\src\server\Server.java. Using fallback presentation compiler.
2026.05.02 02:56:35 INFO  no build target found for C:\Users\Mouhammad Toure\Videos\BookRecommender\BookRecommender\src\server\Server.java. Using fallback presentation compiler.
2026.05.02 02:56:35 WARN  Running javac-semanticdb failed for file:///C:/Users/Mouhammad%20Toure/Videos/BookRecommender/BookRecommender/src/server/Server.java. Output:

2026.05.02 02:56:35 WARN  no build target for: C:\Users\Mouhammad Toure\Videos\BookRecommender\BookRecommender\src\server\Server.java
2026.05.02 02:56:35 INFO  no build target found for C:\Users\Mouhammad Toure\Videos\BookRecommender\BookRecommender\src\server\Server.java. Using fallback presentation compiler.
2026.05.02 02:56:36 INFO  no build target found for C:\Users\Mouhammad Toure\Videos\BookRecommender\BookRecommender\src\server\Server.java. Using fallback presentation compiler.
2026.05.02 02:56:36 INFO  no build target found for C:\Users\Mouhammad Toure\Videos\BookRecommender\BookRecommender\src\server\Server.java. Using fallback presentation compiler.
2026.05.02 02:56:37 INFO  no build target found for C:\Users\Mouhammad Toure\Videos\BookRecommender\BookRecommender\src\server\Server.java. Using fallback presentation compiler.
2026.05.02 02:56:44 INFO  no build target found for C:\Users\Mouhammad Toure\Videos\BookRecommender\BookRecommender\src\server\Server.java. Using fallback presentation compiler.
mag 02, 2026 2:56:44 AM org.eclipse.lsp4j.jsonrpc.RemoteEndpoint handleCancellation
AVVERTENZA: Unmatched cancel notification for request id 567
2026.05.02 02:56:44 INFO  no build target found for C:\Users\Mouhammad Toure\Videos\BookRecommender\BookRecommender\src\server\Server.java. Using fallback presentation compiler.
2026.05.02 02:56:44 INFO  no build target found for C:\Users\Mouhammad Toure\Videos\BookRecommender\BookRecommender\src\server\Server.java. Using fallback presentation compiler.
2026.05.02 02:56:45 INFO  no build target found for C:\Users\Mouhammad Toure\Videos\BookRecommender\BookRecommender\src\server\Server.java. Using fallback presentation compiler.
2026.05.02 02:56:45 INFO  no build target found for C:\Users\Mouhammad Toure\Videos\BookRecommender\BookRecommender\src\server\Server.java. Using fallback presentation compiler.
2026.05.02 02:56:45 INFO  no build target found for C:\Users\Mouhammad Toure\Videos\BookRecommender\BookRecommender\src\server\Server.java. Using fallback presentation compiler.
2026.05.02 02:56:54 INFO  no build target found for C:\Users\Mouhammad Toure\Videos\BookRecommender\BookRecommender\src\server\Server.java. Using fallback presentation compiler.
mag 02, 2026 2:56:54 AM org.eclipse.lsp4j.jsonrpc.RemoteEndpoint handleCancellation
AVVERTENZA: Unmatched cancel notification for request id 574
2026.05.02 02:56:54 INFO  no build target found for C:\Users\Mouhammad Toure\Videos\BookRecommender\BookRecommender\src\server\Server.java. Using fallback presentation compiler.
2026.05.02 02:56:55 INFO  no build target found for C:\Users\Mouhammad Toure\Videos\BookRecommender\BookRecommender\src\server\Server.java. Using fallback presentation compiler.
2026.05.02 02:57:04 INFO  no build target found for C:\Users\Mouhammad Toure\Videos\BookRecommender\BookRecommender\src\server\Server.java. Using fallback presentation compiler.
2026.05.02 02:57:04 INFO  no build target found for C:\Users\Mouhammad Toure\Videos\BookRecommender\BookRecommender\src\server\Server.java. Using fallback presentation compiler.
mag 02, 2026 2:57:04 AM org.eclipse.lsp4j.jsonrpc.RemoteEndpoint handleCancellation
AVVERTENZA: Unmatched cancel notification for request id 583
2026.05.02 02:57:04 INFO  no build target found for C:\Users\Mouhammad Toure\Videos\BookRecommender\BookRecommender\src\server\Server.java. Using fallback presentation compiler.
2026.05.02 02:57:04 INFO  no build target found for C:\Users\Mouhammad Toure\Videos\BookRecommender\BookRecommender\src\server\Server.java. Using fallback presentation compiler.
mag 02, 2026 2:57:05 AM org.eclipse.lsp4j.jsonrpc.RemoteEndpoint handleCancellation
AVVERTENZA: Unmatched cancel notification for request id 588
2026.05.02 02:57:05 INFO  no build target found for C:\Users\Mouhammad Toure\Videos\BookRecommender\BookRecommender\src\server\Server.java. Using fallback presentation compiler.
2026.05.02 02:57:07 INFO  no build target found for C:\Users\Mouhammad Toure\Videos\BookRecommender\BookRecommender\src\server\Server.java. Using fallback presentation compiler.
2026.05.02 02:57:08 INFO  no build target found for C:\Users\Mouhammad Toure\Videos\BookRecommender\BookRecommender\src\server\Server.java. Using fallback presentation compiler.
2026.05.02 02:57:09 INFO  no build target found for C:\Users\Mouhammad Toure\Videos\BookRecommender\BookRecommender\src\server\Server.java. Using fallback presentation compiler.
mag 02, 2026 2:57:09 AM org.eclipse.lsp4j.jsonrpc.RemoteEndpoint handleCancellation
AVVERTENZA: Unmatched cancel notification for request id 592
2026.05.02 02:57:09 INFO  no build target found for C:\Users\Mouhammad Toure\Videos\BookRecommender\BookRecommender\src\server\Server.java. Using fallback presentation compiler.
2026.05.02 02:57:10 WARN  no build target for: C:\Users\Mouhammad Toure\Videos\BookRecommender\BookRecommender\src\server\Server.java
mag 02, 2026 2:57:10 AM org.eclipse.lsp4j.jsonrpc.RemoteEndpoint handleCancellation
AVVERTENZA: Unmatched cancel notification for request id 596
mag 02, 2026 2:57:10 AM org.eclipse.lsp4j.jsonrpc.RemoteEndpoint handleCancellation
AVVERTENZA: Unmatched cancel notification for request id 595
2026.05.02 02:57:09 INFO  no build target found for C:\Users\Mouhammad Toure\Videos\BookRecommender\BookRecommender\src\server\Server.java. Using fallback presentation compiler.
2026.05.02 02:57:10 WARN  Running javac-semanticdb failed for file:///C:/Users/Mouhammad%20Toure/Videos/BookRecommender/BookRecommender/src/server/Server.java. Output:

2026.05.02 02:57:10 INFO  no build target found for C:\Users\Mouhammad Toure\Videos\BookRecommender\BookRecommender\src\server\Server.java. Using fallback presentation compiler.
2026.05.02 02:57:11 INFO  no build target found for C:\Users\Mouhammad Toure\Videos\BookRecommender\BookRecommender\src\server\Server.java. Using fallback presentation compiler.
2026.05.02 02:57:11 INFO  no build target found for C:\Users\Mouhammad Toure\Videos\BookRecommender\BookRecommender\src\server\Server.java. Using fallback presentation compiler.
2026.05.02 02:57:20 INFO  no build target found for C:\Users\Mouhammad Toure\Videos\BookRecommender\BookRecommender\src\server\Server.java. Using fallback presentation compiler.
2026.05.02 02:57:20 INFO  no build target found for C:\Users\Mouhammad Toure\Videos\BookRecommender\BookRecommender\src\server\Server.java. Using fallback presentation compiler.
2026.05.02 02:57:21 INFO  no build target found for C:\Users\Mouhammad Toure\Videos\BookRecommender\BookRecommender\src\server\Server.java. Using fallback presentation compiler.
2026.05.02 02:57:21 WARN  Running javac-semanticdb failed for file:///C:/Users/Mouhammad%20Toure/Videos/BookRecommender/BookRecommender/src/server/Server.java. Output:

2026.05.02 02:57:21 WARN  no build target for: C:\Users\Mouhammad Toure\Videos\BookRecommender\BookRecommender\src\server\Server.java
2026.05.02 02:57:21 INFO  no build target found for C:\Users\Mouhammad Toure\Videos\BookRecommender\BookRecommender\src\server\Server.java. Using fallback presentation compiler.
2026.05.02 02:57:22 INFO  QDox parse error in file:///C:/Users/Mouhammad%20Toure/Videos/BookRecommender/BookRecommender/src/server/Server.java (full report at: "C:\Users\Mouhammad Toure\Videos\BookRecommender\.metals\.reports\metals-full\2026-05-02\r_qdox-error_02-39-16-184.md")
2026.05.02 02:57:22 INFO  no build target found for C:\Users\Mouhammad Toure\Videos\BookRecommender\BookRecommender\src\server\Server.java. Using fallback presentation compiler.
mag 02, 2026 2:57:23 AM org.eclipse.lsp4j.jsonrpc.RemoteEndpoint handleCancellation
AVVERTENZA: Unmatched cancel notification for request id 617
2026.05.02 02:57:24 INFO  no build target found for C:\Users\Mouhammad Toure\Videos\BookRecommender\BookRecommender\src\server\Server.java. Using fallback presentation compiler.
2026.05.02 02:57:24 INFO  no build target found for C:\Users\Mouhammad Toure\Videos\BookRecommender\BookRecommender\src\server\Server.java. Using fallback presentation compiler.
2026.05.02 02:57:24 INFO  no build target found for C:\Users\Mouhammad Toure\Videos\BookRecommender\BookRecommender\src\server\Server.java. Using fallback presentation compiler.
mag 02, 2026 2:57:25 AM org.eclipse.lsp4j.jsonrpc.RemoteEndpoint handleCancellation
AVVERTENZA: Unmatched cancel notification for request id 618
2026.05.02 02:57:25 INFO  no build target found for C:\Users\Mouhammad Toure\Videos\BookRecommender\BookRecommender\src\server\Server.java. Using fallback presentation compiler.
2026.05.02 02:57:25 INFO  no build target found for C:\Users\Mouhammad Toure\Videos\BookRecommender\BookRecommender\src\server\Server.java. Using fallback presentation compiler.
mag 02, 2026 2:57:25 AM org.eclipse.lsp4j.jsonrpc.RemoteEndpoint handleCancellation
AVVERTENZA: Unmatched cancel notification for request id 624
2026.05.02 02:57:26 WARN  no build target for: C:\Users\Mouhammad Toure\Videos\BookRecommender\BookRecommender\src\server\Server.java
2026.05.02 02:57:25 INFO  no build target found for C:\Users\Mouhammad Toure\Videos\BookRecommender\BookRecommender\src\server\Server.java. Using fallback presentation compiler.
2026.05.02 02:57:26 INFO  no build target found for C:\Users\Mouhammad Toure\Videos\BookRecommender\BookRecommender\src\server\Server.java. Using fallback presentation compiler.
2026.05.02 02:57:26 WARN  Running javac-semanticdb failed for file:///C:/Users/Mouhammad%20Toure/Videos/BookRecommender/BookRecommender/src/server/Server.java. Output:

2026.05.02 02:57:26 INFO  time: code lens generation in 1.63s
mag 02, 2026 2:57:27 AM org.eclipse.lsp4j.jsonrpc.RemoteEndpoint handleCancellation
AVVERTENZA: Unmatched cancel notification for request id 631
2026.05.02 02:57:26 INFO  no build target found for C:\Users\Mouhammad Toure\Videos\BookRecommender\BookRecommender\src\server\Server.java. Using fallback presentation compiler.
2026.05.02 02:57:26 INFO  no build target found for C:\Users\Mouhammad Toure\Videos\BookRecommender\BookRecommender\src\server\Server.java. Using fallback presentation compiler.
2026.05.02 02:57:28 INFO  no build target found for C:\Users\Mouhammad Toure\Videos\BookRecommender\BookRecommender\src\server\Server.java. Using fallback presentation compiler.
2026.05.02 02:57:36 INFO  no build target found for C:\Users\Mouhammad Toure\Videos\BookRecommender\BookRecommender\src\server\Server.java. Using fallback presentation compiler.
2026.05.02 02:57:37 INFO  no build target found for C:\Users\Mouhammad Toure\Videos\BookRecommender\BookRecommender\src\server\Server.java. Using fallback presentation compiler.
2026.05.02 02:57:37 INFO  no build target found for C:\Users\Mouhammad Toure\Videos\BookRecommender\BookRecommender\src\server\Server.java. Using fallback presentation compiler.
2026.05.02 02:57:37 INFO  no build target found for C:\Users\Mouhammad Toure\Videos\BookRecommender\BookRecommender\src\server\Server.java. Using fallback presentation compiler.
2026.05.02 02:57:37 INFO  no build target found for C:\Users\Mouhammad Toure\Videos\BookRecommender\BookRecommender\src\server\Server.java. Using fallback presentation compiler.
2026.05.02 02:57:39 INFO  no build target found for C:\Users\Mouhammad Toure\Videos\BookRecommender\BookRecommender\src\server\Server.java. Using fallback presentation compiler.
2026.05.02 02:57:39 INFO  no build target found for C:\Users\Mouhammad Toure\Videos\BookRecommender\BookRecommender\src\server\Server.java. Using fallback presentation compiler.
2026.05.02 02:57:39 INFO  no build target found for C:\Users\Mouhammad Toure\Videos\BookRecommender\BookRecommender\src\server\Server.java. Using fallback presentation compiler.
2026.05.02 02:57:45 INFO  no build target found for C:\Users\Mouhammad Toure\Videos\BookRecommender\BookRecommender\src\server\Server.java. Using fallback presentation compiler.
2026.05.02 02:57:48 INFO  no build target found for C:\Users\Mouhammad Toure\Videos\BookRecommender\BookRecommender\src\server\Server.java. Using fallback presentation compiler.
2026.05.02 02:57:49 INFO  no build target found for C:\Users\Mouhammad Toure\Videos\BookRecommender\BookRecommender\src\server\Server.java. Using fallback presentation compiler.
2026.05.02 02:57:50 INFO  no build target found for C:\Users\Mouhammad Toure\Videos\BookRecommender\BookRecommender\src\server\Server.java. Using fallback presentation compiler.
2026.05.02 02:57:50 WARN  Running javac-semanticdb failed for file:///C:/Users/Mouhammad%20Toure/Videos/BookRecommender/BookRecommender/src/server/Server.java. Output:

2026.05.02 02:57:50 WARN  no build target for: C:\Users\Mouhammad Toure\Videos\BookRecommender\BookRecommender\src\server\Server.java
2026.05.02 02:57:50 INFO  no build target found for C:\Users\Mouhammad Toure\Videos\BookRecommender\BookRecommender\src\server\Server.java. Using fallback presentation compiler.
2026.05.02 02:57:51 INFO  no build target found for C:\Users\Mouhammad Toure\Videos\BookRecommender\BookRecommender\src\server\Server.java. Using fallback presentation compiler.
2026.05.02 02:57:51 INFO  no build target found for C:\Users\Mouhammad Toure\Videos\BookRecommender\BookRecommender\src\server\Server.java. Using fallback presentation compiler.
2026.05.02 02:57:54 INFO  no build target found for C:\Users\Mouhammad Toure\Videos\BookRecommender\BookRecommender\src\server\Server.java. Using fallback presentation compiler.
mag 02, 2026 2:57:54 AM org.eclipse.lsp4j.jsonrpc.RemoteEndpoint handleCancellation
AVVERTENZA: Unmatched cancel notification for request id 660
2026.05.02 02:57:54 INFO  no build target found for C:\Users\Mouhammad Toure\Videos\BookRecommender\BookRecommender\src\server\Server.java. Using fallback presentation compiler.
2026.05.02 02:57:56 INFO  no build target found for C:\Users\Mouhammad Toure\Videos\BookRecommender\BookRecommender\src\server\Server.java. Using fallback presentation compiler.
mag 02, 2026 2:57:56 AM org.eclipse.lsp4j.jsonrpc.RemoteEndpoint handleCancellation
AVVERTENZA: Unmatched cancel notification for request id 661
mag 02, 2026 2:57:56 AM org.eclipse.lsp4j.jsonrpc.RemoteEndpoint handleCancellation
AVVERTENZA: Unmatched cancel notification for request id 662
2026.05.02 02:57:57 INFO  no build target found for C:\Users\Mouhammad Toure\Videos\BookRecommender\BookRecommender\src\server\Server.java. Using fallback presentation compiler.
mag 02, 2026 2:57:57 AM org.eclipse.lsp4j.jsonrpc.RemoteEndpoint handleCancellation
AVVERTENZA: Unmatched cancel notification for request id 663
2026.05.02 02:57:57 INFO  no build target found for C:\Users\Mouhammad Toure\Videos\BookRecommender\BookRecommender\src\server\Server.java. Using fallback presentation compiler.
2026.05.02 02:57:57 WARN  Running javac-semanticdb failed for file:///C:/Users/Mouhammad%20Toure/Videos/BookRecommender/BookRecommender/src/server/Server.java. Output:

mag 02, 2026 2:57:57 AM org.eclipse.lsp4j.jsonrpc.RemoteEndpoint handleCancellation
AVVERTENZA: Unmatched cancel notification for request id 666
mag 02, 2026 2:57:57 AM org.eclipse.lsp4j.jsonrpc.RemoteEndpoint handleCancellation
AVVERTENZA: Unmatched cancel notification for request id 667
2026.05.02 02:57:57 WARN  no build target for: C:\Users\Mouhammad Toure\Videos\BookRecommender\BookRecommender\src\server\Server.java
mag 02, 2026 2:57:58 AM org.eclipse.lsp4j.jsonrpc.RemoteEndpoint handleCancellation
AVVERTENZA: Unmatched cancel notification for request id 668
2026.05.02 02:57:57 INFO  no build target found for C:\Users\Mouhammad Toure\Videos\BookRecommender\BookRecommender\src\server\Server.java. Using fallback presentation compiler.
2026.05.02 02:57:58 INFO  no build target found for C:\Users\Mouhammad Toure\Videos\BookRecommender\BookRecommender\src\server\Server.java. Using fallback presentation compiler.
2026.05.02 02:58:00 INFO  no build target found for C:\Users\Mouhammad Toure\Videos\BookRecommender\BookRecommender\src\server\Server.java. Using fallback presentation compiler.
2026.05.02 02:58:03 INFO  no build target found for C:\Users\Mouhammad Toure\Videos\BookRecommender\BookRecommender\src\server\Server.java. Using fallback presentation compiler.
2026.05.02 02:58:03 INFO  no build target found for C:\Users\Mouhammad Toure\Videos\BookRecommender\BookRecommender\src\server\Server.java. Using fallback presentation compiler.
2026.05.02 02:58:04 WARN  Running javac-semanticdb failed for file:///C:/Users/Mouhammad%20Toure/Videos/BookRecommender/BookRecommender/src/server/Server.java. Output:

2026.05.02 02:58:05 INFO  no build target found for C:\Users\Mouhammad Toure\Videos\BookRecommender\BookRecommender\src\server\Server.java. Using fallback presentation compiler.
2026.05.02 02:58:05 WARN  no build target for: C:\Users\Mouhammad Toure\Videos\BookRecommender\BookRecommender\src\server\Server.java
2026.05.02 02:58:05 WARN  Running javac-semanticdb failed for file:///C:/Users/Mouhammad%20Toure/Videos/BookRecommender/BookRecommender/src/server/Server.java. Output:

2026.05.02 02:58:05 INFO  no build target found for C:\Users\Mouhammad Toure\Videos\BookRecommender\BookRecommender\src\server\Server.java. Using fallback presentation compiler.
2026.05.02 02:58:06 WARN  no build target for: C:\Users\Mouhammad Toure\Videos\BookRecommender\BookRecommender\src\server\Server.java
2026.05.02 02:58:10 INFO  no build target found for C:\Users\Mouhammad Toure\Videos\BookRecommender\BookRecommender\src\server\Server.java. Using fallback presentation compiler.
mag 02, 2026 2:58:29 AM org.eclipse.lsp4j.jsonrpc.RemoteEndpoint handleCancellation
AVVERTENZA: Unmatched cancel notification for request id 708
2026.05.02 02:58:35 INFO  no build target found for C:\Users\Mouhammad Toure\Videos\BookRecommender\BookRecommender\src\server\Server.java. Using fallback presentation compiler.
2026.05.02 02:58:35 INFO  no build target found for C:\Users\Mouhammad Toure\Videos\BookRecommender\BookRecommender\src\server\Server.java. Using fallback presentation compiler.
2026.05.02 02:58:36 WARN  no build target for: C:\Users\Mouhammad Toure\Videos\BookRecommender\BookRecommender\src\server\Server.java
2026.05.02 02:58:36 INFO  no build target found for C:\Users\Mouhammad Toure\Videos\BookRecommender\BookRecommender\src\server\Server.java. Using fallback presentation compiler.
2026.05.02 02:58:37 INFO  no build target found for C:\Users\Mouhammad Toure\Videos\BookRecommender\BookRecommender\src\server\Server.java. Using fallback presentation compiler.
2026.05.02 02:58:37 WARN  Running javac-semanticdb failed for file:///C:/Users/Mouhammad%20Toure/Videos/BookRecommender/BookRecommender/src/server/Server.java. Output:

2026.05.02 02:58:38 INFO  no build target found for C:\Users\Mouhammad Toure\Videos\BookRecommender\BookRecommender\src\server\Server.java. Using fallback presentation compiler.
2026.05.02 02:58:38 INFO  no build target found for C:\Users\Mouhammad Toure\Videos\BookRecommender\BookRecommender\src\server\Server.java. Using fallback presentation compiler.
2026.05.02 02:58:39 INFO  no build target found for C:\Users\Mouhammad Toure\Videos\BookRecommender\BookRecommender\src\server\Server.java. Using fallback presentation compiler.
2026.05.02 02:58:39 INFO  no build target found for C:\Users\Mouhammad Toure\Videos\BookRecommender\BookRecommender\src\server\Server.java. Using fallback presentation compiler.
mag 02, 2026 2:58:40 AM org.eclipse.lsp4j.jsonrpc.RemoteEndpoint handleCancellation
AVVERTENZA: Unmatched cancel notification for request id 748
2026.05.02 02:58:40 INFO  no build target found for C:\Users\Mouhammad Toure\Videos\BookRecommender\BookRecommender\src\server\Server.java. Using fallback presentation compiler.
2026.05.02 02:58:40 INFO  no build target found for C:\Users\Mouhammad Toure\Videos\BookRecommender\BookRecommender\src\server\Server.java. Using fallback presentation compiler.
mag 02, 2026 2:58:41 AM org.eclipse.lsp4j.jsonrpc.RemoteEndpoint handleCancellation
AVVERTENZA: Unmatched cancel notification for request id 751
2026.05.02 02:58:40 INFO  no build target found for C:\Users\Mouhammad Toure\Videos\BookRecommender\BookRecommender\src\server\Server.java. Using fallback presentation compiler.
2026.05.02 02:58:43 INFO  no build target found for C:\Users\Mouhammad Toure\Videos\BookRecommender\BookRecommender\src\server\Server.java. Using fallback presentation compiler.
2026.05.02 02:58:44 WARN  no build target for: C:\Users\Mouhammad Toure\Videos\BookRecommender\BookRecommender\src\server\Server.java
2026.05.02 02:58:44 INFO  no build target found for C:\Users\Mouhammad Toure\Videos\BookRecommender\BookRecommender\src\server\Server.java. Using fallback presentation compiler.
2026.05.02 02:58:44 INFO  no build target found for C:\Users\Mouhammad Toure\Videos\BookRecommender\BookRecommender\src\server\Server.java. Using fallback presentation compiler.
2026.05.02 02:58:45 WARN  Running javac-semanticdb failed for file:///C:/Users/Mouhammad%20Toure/Videos/BookRecommender/BookRecommender/src/server/Server.java. Output:

2026.05.02 02:58:45 INFO  time: code lens generation in 1.74s
mag 02, 2026 2:58:45 AM org.eclipse.lsp4j.jsonrpc.RemoteEndpoint handleCancellation
AVVERTENZA: Unmatched cancel notification for request id 759
2026.05.02 02:58:46 INFO  no build target found for C:\Users\Mouhammad Toure\Videos\BookRecommender\BookRecommender\src\server\Server.java. Using fallback presentation compiler.
2026.05.02 02:58:47 INFO  no build target found for C:\Users\Mouhammad Toure\Videos\BookRecommender\BookRecommender\src\server\Server.java. Using fallback presentation compiler.
2026.05.02 02:58:48 INFO  no build target found for C:\Users\Mouhammad Toure\Videos\BookRecommender\BookRecommender\src\server\Server.java. Using fallback presentation compiler.
2026.05.02 02:58:49 WARN  no build target for: C:\Users\Mouhammad Toure\Videos\BookRecommender\BookRecommender\src\server\Server.java
2026.05.02 02:58:49 INFO  no build target found for C:\Users\Mouhammad Toure\Videos\BookRecommender\BookRecommender\src\server\Server.java. Using fallback presentation compiler.
2026.05.02 02:58:50 WARN  Running javac-semanticdb failed for file:///C:/Users/Mouhammad%20Toure/Videos/BookRecommender/BookRecommender/src/server/Server.java. Output:

2026.05.02 02:58:51 INFO  no build target found for C:\Users\Mouhammad Toure\Videos\BookRecommender\BookRecommender\src\server\Server.java. Using fallback presentation compiler.
2026.05.02 02:58:52 INFO  no build target found for C:\Users\Mouhammad Toure\Videos\BookRecommender\BookRecommender\src\server\Server.java. Using fallback presentation compiler.
2026.05.02 02:58:52 WARN  no build target for: C:\Users\Mouhammad Toure\Videos\BookRecommender\BookRecommender\src\server\Server.java
2026.05.02 02:58:53 WARN  Running javac-semanticdb failed for file:///C:/Users/Mouhammad%20Toure/Videos/BookRecommender/BookRecommender/src/server/Server.java. Output:

2026.05.02 02:58:53 INFO  no build target found for C:\Users\Mouhammad Toure\Videos\BookRecommender\BookRecommender\src\server\Server.java. Using fallback presentation compiler.
2026.05.02 02:58:54 INFO  no build target found for C:\Users\Mouhammad Toure\Videos\BookRecommender\BookRecommender\src\server\Server.java. Using fallback presentation compiler.
2026.05.02 02:58:55 INFO  no build target found for C:\Users\Mouhammad Toure\Videos\BookRecommender\BookRecommender\src\server\Server.java. Using fallback presentation compiler.
2026.05.02 02:58:56 INFO  no build target found for C:\Users\Mouhammad Toure\Videos\BookRecommender\BookRecommender\src\server\Server.java. Using fallback presentation compiler.
mag 02, 2026 2:58:57 AM org.eclipse.lsp4j.jsonrpc.RemoteEndpoint handleCancellation
AVVERTENZA: Unmatched cancel notification for request id 778
2026.05.02 02:58:58 INFO  no build target found for C:\Users\Mouhammad Toure\Videos\BookRecommender\BookRecommender\src\server\Server.java. Using fallback presentation compiler.
2026.05.02 02:58:59 INFO  no build target found for C:\Users\Mouhammad Toure\Videos\BookRecommender\BookRecommender\src\server\Server.java. Using fallback presentation compiler.
2026.05.02 02:58:58 INFO  no build target found for C:\Users\Mouhammad Toure\Videos\BookRecommender\BookRecommender\src\server\Server.java. Using fallback presentation compiler.
2026.05.02 02:58:59 WARN  no build target for: C:\Users\Mouhammad Toure\Videos\BookRecommender\BookRecommender\src\server\Server.java
2026.05.02 02:58:59 WARN  Running javac-semanticdb failed for file:///C:/Users/Mouhammad%20Toure/Videos/BookRecommender/BookRecommender/src/server/Server.java. Output:

mag 02, 2026 2:58:59 AM org.eclipse.lsp4j.jsonrpc.RemoteEndpoint handleCancellation
AVVERTENZA: Unmatched cancel notification for request id 784
mag 02, 2026 2:58:59 AM org.eclipse.lsp4j.jsonrpc.RemoteEndpoint handleCancellation
AVVERTENZA: Unmatched cancel notification for request id 783
mag 02, 2026 2:58:59 AM org.eclipse.lsp4j.jsonrpc.RemoteEndpoint handleCancellation
AVVERTENZA: Unmatched cancel notification for request id 786
mag 02, 2026 2:58:59 AM org.eclipse.lsp4j.jsonrpc.RemoteEndpoint handleCancellation
AVVERTENZA: Unmatched cancel notification for request id 787
2026.05.02 02:58:59 INFO  no build target found for C:\Users\Mouhammad Toure\Videos\BookRecommender\BookRecommender\src\server\Server.java. Using fallback presentation compiler.
mag 02, 2026 2:59:07 AM org.eclipse.lsp4j.jsonrpc.RemoteEndpoint handleCancellation
AVVERTENZA: Unmatched cancel notification for request id 802
mag 02, 2026 2:59:07 AM org.eclipse.lsp4j.jsonrpc.RemoteEndpoint handleCancellation
AVVERTENZA: Unmatched cancel notification for request id 803
mag 02, 2026 2:59:07 AM org.eclipse.lsp4j.jsonrpc.RemoteEndpoint handleCancellation
AVVERTENZA: Unmatched cancel notification for request id 804
2026.05.02 02:59:08 INFO  no build target found for C:\Users\Mouhammad Toure\Videos\BookRecommender\BookRecommender\src\server\Server.java. Using fallback presentation compiler.
2026.05.02 02:59:15 INFO  no build target found for C:\Users\Mouhammad Toure\Videos\BookRecommender\BookRecommender\src\server\Server.java. Using fallback presentation compiler.
mag 02, 2026 2:59:15 AM org.eclipse.lsp4j.jsonrpc.RemoteEndpoint handleCancellation
AVVERTENZA: Unmatched cancel notification for request id 807
2026.05.02 02:59:15 INFO  no build target found for C:\Users\Mouhammad Toure\Videos\BookRecommender\BookRecommender\src\server\Server.java. Using fallback presentation compiler.
2026.05.02 02:59:16 INFO  no build target found for C:\Users\Mouhammad Toure\Videos\BookRecommender\BookRecommender\src\server\Server.java. Using fallback presentation compiler.
2026.05.02 02:59:16 INFO  no build target found for C:\Users\Mouhammad Toure\Videos\BookRecommender\BookRecommender\src\server\Server.java. Using fallback presentation compiler.
2026.05.02 02:59:16 INFO  no build target found for C:\Users\Mouhammad Toure\Videos\BookRecommender\BookRecommender\src\server\Server.java. Using fallback presentation compiler.
2026.05.02 02:59:17 INFO  no build target found for C:\Users\Mouhammad Toure\Videos\BookRecommender\BookRecommender\src\server\Server.java. Using fallback presentation compiler.
2026.05.02 02:59:25 INFO  no build target found for C:\Users\Mouhammad Toure\Videos\BookRecommender\BookRecommender\src\server\Server.java. Using fallback presentation compiler.
2026.05.02 02:59:25 INFO  no build target found for C:\Users\Mouhammad Toure\Videos\BookRecommender\BookRecommender\src\server\Server.java. Using fallback presentation compiler.
2026.05.02 02:59:27 INFO  no build target found for C:\Users\Mouhammad Toure\Videos\BookRecommender\BookRecommender\src\server\Server.java. Using fallback presentation compiler.
mag 02, 2026 2:59:27 AM org.eclipse.lsp4j.jsonrpc.RemoteEndpoint handleCancellation
AVVERTENZA: Unmatched cancel notification for request id 815
2026.05.02 02:59:28 WARN  Running javac-semanticdb failed for file:///C:/Users/Mouhammad%20Toure/Videos/BookRecommender/BookRecommender/src/server/Server.java. Output:

2026.05.02 02:59:28 INFO  no build target found for C:\Users\Mouhammad Toure\Videos\BookRecommender\BookRecommender\src\server\Server.java. Using fallback presentation compiler.
mag 02, 2026 2:59:29 AM org.eclipse.lsp4j.jsonrpc.RemoteEndpoint handleCancellation
AVVERTENZA: Unmatched cancel notification for request id 816
mag 02, 2026 2:59:29 AM org.eclipse.lsp4j.jsonrpc.RemoteEndpoint handleCancellation
AVVERTENZA: Unmatched cancel notification for request id 817
mag 02, 2026 2:59:29 AM org.eclipse.lsp4j.jsonrpc.RemoteEndpoint handleCancellation
AVVERTENZA: Unmatched cancel notification for request id 818
2026.05.02 02:59:29 INFO  no build target found for C:\Users\Mouhammad Toure\Videos\BookRecommender\BookRecommender\src\server\Server.java. Using fallback presentation compiler.
mag 02, 2026 2:59:29 AM org.eclipse.lsp4j.jsonrpc.RemoteEndpoint handleCancellation
AVVERTENZA: Unmatched cancel notification for request id 819
2026.05.02 02:59:29 INFO  no build target found for C:\Users\Mouhammad Toure\Videos\BookRecommender\BookRecommender\src\server\Server.java. Using fallback presentation compiler.
2026.05.02 02:59:29 WARN  no build target for: C:\Users\Mouhammad Toure\Videos\BookRecommender\BookRecommender\src\server\Server.java
mag 02, 2026 2:59:29 AM org.eclipse.lsp4j.jsonrpc.RemoteEndpoint handleCancellation
AVVERTENZA: Unmatched cancel notification for request id 821
mag 02, 2026 2:59:29 AM org.eclipse.lsp4j.jsonrpc.RemoteEndpoint handleCancellation
AVVERTENZA: Unmatched cancel notification for request id 822
mag 02, 2026 2:59:29 AM org.eclipse.lsp4j.jsonrpc.RemoteEndpoint handleCancellation
AVVERTENZA: Unmatched cancel notification for request id 823
2026.05.02 02:59:29 INFO  no build target found for C:\Users\Mouhammad Toure\Videos\BookRecommender\BookRecommender\src\server\Server.java. Using fallback presentation compiler.
mag 02, 2026 2:59:29 AM org.eclipse.lsp4j.jsonrpc.RemoteEndpoint handleCancellation
AVVERTENZA: Unmatched cancel notification for request id 824
mag 02, 2026 2:59:29 AM org.eclipse.lsp4j.jsonrpc.RemoteEndpoint handleCancellation
AVVERTENZA: Unmatched cancel notification for request id 826
2026.05.02 02:59:29 WARN  no build target for: C:\Users\Mouhammad Toure\Videos\BookRecommender\BookRecommender\src\server\Server.java
2026.05.02 02:59:29 WARN  Running javac-semanticdb failed for file:///C:/Users/Mouhammad%20Toure/Videos/BookRecommender/BookRecommender/src/server/Server.java. Output:

2026.05.02 02:59:29 INFO  no build target found for C:\Users\Mouhammad Toure\Videos\BookRecommender\BookRecommender\src\server\Server.java. Using fallback presentation compiler.
2026.05.02 02:59:32 INFO  no build target found for C:\Users\Mouhammad Toure\Videos\BookRecommender\BookRecommender\src\server\Server.java. Using fallback presentation compiler.
2026.05.02 02:59:34 INFO  no build target found for C:\Users\Mouhammad Toure\Videos\BookRecommender\BookRecommender\src\server\Server.java. Using fallback presentation compiler.
2026.05.02 02:59:34 INFO  no build target found for C:\Users\Mouhammad Toure\Videos\BookRecommender\BookRecommender\src\server\Server.java. Using fallback presentation compiler.
2026.05.02 02:59:35 WARN  no build target for: C:\Users\Mouhammad Toure\Videos\BookRecommender\BookRecommender\src\server\Server.java
2026.05.02 02:59:35 INFO  no build target found for C:\Users\Mouhammad Toure\Videos\BookRecommender\BookRecommender\src\server\Server.java. Using fallback presentation compiler.
2026.05.02 02:59:36 WARN  Running javac-semanticdb failed for file:///C:/Users/Mouhammad%20Toure/Videos/BookRecommender/BookRecommender/src/server/Server.java. Output:

2026.05.02 02:59:36 INFO  time: code lens generation in 1.05s
2026.05.02 02:59:36 INFO  no build target found for C:\Users\Mouhammad Toure\Videos\BookRecommender\BookRecommender\src\server\Server.java. Using fallback presentation compiler.
2026.05.02 02:59:38 INFO  no build target found for C:\Users\Mouhammad Toure\Videos\BookRecommender\BookRecommender\src\server\Server.java. Using fallback presentation compiler.
2026.05.02 02:59:38 INFO  no build target found for C:\Users\Mouhammad Toure\Videos\BookRecommender\BookRecommender\src\server\Server.java. Using fallback presentation compiler.
mag 02, 2026 2:59:38 AM org.eclipse.lsp4j.jsonrpc.RemoteEndpoint handleCancellation
AVVERTENZA: Unmatched cancel notification for request id 845
2026.05.02 02:59:38 INFO  no build target found for C:\Users\Mouhammad Toure\Videos\BookRecommender\BookRecommender\src\server\Server.java. Using fallback presentation compiler.
2026.05.02 02:59:40 INFO  no build target found for C:\Users\Mouhammad Toure\Videos\BookRecommender\BookRecommender\src\server\Server.java. Using fallback presentation compiler.
2026.05.02 02:59:40 INFO  no build target found for C:\Users\Mouhammad Toure\Videos\BookRecommender\BookRecommender\src\server\Server.java. Using fallback presentation compiler.
mag 02, 2026 2:59:41 AM org.eclipse.lsp4j.jsonrpc.RemoteEndpoint handleCancellation
AVVERTENZA: Unmatched cancel notification for request id 850
2026.05.02 02:59:41 WARN  no build target for: C:\Users\Mouhammad Toure\Videos\BookRecommender\BookRecommender\src\server\Server.java
2026.05.02 02:59:42 INFO  no build target found for C:\Users\Mouhammad Toure\Videos\BookRecommender\BookRecommender\src\server\Server.java. Using fallback presentation compiler.
2026.05.02 02:59:42 INFO  no build target found for C:\Users\Mouhammad Toure\Videos\BookRecommender\BookRecommender\src\server\Server.java. Using fallback presentation compiler.
2026.05.02 02:59:42 INFO  no build target found for C:\Users\Mouhammad Toure\Videos\BookRecommender\BookRecommender\src\server\Server.java. Using fallback presentation compiler.
mag 02, 2026 2:59:42 AM org.eclipse.lsp4j.jsonrpc.RemoteEndpoint handleCancellation
AVVERTENZA: Unmatched cancel notification for request id 855
2026.05.02 02:59:42 WARN  Running javac-semanticdb failed for file:///C:/Users/Mouhammad%20Toure/Videos/BookRecommender/BookRecommender/src/server/Server.java. Output:

2026.05.02 02:59:42 INFO  no build target found for C:\Users\Mouhammad Toure\Videos\BookRecommender\BookRecommender\src\server\Server.java. Using fallback presentation compiler.
2026.05.02 02:59:43 INFO  no build target found for C:\Users\Mouhammad Toure\Videos\BookRecommender\BookRecommender\src\server\Server.java. Using fallback presentation compiler.
2026.05.02 02:59:43 INFO  no build target found for C:\Users\Mouhammad Toure\Videos\BookRecommender\BookRecommender\src\server\Server.java. Using fallback presentation compiler.
2026.05.02 02:59:43 INFO  no build target found for C:\Users\Mouhammad Toure\Videos\BookRecommender\BookRecommender\src\server\Server.java. Using fallback presentation compiler.
2026.05.02 02:59:46 INFO  no build target found for C:\Users\Mouhammad Toure\Videos\BookRecommender\BookRecommender\src\server\Server.java. Using fallback presentation compiler.
2026.05.02 02:59:46 INFO  no build target found for C:\Users\Mouhammad Toure\Videos\BookRecommender\BookRecommender\src\server\Server.java. Using fallback presentation compiler.
mag 02, 2026 2:59:48 AM org.eclipse.lsp4j.jsonrpc.RemoteEndpoint handleCancellation
AVVERTENZA: Unmatched cancel notification for request id 863
mag 02, 2026 2:59:48 AM org.eclipse.lsp4j.jsonrpc.RemoteEndpoint handleCancellation
AVVERTENZA: Unmatched cancel notification for request id 864
2026.05.02 02:59:48 INFO  no build target found for C:\Users\Mouhammad Toure\Videos\BookRecommender\BookRecommender\src\server\Server.java. Using fallback presentation compiler.
2026.05.02 02:59:48 WARN  no build target for: C:\Users\Mouhammad Toure\Videos\BookRecommender\BookRecommender\src\server\Server.java
2026.05.02 02:59:48 INFO  no build target found for C:\Users\Mouhammad Toure\Videos\BookRecommender\BookRecommender\src\server\Server.java. Using fallback presentation compiler.
2026.05.02 02:59:48 INFO  no build target found for C:\Users\Mouhammad Toure\Videos\BookRecommender\BookRecommender\src\server\Server.java. Using fallback presentation compiler.
2026.05.02 02:59:49 WARN  Running javac-semanticdb failed for file:///C:/Users/Mouhammad%20Toure/Videos/BookRecommender/BookRecommender/src/server/Server.java. Output:

2026.05.02 02:59:49 INFO  time: code lens generation in 1.42s
2026.05.02 02:59:50 INFO  no build target found for C:\Users\Mouhammad Toure\Videos\BookRecommender\BookRecommender\src\server\Server.java. Using fallback presentation compiler.
2026.05.02 02:59:50 INFO  no build target found for C:\Users\Mouhammad Toure\Videos\BookRecommender\BookRecommender\src\server\Server.java. Using fallback presentation compiler.
2026.05.02 02:59:51 WARN  no build target for: C:\Users\Mouhammad Toure\Videos\BookRecommender\BookRecommender\src\server\Server.java
2026.05.02 02:59:51 INFO  no build target found for C:\Users\Mouhammad Toure\Videos\BookRecommender\BookRecommender\src\server\Server.java. Using fallback presentation compiler.
2026.05.02 02:59:52 INFO  no build target found for C:\Users\Mouhammad Toure\Videos\BookRecommender\BookRecommender\src\server\Server.java. Using fallback presentation compiler.
2026.05.02 02:59:52 WARN  Running javac-semanticdb failed for file:///C:/Users/Mouhammad%20Toure/Videos/BookRecommender/BookRecommender/src/server/Server.java. Output:

2026.05.02 02:59:52 INFO  time: code lens generation in 2.01s
mag 02, 2026 2:59:52 AM org.eclipse.lsp4j.jsonrpc.RemoteEndpoint handleCancellation
AVVERTENZA: Unmatched cancel notification for request id 878
2026.05.02 02:59:58 WARN  no build target for: C:\Users\Mouhammad Toure\Videos\BookRecommender\BookRecommender\src\server\Server.java
2026.05.02 02:59:59 INFO  no build target found for C:\Users\Mouhammad Toure\Videos\BookRecommender\BookRecommender\src\server\Server.java. Using fallback presentation compiler.
2026.05.02 02:59:59 INFO  no build target found for C:\Users\Mouhammad Toure\Videos\BookRecommender\BookRecommender\src\server\Server.java. Using fallback presentation compiler.
mag 02, 2026 2:59:59 AM org.eclipse.lsp4j.jsonrpc.RemoteEndpoint handleCancellation
AVVERTENZA: Unmatched cancel notification for request id 885
2026.05.02 03:00:02 INFO  no build target found for C:\Users\Mouhammad Toure\Videos\BookRecommender\BookRecommender\src\server\Server.java. Using fallback presentation compiler.
2026.05.02 03:00:05 INFO  no build target found for C:\Users\Mouhammad Toure\Videos\BookRecommender\BookRecommender\src\server\Server.java. Using fallback presentation compiler.
2026.05.02 03:00:07 INFO  no build target found for C:\Users\Mouhammad Toure\Videos\BookRecommender\BookRecommender\src\server\Server.java. Using fallback presentation compiler.
2026.05.02 03:00:09 INFO  no build target found for C:\Users\Mouhammad Toure\Videos\BookRecommender\BookRecommender\src\server\Server.java. Using fallback presentation compiler.
2026.05.02 03:00:09 INFO  no build target found for C:\Users\Mouhammad Toure\Videos\BookRecommender\BookRecommender\src\server\Server.java. Using fallback presentation compiler.
2026.05.02 03:00:09 WARN  no build target for: C:\Users\Mouhammad Toure\Videos\BookRecommender\BookRecommender\src\server\Server.java
2026.05.02 03:00:10 INFO  no build target found for C:\Users\Mouhammad Toure\Videos\BookRecommender\BookRecommender\src\server\Server.java. Using fallback presentation compiler.
2026.05.02 03:00:10 WARN  Running javac-semanticdb failed for file:///C:/Users/Mouhammad%20Toure/Videos/BookRecommender/BookRecommender/src/server/Server.java. Output:

2026.05.02 03:00:14 INFO  no build target found for C:\Users\Mouhammad Toure\Videos\BookRecommender\BookRecommender\src\server\Server.java. Using fallback presentation compiler.
2026.05.02 03:00:14 INFO  no build target found for C:\Users\Mouhammad Toure\Videos\BookRecommender\BookRecommender\src\server\Server.java. Using fallback presentation compiler.
2026.05.02 03:00:14 INFO  no build target found for C:\Users\Mouhammad Toure\Videos\BookRecommender\BookRecommender\src\server\Server.java. Using fallback presentation compiler.
2026.05.02 03:00:15 WARN  no build target for: C:\Users\Mouhammad Toure\Videos\BookRecommender\BookRecommender\src\server\Server.java
2026.05.02 03:00:15 INFO  no build target found for C:\Users\Mouhammad Toure\Videos\BookRecommender\BookRecommender\src\server\Server.java. Using fallback presentation compiler.
2026.05.02 03:00:16 INFO  no build target found for C:\Users\Mouhammad Toure\Videos\BookRecommender\BookRecommender\src\server\Server.java. Using fallback presentation compiler.
2026.05.02 03:00:16 WARN  Running javac-semanticdb failed for file:///C:/Users/Mouhammad%20Toure/Videos/BookRecommender/BookRecommender/src/server/Server.java. Output:

2026.05.02 03:00:16 INFO  no build target found for C:\Users\Mouhammad Toure\Videos\BookRecommender\BookRecommender\src\server\Server.java. Using fallback presentation compiler.
mag 02, 2026 3:00:16 AM org.eclipse.lsp4j.jsonrpc.RemoteEndpoint handleCancellation
AVVERTENZA: Unmatched cancel notification for request id 905
2026.05.02 03:00:16 INFO  no build target found for C:\Users\Mouhammad Toure\Videos\BookRecommender\BookRecommender\src\server\Server.java. Using fallback presentation compiler.
mag 02, 2026 3:00:16 AM org.eclipse.lsp4j.jsonrpc.RemoteEndpoint handleCancellation
AVVERTENZA: Unmatched cancel notification for request id 907
2026.05.02 03:00:16 INFO  no build target found for C:\Users\Mouhammad Toure\Videos\BookRecommender\BookRecommender\src\server\Server.java. Using fallback presentation compiler.
2026.05.02 03:00:17 INFO  no build target found for C:\Users\Mouhammad Toure\Videos\BookRecommender\BookRecommender\src\server\Server.java. Using fallback presentation compiler.
2026.05.02 03:00:17 INFO  no build target found for C:\Users\Mouhammad Toure\Videos\BookRecommender\BookRecommender\src\server\Server.java. Using fallback presentation compiler.
2026.05.02 03:00:18 INFO  no build target found for C:\Users\Mouhammad Toure\Videos\BookRecommender\BookRecommender\src\server\Server.java. Using fallback presentation compiler.
2026.05.02 03:00:18 INFO  no build target found for C:\Users\Mouhammad Toure\Videos\BookRecommender\BookRecommender\src\server\Server.java. Using fallback presentation compiler.
2026.05.02 03:00:18 INFO  no build target found for C:\Users\Mouhammad Toure\Videos\BookRecommender\BookRecommender\src\server\Server.java. Using fallback presentation compiler.
2026.05.02 03:00:19 WARN  no build target for: C:\Users\Mouhammad Toure\Videos\BookRecommender\BookRecommender\src\server\Server.java
2026.05.02 03:00:19 INFO  no build target found for C:\Users\Mouhammad Toure\Videos\BookRecommender\BookRecommender\src\server\Server.java. Using fallback presentation compiler.
mag 02, 2026 3:00:20 AM org.eclipse.lsp4j.jsonrpc.RemoteEndpoint handleCancellation
AVVERTENZA: Unmatched cancel notification for request id 917
2026.05.02 03:00:20 INFO  no build target found for C:\Users\Mouhammad Toure\Videos\BookRecommender\BookRecommender\src\server\Server.java. Using fallback presentation compiler.
2026.05.02 03:00:20 WARN  Running javac-semanticdb failed for file:///C:/Users/Mouhammad%20Toure/Videos/BookRecommender/BookRecommender/src/server/Server.java. Output:

2026.05.02 03:00:21 INFO  no build target found for C:\Users\Mouhammad Toure\Videos\BookRecommender\BookRecommender\src\server\Server.java. Using fallback presentation compiler.
mag 02, 2026 3:00:23 AM org.eclipse.lsp4j.jsonrpc.RemoteEndpoint handleCancellation
AVVERTENZA: Unmatched cancel notification for request id 920
2026.05.02 03:00:23 INFO  no build target found for C:\Users\Mouhammad Toure\Videos\BookRecommender\BookRecommender\src\server\Server.java. Using fallback presentation compiler.
2026.05.02 03:00:23 WARN  no build target for: C:\Users\Mouhammad Toure\Videos\BookRecommender\BookRecommender\src\server\Server.java
mag 02, 2026 3:00:23 AM org.eclipse.lsp4j.jsonrpc.RemoteEndpoint handleCancellation
AVVERTENZA: Unmatched cancel notification for request id 923
2026.05.02 03:00:24 INFO  no build target found for C:\Users\Mouhammad Toure\Videos\BookRecommender\BookRecommender\src\server\Server.java. Using fallback presentation compiler.
mag 02, 2026 3:00:24 AM org.eclipse.lsp4j.jsonrpc.RemoteEndpoint handleCancellation
AVVERTENZA: Unmatched cancel notification for request id 926
2026.05.02 03:00:23 INFO  no build target found for C:\Users\Mouhammad Toure\Videos\BookRecommender\BookRecommender\src\server\Server.java. Using fallback presentation compiler.
mag 02, 2026 3:00:24 AM org.eclipse.lsp4j.jsonrpc.RemoteEndpoint handleCancellation
AVVERTENZA: Unmatched cancel notification for request id 931
mag 02, 2026 3:00:24 AM org.eclipse.lsp4j.jsonrpc.RemoteEndpoint handleCancellation
AVVERTENZA: Unmatched cancel notification for request id 933
mag 02, 2026 3:00:24 AM org.eclipse.lsp4j.jsonrpc.RemoteEndpoint handleCancellation
AVVERTENZA: Unmatched cancel notification for request id 934
2026.05.02 03:00:24 WARN  Running javac-semanticdb failed for file:///C:/Users/Mouhammad%20Toure/Videos/BookRecommender/BookRecommender/src/server/Server.java. Output:

2026.05.02 03:00:24 INFO  no build target found for C:\Users\Mouhammad Toure\Videos\BookRecommender\BookRecommender\src\server\Server.java. Using fallback presentation compiler.
2026.05.02 03:00:25 INFO  no build target found for C:\Users\Mouhammad Toure\Videos\BookRecommender\BookRecommender\src\server\Server.java. Using fallback presentation compiler.
2026.05.02 03:00:24 INFO  no build target found for C:\Users\Mouhammad Toure\Videos\BookRecommender\BookRecommender\src\server\Server.java. Using fallback presentation compiler.
2026.05.02 03:00:27 INFO  no build target found for C:\Users\Mouhammad Toure\Videos\BookRecommender\BookRecommender\src\server\Server.java. Using fallback presentation compiler.
2026.05.02 03:00:43 INFO  no build target found for C:\Users\Mouhammad Toure\Videos\BookRecommender\BookRecommender\src\server\Server.java. Using fallback presentation compiler.
2026.05.02 03:00:44 INFO  no build target found for C:\Users\Mouhammad Toure\Videos\BookRecommender\BookRecommender\src\server\Server.java. Using fallback presentation compiler.
2026.05.02 03:00:44 INFO  no build target found for C:\Users\Mouhammad Toure\Videos\BookRecommender\BookRecommender\src\server\Server.java. Using fallback presentation compiler.
mag 02, 2026 3:00:46 AM org.eclipse.lsp4j.jsonrpc.RemoteEndpoint handleCancellation
AVVERTENZA: Unmatched cancel notification for request id 958
2026.05.02 03:00:46 INFO  no build target found for C:\Users\Mouhammad Toure\Videos\BookRecommender\BookRecommender\src\server\Server.java. Using fallback presentation compiler.
2026.05.02 03:00:46 INFO  no build target found for C:\Users\Mouhammad Toure\Videos\BookRecommender\BookRecommender\src\server\Server.java. Using fallback presentation compiler.
2026.05.02 03:00:49 INFO  no build target found for C:\Users\Mouhammad Toure\Videos\BookRecommender\BookRecommender\src\server\Server.java. Using fallback presentation compiler.
2026.05.02 03:00:52 INFO  no build target found for C:\Users\Mouhammad Toure\Videos\BookRecommender\BookRecommender\src\server\Server.java. Using fallback presentation compiler.
mag 02, 2026 3:00:52 AM org.eclipse.lsp4j.jsonrpc.RemoteEndpoint handleCancellation
AVVERTENZA: Unmatched cancel notification for request id 964
2026.05.02 03:00:52 INFO  no build target found for C:\Users\Mouhammad Toure\Videos\BookRecommender\BookRecommender\src\server\Server.java. Using fallback presentation compiler.
2026.05.02 03:00:53 INFO  no build target found for C:\Users\Mouhammad Toure\Videos\BookRecommender\BookRecommender\src\server\Server.java. Using fallback presentation compiler.
2026.05.02 03:00:53 INFO  no build target found for C:\Users\Mouhammad Toure\Videos\BookRecommender\BookRecommender\src\server\Server.java. Using fallback presentation compiler.
2026.05.02 03:00:54 WARN  no build target for: C:\Users\Mouhammad Toure\Videos\BookRecommender\BookRecommender\src\server\Server.java
2026.05.02 03:00:55 WARN  Running javac-semanticdb failed for file:///C:/Users/Mouhammad%20Toure/Videos/BookRecommender/BookRecommender/src/server/Server.java. Output:

2026.05.02 03:00:55 INFO  no build target found for C:\Users\Mouhammad Toure\Videos\BookRecommender\BookRecommender\src\server\Server.java. Using fallback presentation compiler.
2026.05.02 03:00:56 INFO  no build target found for C:\Users\Mouhammad Toure\Videos\BookRecommender\BookRecommender\src\server\Server.java. Using fallback presentation compiler.
2026.05.02 03:00:56 INFO  no build target found for C:\Users\Mouhammad Toure\Videos\BookRecommender\BookRecommender\src\server\Server.java. Using fallback presentation compiler.
2026.05.02 03:00:56 INFO  no build target found for C:\Users\Mouhammad Toure\Videos\BookRecommender\BookRecommender\src\server\Server.java. Using fallback presentation compiler.
2026.05.02 03:00:57 WARN  Running javac-semanticdb failed for file:///C:/Users/Mouhammad%20Toure/Videos/BookRecommender/BookRecommender/src/server/Server.java. Output:

2026.05.02 03:00:57 WARN  no build target for: C:\Users\Mouhammad Toure\Videos\BookRecommender\BookRecommender\src\server\Server.java
2026.05.02 03:00:57 INFO  no build target found for C:\Users\Mouhammad Toure\Videos\BookRecommender\BookRecommender\src\server\Server.java. Using fallback presentation compiler.
2026.05.02 03:00:57 INFO  no build target found for C:\Users\Mouhammad Toure\Videos\BookRecommender\BookRecommender\src\server\Server.java. Using fallback presentation compiler.
2026.05.02 03:00:57 INFO  QDox parse error in file:///C:/Users/Mouhammad%20Toure/Videos/BookRecommender/BookRecommender/src/server/Server.java (full report at: "C:\Users\Mouhammad Toure\Videos\BookRecommender\.metals\.reports\metals-full\2026-05-02\r_qdox-error_02-39-16-184.md")
2026.05.02 03:00:58 INFO  no build target found for C:\Users\Mouhammad Toure\Videos\BookRecommender\BookRecommender\src\server\Server.java. Using fallback presentation compiler.
2026.05.02 03:01:01 INFO  no build target found for C:\Users\Mouhammad Toure\Videos\BookRecommender\BookRecommender\src\server\Server.java. Using fallback presentation compiler.
2026.05.02 03:01:01 INFO  no build target found for C:\Users\Mouhammad Toure\Videos\BookRecommender\BookRecommender\src\server\Server.java. Using fallback presentation compiler.
2026.05.02 03:01:01 INFO  no build target found for C:\Users\Mouhammad Toure\Videos\BookRecommender\BookRecommender\src\server\Server.java. Using fallback presentation compiler.
2026.05.02 03:01:01 WARN  Running javac-semanticdb failed for file:///C:/Users/Mouhammad%20Toure/Videos/BookRecommender/BookRecommender/src/server/Server.java. Output:

2026.05.02 03:01:01 WARN  no build target for: C:\Users\Mouhammad Toure\Videos\BookRecommender\BookRecommender\src\server\Server.java
2026.05.02 03:01:01 INFO  no build target found for C:\Users\Mouhammad Toure\Videos\BookRecommender\BookRecommender\src\server\Server.java. Using fallback presentation compiler.
2026.05.02 03:01:02 INFO  no build target found for C:\Users\Mouhammad Toure\Videos\BookRecommender\BookRecommender\src\server\Server.java. Using fallback presentation compiler.
2026.05.02 03:01:03 INFO  no build target found for C:\Users\Mouhammad Toure\Videos\BookRecommender\BookRecommender\src\server\Server.java. Using fallback presentation compiler.
2026.05.02 03:01:04 INFO  no build target found for C:\Users\Mouhammad Toure\Videos\BookRecommender\BookRecommender\src\server\Server.java. Using fallback presentation compiler.
2026.05.02 03:01:05 INFO  no build target found for C:\Users\Mouhammad Toure\Videos\BookRecommender\BookRecommender\src\server\Server.java. Using fallback presentation compiler.
2026.05.02 03:01:06 INFO  no build target found for C:\Users\Mouhammad Toure\Videos\BookRecommender\BookRecommender\src\server\Server.java. Using fallback presentation compiler.
2026.05.02 03:01:08 INFO  no build target found for C:\Users\Mouhammad Toure\Videos\BookRecommender\BookRecommender\src\server\Server.java. Using fallback presentation compiler.
2026.05.02 03:01:08 INFO  no build target found for C:\Users\Mouhammad Toure\Videos\BookRecommender\BookRecommender\src\server\Server.java. Using fallback presentation compiler.
2026.05.02 03:01:08 INFO  no build target found for C:\Users\Mouhammad Toure\Videos\BookRecommender\BookRecommender\src\server\Server.java. Using fallback presentation compiler.
2026.05.02 03:01:08 INFO  no build target found for C:\Users\Mouhammad Toure\Videos\BookRecommender\BookRecommender\src\server\Server.java. Using fallback presentation compiler.
mag 02, 2026 3:01:08 AM org.eclipse.lsp4j.jsonrpc.RemoteEndpoint handleCancellation
AVVERTENZA: Unmatched cancel notification for request id 996
mag 02, 2026 3:01:08 AM org.eclipse.lsp4j.jsonrpc.RemoteEndpoint handleCancellation
AVVERTENZA: Unmatched cancel notification for request id 997
2026.05.02 03:01:08 INFO  no build target found for C:\Users\Mouhammad Toure\Videos\BookRecommender\BookRecommender\src\server\Server.java. Using fallback presentation compiler.
mag 02, 2026 3:01:08 AM org.eclipse.lsp4j.jsonrpc.RemoteEndpoint handleCancellation
AVVERTENZA: Unmatched cancel notification for request id 999
mag 02, 2026 3:01:08 AM org.eclipse.lsp4j.jsonrpc.RemoteEndpoint handleCancellation
AVVERTENZA: Unmatched cancel notification for request id 1000
mag 02, 2026 3:01:08 AM org.eclipse.lsp4j.jsonrpc.RemoteEndpoint handleCancellation
AVVERTENZA: Unmatched cancel notification for request id 1001
mag 02, 2026 3:01:09 AM org.eclipse.lsp4j.jsonrpc.RemoteEndpoint handleCancellation
AVVERTENZA: Unmatched cancel notification for request id 1003
2026.05.02 03:01:09 WARN  Running javac-semanticdb failed for file:///C:/Users/Mouhammad%20Toure/Videos/BookRecommender/BookRecommender/src/server/Server.java. Output:

2026.05.02 03:01:09 INFO  no build target found for C:\Users\Mouhammad Toure\Videos\BookRecommender\BookRecommender\src\server\Server.java. Using fallback presentation compiler.
mag 02, 2026 3:01:09 AM org.eclipse.lsp4j.jsonrpc.RemoteEndpoint handleCancellation
AVVERTENZA: Unmatched cancel notification for request id 1004
mag 02, 2026 3:01:09 AM org.eclipse.lsp4j.jsonrpc.RemoteEndpoint handleCancellation
AVVERTENZA: Unmatched cancel notification for request id 1006
2026.05.02 03:01:10 WARN  Running javac-semanticdb failed for file:///C:/Users/Mouhammad%20Toure/Videos/BookRecommender/BookRecommender/src/server/Server.java. Output:

2026.05.02 03:01:10 INFO  time: code lens generation in 1.31s
mag 02, 2026 3:01:10 AM org.eclipse.lsp4j.jsonrpc.RemoteEndpoint handleCancellation
AVVERTENZA: Unmatched cancel notification for request id 1007
2026.05.02 03:01:11 INFO  no build target found for C:\Users\Mouhammad Toure\Videos\BookRecommender\BookRecommender\src\server\Server.java. Using fallback presentation compiler.
2026.05.02 03:01:11 INFO  no build target found for C:\Users\Mouhammad Toure\Videos\BookRecommender\BookRecommender\src\server\Server.java. Using fallback presentation compiler.
mag 02, 2026 3:01:12 AM org.eclipse.lsp4j.jsonrpc.RemoteEndpoint handleCancellation
AVVERTENZA: Unmatched cancel notification for request id 1008
2026.05.02 03:01:11 INFO  no build target found for C:\Users\Mouhammad Toure\Videos\BookRecommender\BookRecommender\src\server\Server.java. Using fallback presentation compiler.
2026.05.02 03:01:12 WARN  no build target for: C:\Users\Mouhammad Toure\Videos\BookRecommender\BookRecommender\src\server\Server.java
mag 02, 2026 3:01:12 AM org.eclipse.lsp4j.jsonrpc.RemoteEndpoint handleCancellation
AVVERTENZA: Unmatched cancel notification for request id 1010
2026.05.02 03:01:12 INFO  no build target found for C:\Users\Mouhammad Toure\Videos\BookRecommender\BookRecommender\src\server\Server.java. Using fallback presentation compiler.
2026.05.02 03:01:12 INFO  no build target found for C:\Users\Mouhammad Toure\Videos\BookRecommender\BookRecommender\src\server\Server.java. Using fallback presentation compiler.
mag 02, 2026 3:01:13 AM org.eclipse.lsp4j.jsonrpc.RemoteEndpoint handleCancellation
AVVERTENZA: Unmatched cancel notification for request id 1017
2026.05.02 03:01:12 INFO  no build target found for C:\Users\Mouhammad Toure\Videos\BookRecommender\BookRecommender\src\server\Server.java. Using fallback presentation compiler.
mag 02, 2026 3:01:13 AM org.eclipse.lsp4j.jsonrpc.RemoteEndpoint handleCancellation
AVVERTENZA: Unmatched cancel notification for request id 1016
2026.05.02 03:01:13 INFO  no build target found for C:\Users\Mouhammad Toure\Videos\BookRecommender\BookRecommender\src\server\Server.java. Using fallback presentation compiler.
2026.05.02 03:01:14 INFO  no build target found for C:\Users\Mouhammad Toure\Videos\BookRecommender\BookRecommender\src\server\Server.java. Using fallback presentation compiler.
2026.05.02 03:01:13 INFO  no build target found for C:\Users\Mouhammad Toure\Videos\BookRecommender\BookRecommender\src\server\Server.java. Using fallback presentation compiler.
2026.05.02 03:01:13 INFO  no build target found for C:\Users\Mouhammad Toure\Videos\BookRecommender\BookRecommender\src\server\Server.java. Using fallback presentation compiler.
2026.05.02 03:01:13 INFO  no build target found for C:\Users\Mouhammad Toure\Videos\BookRecommender\BookRecommender\src\server\Server.java. Using fallback presentation compiler.
2026.05.02 03:01:13 INFO  no build target found for C:\Users\Mouhammad Toure\Videos\BookRecommender\BookRecommender\src\server\Server.java. Using fallback presentation compiler.
mag 02, 2026 3:01:15 AM org.eclipse.lsp4j.jsonrpc.RemoteEndpoint handleCancellation
AVVERTENZA: Unmatched cancel notification for request id 1023
2026.05.02 03:01:15 INFO  no build target found for C:\Users\Mouhammad Toure\Videos\BookRecommender\BookRecommender\src\server\Server.java. Using fallback presentation compiler.
2026.05.02 03:01:15 INFO  no build target found for C:\Users\Mouhammad Toure\Videos\BookRecommender\BookRecommender\src\server\Server.java. Using fallback presentation compiler.
2026.05.02 03:01:15 INFO  no build target found for C:\Users\Mouhammad Toure\Videos\BookRecommender\BookRecommender\src\server\Server.java. Using fallback presentation compiler.
mag 02, 2026 3:01:15 AM org.eclipse.lsp4j.jsonrpc.RemoteEndpoint handleCancellation
AVVERTENZA: Unmatched cancel notification for request id 1027
2026.05.02 03:01:16 INFO  no build target found for C:\Users\Mouhammad Toure\Videos\BookRecommender\BookRecommender\src\server\Server.java. Using fallback presentation compiler.
mag 02, 2026 3:01:17 AM org.eclipse.lsp4j.jsonrpc.RemoteEndpoint handleCancellation
AVVERTENZA: Unmatched cancel notification for request id 1029
2026.05.02 03:01:16 INFO  no build target found for C:\Users\Mouhammad Toure\Videos\BookRecommender\BookRecommender\src\server\Server.java. Using fallback presentation compiler.
2026.05.02 03:01:18 INFO  no build target found for C:\Users\Mouhammad Toure\Videos\BookRecommender\BookRecommender\src\server\Server.java. Using fallback presentation compiler.
2026.05.02 03:01:19 INFO  no build target found for C:\Users\Mouhammad Toure\Videos\BookRecommender\BookRecommender\src\server\Server.java. Using fallback presentation compiler.
2026.05.02 03:01:19 INFO  no build target found for C:\Users\Mouhammad Toure\Videos\BookRecommender\BookRecommender\src\server\Server.java. Using fallback presentation compiler.
2026.05.02 03:01:20 WARN  no build target for: C:\Users\Mouhammad Toure\Videos\BookRecommender\BookRecommender\src\server\Server.java
2026.05.02 03:01:20 INFO  no build target found for C:\Users\Mouhammad Toure\Videos\BookRecommender\BookRecommender\src\server\Server.java. Using fallback presentation compiler.
2026.05.02 03:01:21 INFO  no build target found for C:\Users\Mouhammad Toure\Videos\BookRecommender\BookRecommender\src\server\Server.java. Using fallback presentation compiler.
2026.05.02 03:01:20 INFO  no build target found for C:\Users\Mouhammad Toure\Videos\BookRecommender\BookRecommender\src\server\Server.java. Using fallback presentation compiler.
2026.05.02 03:01:21 WARN  Running javac-semanticdb failed for file:///C:/Users/Mouhammad%20Toure/Videos/BookRecommender/BookRecommender/src/server/Server.java. Output:

2026.05.02 03:01:22 INFO  no build target found for C:\Users\Mouhammad Toure\Videos\BookRecommender\BookRecommender\src\server\Server.java. Using fallback presentation compiler.
2026.05.02 03:01:22 INFO  no build target found for C:\Users\Mouhammad Toure\Videos\BookRecommender\BookRecommender\src\server\Server.java. Using fallback presentation compiler.
2026.05.02 03:01:22 INFO  no build target found for C:\Users\Mouhammad Toure\Videos\BookRecommender\BookRecommender\src\server\Server.java. Using fallback presentation compiler.
2026.05.02 03:01:23 INFO  no build target found for C:\Users\Mouhammad Toure\Videos\BookRecommender\BookRecommender\src\server\Server.java. Using fallback presentation compiler.
2026.05.02 03:01:23 WARN  no build target for: C:\Users\Mouhammad Toure\Videos\BookRecommender\BookRecommender\src\server\Server.java
2026.05.02 03:01:23 WARN  Running javac-semanticdb failed for file:///C:/Users/Mouhammad%20Toure/Videos/BookRecommender/BookRecommender/src/server/Server.java. Output:

2026.05.02 03:01:23 INFO  no build target found for C:\Users\Mouhammad Toure\Videos\BookRecommender\BookRecommender\src\server\Server.java. Using fallback presentation compiler.
2026.05.02 03:01:25 INFO  no build target found for C:\Users\Mouhammad Toure\Videos\BookRecommender\BookRecommender\src\server\Server.java. Using fallback presentation compiler.
2026.05.02 03:02:09 INFO  no build target found for C:\Users\Mouhammad Toure\Videos\BookRecommender\BookRecommender\src\server\Server.java. Using fallback presentation compiler.
2026.05.02 03:02:09 INFO  no build target found for C:\Users\Mouhammad Toure\Videos\BookRecommender\BookRecommender\src\server\Server.java. Using fallback presentation compiler.
2026.05.02 03:02:10 INFO  no build target found for C:\Users\Mouhammad Toure\Videos\BookRecommender\BookRecommender\src\server\Server.java. Using fallback presentation compiler.
mag 02, 2026 3:02:13 AM org.eclipse.lsp4j.jsonrpc.RemoteEndpoint handleCancellation
AVVERTENZA: Unmatched cancel notification for request id 1100
2026.05.02 03:02:56 INFO  no build target found for C:\Users\Mouhammad Toure\Videos\BookRecommender\BookRecommender\src\server\Server.java. Using fallback presentation compiler.
2026.05.02 03:13:19 INFO  no build target found for C:\Users\Mouhammad Toure\Videos\BookRecommender\BookRecommender\src\server\Server.java. Using fallback presentation compiler.
2026.05.02 03:13:19 INFO  no build target found for C:\Users\Mouhammad Toure\Videos\BookRecommender\BookRecommender\src\server\Server.java. Using fallback presentation compiler.
2026.05.02 03:13:22 INFO  no build target found for C:\Users\Mouhammad Toure\Videos\BookRecommender\BookRecommender\src\server\Server.java. Using fallback presentation compiler.
mag 02, 2026 3:13:22 AM org.eclipse.lsp4j.jsonrpc.RemoteEndpoint handleCancellation
AVVERTENZA: Unmatched cancel notification for request id 1154
2026.05.02 03:13:24 INFO  no build target found for C:\Users\Mouhammad Toure\Videos\BookRecommender\BookRecommender\src\server\Server.java. Using fallback presentation compiler.
2026.05.02 03:13:29 INFO  no build target found for C:\Users\Mouhammad Toure\Videos\BookRecommender\BookRecommender\src\server\Server.java. Using fallback presentation compiler.
2026.05.02 03:13:29 INFO  no build target found for C:\Users\Mouhammad Toure\Videos\BookRecommender\BookRecommender\src\server\Server.java. Using fallback presentation compiler.
2026.05.02 03:13:30 INFO  no build target found for C:\Users\Mouhammad Toure\Videos\BookRecommender\BookRecommender\src\server\Server.java. Using fallback presentation compiler.
2026.05.02 03:13:30 INFO  no build target found for C:\Users\Mouhammad Toure\Videos\BookRecommender\BookRecommender\src\server\Server.java. Using fallback presentation compiler.
2026.05.02 03:13:32 INFO  no build target found for C:\Users\Mouhammad Toure\Videos\BookRecommender\BookRecommender\src\server\Server.java. Using fallback presentation compiler.
2026.05.02 03:13:32 INFO  no build target found for C:\Users\Mouhammad Toure\Videos\BookRecommender\BookRecommender\src\server\Server.java. Using fallback presentation compiler.
2026.05.02 03:13:33 INFO  no build target found for C:\Users\Mouhammad Toure\Videos\BookRecommender\BookRecommender\src\server\Server.java. Using fallback presentation compiler.
2026.05.02 03:13:34 INFO  no build target found for C:\Users\Mouhammad Toure\Videos\BookRecommender\BookRecommender\src\server\Server.java. Using fallback presentation compiler.
2026.05.02 03:13:35 WARN  Running javac-semanticdb failed for file:///C:/Users/Mouhammad%20Toure/Videos/BookRecommender/BookRecommender/src/server/Server.java. Output:

2026.05.02 03:13:35 WARN  no build target for: C:\Users\Mouhammad Toure\Videos\BookRecommender\BookRecommender\src\server\Server.java
2026.05.02 03:13:35 INFO  no build target found for C:\Users\Mouhammad Toure\Videos\BookRecommender\BookRecommender\src\server\Server.java. Using fallback presentation compiler.
2026.05.02 03:13:36 INFO  no build target found for C:\Users\Mouhammad Toure\Videos\BookRecommender\BookRecommender\src\server\Server.java. Using fallback presentation compiler.
2026.05.02 03:13:37 WARN  Running javac-semanticdb failed for file:///C:/Users/Mouhammad%20Toure/Videos/BookRecommender/BookRecommender/src/server/Server.java. Output:

2026.05.02 03:13:36 INFO  no build target found for C:\Users\Mouhammad Toure\Videos\BookRecommender\BookRecommender\src\server\Server.java. Using fallback presentation compiler.
2026.05.02 03:13:37 WARN  Running javac-semanticdb failed for file:///C:/Users/Mouhammad%20Toure/Videos/BookRecommender/BookRecommender/src/server/Server.java. Output:

2026.05.02 03:13:37 INFO  no build target found for C:\Users\Mouhammad Toure\Videos\BookRecommender\BookRecommender\src\server\Server.java. Using fallback presentation compiler.
2026.05.02 03:13:38 WARN  no build target for: C:\Users\Mouhammad Toure\Videos\BookRecommender\BookRecommender\src\server\Server.java
2026.05.02 03:13:40 INFO  no build target found for C:\Users\Mouhammad Toure\Videos\BookRecommender\BookRecommender\src\server\Server.java. Using fallback presentation compiler.
mag 02, 2026 3:13:40 AM org.eclipse.lsp4j.jsonrpc.RemoteEndpoint handleCancellation
AVVERTENZA: Unmatched cancel notification for request id 1190
2026.05.02 03:13:42 INFO  no build target found for C:\Users\Mouhammad Toure\Videos\BookRecommender\BookRecommender\src\server\Server.java. Using fallback presentation compiler.
2026.05.02 03:13:42 WARN  Running javac-semanticdb failed for file:///C:/Users/Mouhammad%20Toure/Videos/BookRecommender/BookRecommender/src/server/Server.java. Output:

2026.05.02 03:13:42 INFO  no build target found for C:\Users\Mouhammad Toure\Videos\BookRecommender\BookRecommender\src\server\Server.java. Using fallback presentation compiler.
2026.05.02 03:13:43 WARN  no build target for: C:\Users\Mouhammad Toure\Videos\BookRecommender\BookRecommender\src\server\Server.java
2026.05.02 03:13:43 INFO  no build target found for C:\Users\Mouhammad Toure\Videos\BookRecommender\BookRecommender\src\server\Server.java. Using fallback presentation compiler.
2026.05.02 03:13:44 INFO  no build target found for C:\Users\Mouhammad Toure\Videos\BookRecommender\BookRecommender\src\server\Server.java. Using fallback presentation compiler.
2026.05.02 03:13:44 INFO  no build target found for C:\Users\Mouhammad Toure\Videos\BookRecommender\BookRecommender\src\server\Server.java. Using fallback presentation compiler.
2026.05.02 03:13:44 WARN  Running javac-semanticdb failed for file:///C:/Users/Mouhammad%20Toure/Videos/BookRecommender/BookRecommender/src/server/Server.java. Output:

2026.05.02 03:13:45 WARN  no build target for: C:\Users\Mouhammad Toure\Videos\BookRecommender\BookRecommender\src\server\Server.java
2026.05.02 03:13:45 INFO  no build target found for C:\Users\Mouhammad Toure\Videos\BookRecommender\BookRecommender\src\server\Server.java. Using fallback presentation compiler.
mag 02, 2026 3:14:03 AM org.eclipse.lsp4j.jsonrpc.RemoteEndpoint handleCancellation
AVVERTENZA: Unmatched cancel notification for request id 1234
2026.05.02 03:14:11 INFO  no build target found for C:\Users\Mouhammad Toure\Videos\BookRecommender\BookRecommender\src\server\Server.java. Using fallback presentation compiler.
2026.05.02 03:14:11 INFO  no build target found for C:\Users\Mouhammad Toure\Videos\BookRecommender\BookRecommender\src\server\Server.java. Using fallback presentation compiler.
2026.05.02 03:14:11 INFO  no build target found for C:\Users\Mouhammad Toure\Videos\BookRecommender\BookRecommender\src\server\Server.java. Using fallback presentation compiler.
2026.05.02 03:14:17 INFO  no build target found for C:\Users\Mouhammad Toure\Videos\BookRecommender\BookRecommender\src\server\Server.java. Using fallback presentation compiler.
mag 02, 2026 3:14:17 AM org.eclipse.lsp4j.jsonrpc.RemoteEndpoint handleCancellation
AVVERTENZA: Unmatched cancel notification for request id 1261
2026.05.02 03:14:17 INFO  no build target found for C:\Users\Mouhammad Toure\Videos\BookRecommender\BookRecommender\src\server\Server.java. Using fallback presentation compiler.
2026.05.02 03:14:31 INFO  no build target found for C:\Users\Mouhammad Toure\Videos\BookRecommender\BookRecommender\src\server\Server.java. Using fallback presentation compiler.
mag 02, 2026 3:14:32 AM org.eclipse.lsp4j.jsonrpc.RemoteEndpoint handleCancellation
AVVERTENZA: Unmatched cancel notification for request id 1263
2026.05.02 03:14:34 INFO  no build target found for C:\Users\Mouhammad Toure\Videos\BookRecommender\BookRecommender\src\server\Server.java. Using fallback presentation compiler.
2026.05.02 03:14:34 INFO  no build target found for C:\Users\Mouhammad Toure\Videos\BookRecommender\BookRecommender\src\server\Server.java. Using fallback presentation compiler.
2026.05.02 03:14:35 INFO  no build target found for C:\Users\Mouhammad Toure\Videos\BookRecommender\BookRecommender\src\server\Server.java. Using fallback presentation compiler.
2026.05.02 03:14:38 INFO  no build target found for C:\Users\Mouhammad Toure\Videos\BookRecommender\BookRecommender\src\server\Server.java. Using fallback presentation compiler.
2026.05.02 03:14:42 INFO  no build target found for C:\Users\Mouhammad Toure\Videos\BookRecommender\BookRecommender\src\server\Server.java. Using fallback presentation compiler.
2026.05.02 03:14:44 INFO  no build target found for C:\Users\Mouhammad Toure\Videos\BookRecommender\BookRecommender\src\server\Server.java. Using fallback presentation compiler.
mag 02, 2026 3:14:44 AM org.eclipse.lsp4j.jsonrpc.RemoteEndpoint handleCancellation
AVVERTENZA: Unmatched cancel notification for request id 1295
2026.05.02 03:14:44 INFO  no build target found for C:\Users\Mouhammad Toure\Videos\BookRecommender\BookRecommender\src\server\Server.java. Using fallback presentation compiler.
2026.05.02 03:14:44 INFO  no build target found for C:\Users\Mouhammad Toure\Videos\BookRecommender\BookRecommender\src\server\Server.java. Using fallback presentation compiler.
2026.05.02 03:14:44 INFO  no build target found for C:\Users\Mouhammad Toure\Videos\BookRecommender\BookRecommender\src\server\Server.java. Using fallback presentation compiler.
2026.05.02 03:14:45 INFO  no build target found for C:\Users\Mouhammad Toure\Videos\BookRecommender\BookRecommender\src\server\Server.java. Using fallback presentation compiler.
2026.05.02 03:15:07 INFO  no build target found for C:\Users\Mouhammad Toure\Videos\BookRecommender\BookRecommender\src\server\Server.java. Using fallback presentation compiler.
2026.05.02 03:15:12 INFO  no build target found for C:\Users\Mouhammad Toure\Videos\BookRecommender\BookRecommender\src\server\Server.java. Using fallback presentation compiler.
2026.05.02 03:15:15 INFO  no build target found for C:\Users\Mouhammad Toure\Videos\BookRecommender\BookRecommender\src\server\Server.java. Using fallback presentation compiler.
2026.05.02 03:15:15 INFO  no build target found for C:\Users\Mouhammad Toure\Videos\BookRecommender\BookRecommender\src\server\Server.java. Using fallback presentation compiler.
2026.05.02 03:15:15 INFO  no build target found for C:\Users\Mouhammad Toure\Videos\BookRecommender\BookRecommender\src\server\Server.java. Using fallback presentation compiler.
2026.05.02 03:15:16 INFO  no build target found for C:\Users\Mouhammad Toure\Videos\BookRecommender\BookRecommender\src\server\Server.java. Using fallback presentation compiler.
2026.05.02 03:15:19 INFO  no build target found for C:\Users\Mouhammad Toure\Videos\BookRecommender\BookRecommender\src\server\Server.java. Using fallback presentation compiler.
2026.05.02 03:15:19 INFO  no build target found for C:\Users\Mouhammad Toure\Videos\BookRecommender\BookRecommender\src\server\Server.java. Using fallback presentation compiler.
2026.05.02 03:15:20 INFO  no build target found for C:\Users\Mouhammad Toure\Videos\BookRecommender\BookRecommender\src\server\Server.java. Using fallback presentation compiler.
2026.05.02 03:21:32 INFO  no build target found for C:\Users\Mouhammad Toure\Videos\BookRecommender\BookRecommender\src\server\Server.java. Using fallback presentation compiler.
2026.05.02 03:21:34 INFO  no build target found for C:\Users\Mouhammad Toure\Videos\BookRecommender\BookRecommender\src\server\Server.java. Using fallback presentation compiler.
mag 02, 2026 3:21:47 AM org.eclipse.lsp4j.jsonrpc.RemoteEndpoint handleCancellation
AVVERTENZA: Unmatched cancel notification for request id 1370
2026.05.02 03:22:35 INFO  no build target found for C:\Users\Mouhammad Toure\Videos\BookRecommender\BookRecommender\src\server\Server.java. Using fallback presentation compiler.
2026.05.02 03:23:01 INFO  no build target found for C:\Users\Mouhammad Toure\Videos\BookRecommender\BookRecommender\src\server\Server.java. Using fallback presentation compiler.
mag 02, 2026 3:23:01 AM org.eclipse.lsp4j.jsonrpc.RemoteEndpoint handleCancellation
AVVERTENZA: Unmatched cancel notification for request id 1433
2026.05.02 03:23:01 INFO  no build target found for C:\Users\Mouhammad Toure\Videos\BookRecommender\BookRecommender\src\server\Server.java. Using fallback presentation compiler.
2026.05.02 03:23:08 INFO  no build target found for C:\Users\Mouhammad Toure\Videos\BookRecommender\BookRecommender\src\server\Server.java. Using fallback presentation compiler.
2026.05.02 03:23:08 INFO  no build target found for C:\Users\Mouhammad Toure\Videos\BookRecommender\BookRecommender\src\server\Server.java. Using fallback presentation compiler.
2026.05.02 03:23:12 INFO  no build target found for C:\Users\Mouhammad Toure\Videos\BookRecommender\BookRecommender\src\server\Server.java. Using fallback presentation compiler.
2026.05.02 03:23:12 INFO  no build target found for C:\Users\Mouhammad Toure\Videos\BookRecommender\BookRecommender\src\server\Server.java. Using fallback presentation compiler.
2026.05.02 03:23:25 INFO  no build target found for C:\Users\Mouhammad Toure\Videos\BookRecommender\BookRecommender\src\server\Server.java. Using fallback presentation compiler.
2026.05.02 03:23:25 INFO  no build target found for C:\Users\Mouhammad Toure\Videos\BookRecommender\BookRecommender\src\server\Server.java. Using fallback presentation compiler.
2026.05.02 03:23:44 INFO  no build target found for C:\Users\Mouhammad Toure\Videos\BookRecommender\BookRecommender\src\server\Server.java. Using fallback presentation compiler.
2026.05.02 03:23:52 INFO  no build target found for C:\Users\Mouhammad Toure\Videos\BookRecommender\BookRecommender\src\server\Server.java. Using fallback presentation compiler.
2026.05.02 03:23:52 INFO  no build target found for C:\Users\Mouhammad Toure\Videos\BookRecommender\BookRecommender\src\server\Server.java. Using fallback presentation compiler.
2026.05.02 03:23:52 INFO  no build target found for C:\Users\Mouhammad Toure\Videos\BookRecommender\BookRecommender\src\server\Server.java. Using fallback presentation compiler.
2026.05.02 03:23:57 INFO  no build target found for C:\Users\Mouhammad Toure\Videos\BookRecommender\BookRecommender\src\server\Server.java. Using fallback presentation compiler.
2026.05.02 03:23:57 INFO  no build target found for C:\Users\Mouhammad Toure\Videos\BookRecommender\BookRecommender\src\server\Server.java. Using fallback presentation compiler.
2026.05.02 03:23:57 INFO  no build target found for C:\Users\Mouhammad Toure\Videos\BookRecommender\BookRecommender\src\server\Server.java. Using fallback presentation compiler.
2026.05.02 03:23:59 INFO  no build target found for C:\Users\Mouhammad Toure\Videos\BookRecommender\BookRecommender\src\server\Server.java. Using fallback presentation compiler.
2026.05.02 03:23:59 INFO  no build target found for C:\Users\Mouhammad Toure\Videos\BookRecommender\BookRecommender\src\server\Server.java. Using fallback presentation compiler.
2026.05.02 03:24:02 INFO  no build target found for C:\Users\Mouhammad Toure\Videos\BookRecommender\BookRecommender\src\server\Server.java. Using fallback presentation compiler.
2026.05.02 03:24:06 INFO  no build target found for C:\Users\Mouhammad Toure\Videos\BookRecommender\BookRecommender\src\server\Server.java. Using fallback presentation compiler.
2026.05.02 03:24:06 INFO  no build target found for C:\Users\Mouhammad Toure\Videos\BookRecommender\BookRecommender\src\server\Server.java. Using fallback presentation compiler.
2026.05.02 03:24:07 INFO  no build target found for C:\Users\Mouhammad Toure\Videos\BookRecommender\BookRecommender\src\server\Server.java. Using fallback presentation compiler.
2026.05.02 03:25:48 INFO  no build target found for C:\Users\Mouhammad Toure\Videos\BookRecommender\BookRecommender\src\server\Server.java. Using fallback presentation compiler.
2026.05.02 03:26:02 INFO  no build target found for C:\Users\Mouhammad Toure\Videos\BookRecommender\BookRecommender\src\server\Server.java. Using fallback presentation compiler.
2026.05.02 03:26:13 INFO  no build target found for C:\Users\Mouhammad Toure\Videos\BookRecommender\BookRecommender\src\server\Server.java. Using fallback presentation compiler.
2026.05.02 03:26:13 INFO  no build target found for C:\Users\Mouhammad Toure\Videos\BookRecommender\BookRecommender\src\server\Server.java. Using fallback presentation compiler.
2026.05.02 03:26:14 INFO  no build target found for C:\Users\Mouhammad Toure\Videos\BookRecommender\BookRecommender\src\server\Server.java. Using fallback presentation compiler.
2026.05.02 03:26:14 INFO  no build target found for C:\Users\Mouhammad Toure\Videos\BookRecommender\BookRecommender\src\server\Server.java. Using fallback presentation compiler.
2026.05.02 03:26:15 INFO  no build target found for C:\Users\Mouhammad Toure\Videos\BookRecommender\BookRecommender\src\server\Server.java. Using fallback presentation compiler.
mag 02, 2026 3:26:15 AM org.eclipse.lsp4j.jsonrpc.RemoteEndpoint handleCancellation
AVVERTENZA: Unmatched cancel notification for request id 1617
2026.05.02 03:26:15 INFO  no build target found for C:\Users\Mouhammad Toure\Videos\BookRecommender\BookRecommender\src\server\Server.java. Using fallback presentation compiler.
2026.05.02 03:26:17 INFO  no build target found for C:\Users\Mouhammad Toure\Videos\BookRecommender\BookRecommender\src\server\Server.java. Using fallback presentation compiler.
2026.05.02 03:26:17 INFO  no build target found for C:\Users\Mouhammad Toure\Videos\BookRecommender\BookRecommender\src\server\Server.java. Using fallback presentation compiler.
2026.05.02 03:26:19 INFO  no build target found for C:\Users\Mouhammad Toure\Videos\BookRecommender\BookRecommender\src\server\Server.java. Using fallback presentation compiler.
2026.05.02 03:26:19 INFO  no build target found for C:\Users\Mouhammad Toure\Videos\BookRecommender\BookRecommender\src\server\Server.java. Using fallback presentation compiler.
2026.05.02 03:26:20 INFO  no build target found for C:\Users\Mouhammad Toure\Videos\BookRecommender\BookRecommender\src\server\Server.java. Using fallback presentation compiler.
2026.05.02 03:26:20 INFO  no build target found for C:\Users\Mouhammad Toure\Videos\BookRecommender\BookRecommender\src\server\Server.java. Using fallback presentation compiler.
2026.05.02 03:26:21 INFO  no build target found for C:\Users\Mouhammad Toure\Videos\BookRecommender\BookRecommender\src\server\Server.java. Using fallback presentation compiler.
2026.05.02 03:26:21 INFO  no build target found for C:\Users\Mouhammad Toure\Videos\BookRecommender\BookRecommender\src\server\Server.java. Using fallback presentation compiler.
2026.05.02 03:26:22 WARN  Running javac-semanticdb failed for file:///C:/Users/Mouhammad%20Toure/Videos/BookRecommender/BookRecommender/src/server/Server.java. Output:

2026.05.02 03:26:22 WARN  no build target for: C:\Users\Mouhammad Toure\Videos\BookRecommender\BookRecommender\src\server\Server.java
2026.05.02 03:26:23 INFO  no build target found for C:\Users\Mouhammad Toure\Videos\BookRecommender\BookRecommender\src\server\Server.java. Using fallback presentation compiler.
2026.05.02 03:26:23 INFO  no build target found for C:\Users\Mouhammad Toure\Videos\BookRecommender\BookRecommender\src\server\Server.java. Using fallback presentation compiler.
2026.05.02 03:26:23 WARN  Running javac-semanticdb failed for file:///C:/Users/Mouhammad%20Toure/Videos/BookRecommender/BookRecommender/src/server/Server.java. Output:

2026.05.02 03:26:24 WARN  no build target for: C:\Users\Mouhammad Toure\Videos\BookRecommender\BookRecommender\src\server\Server.java
2026.05.02 03:26:24 INFO  no build target found for C:\Users\Mouhammad Toure\Videos\BookRecommender\BookRecommender\src\server\Server.java. Using fallback presentation compiler.
2026.05.02 03:26:24 INFO  no build target found for C:\Users\Mouhammad Toure\Videos\BookRecommender\BookRecommender\src\server\Server.java. Using fallback presentation compiler.
2026.05.02 03:26:24 INFO  no build target found for C:\Users\Mouhammad Toure\Videos\BookRecommender\BookRecommender\src\server\Server.java. Using fallback presentation compiler.
mag 02, 2026 3:26:25 AM org.eclipse.lsp4j.jsonrpc.RemoteEndpoint handleCancellation
AVVERTENZA: Unmatched cancel notification for request id 1640
2026.05.02 03:26:24 INFO  no build target found for C:\Users\Mouhammad Toure\Videos\BookRecommender\BookRecommender\src\server\Server.java. Using fallback presentation compiler.
2026.05.02 03:26:26 INFO  no build target found for C:\Users\Mouhammad Toure\Videos\BookRecommender\BookRecommender\src\server\Server.java. Using fallback presentation compiler.
2026.05.02 03:26:26 INFO  no build target found for C:\Users\Mouhammad Toure\Videos\BookRecommender\BookRecommender\src\server\Server.java. Using fallback presentation compiler.
mag 02, 2026 3:26:26 AM org.eclipse.lsp4j.jsonrpc.RemoteEndpoint handleCancellation
AVVERTENZA: Unmatched cancel notification for request id 1642
2026.05.02 03:26:26 INFO  no build target found for C:\Users\Mouhammad Toure\Videos\BookRecommender\BookRecommender\src\server\Server.java. Using fallback presentation compiler.
mag 02, 2026 3:26:27 AM org.eclipse.lsp4j.jsonrpc.RemoteEndpoint handleCancellation
AVVERTENZA: Unmatched cancel notification for request id 1644
2026.05.02 03:26:26 INFO  no build target found for C:\Users\Mouhammad Toure\Videos\BookRecommender\BookRecommender\src\server\Server.java. Using fallback presentation compiler.
2026.05.02 03:26:26 INFO  no build target found for C:\Users\Mouhammad Toure\Videos\BookRecommender\BookRecommender\src\server\Server.java. Using fallback presentation compiler.
mag 02, 2026 3:26:27 AM org.eclipse.lsp4j.jsonrpc.RemoteEndpoint handleCancellation
AVVERTENZA: Unmatched cancel notification for request id 1645
2026.05.02 03:26:27 INFO  no build target found for C:\Users\Mouhammad Toure\Videos\BookRecommender\BookRecommender\src\server\Server.java. Using fallback presentation compiler.
2026.05.02 03:26:29 INFO  no build target found for C:\Users\Mouhammad Toure\Videos\BookRecommender\BookRecommender\src\server\Server.java. Using fallback presentation compiler.
mag 02, 2026 3:26:29 AM org.eclipse.lsp4j.jsonrpc.RemoteEndpoint handleCancellation
AVVERTENZA: Unmatched cancel notification for request id 1646
2026.05.02 03:26:29 INFO  no build target found for C:\Users\Mouhammad Toure\Videos\BookRecommender\BookRecommender\src\server\Server.java. Using fallback presentation compiler.
2026.05.02 03:26:29 INFO  no build target found for C:\Users\Mouhammad Toure\Videos\BookRecommender\BookRecommender\src\server\Server.java. Using fallback presentation compiler.
mag 02, 2026 3:26:29 AM org.eclipse.lsp4j.jsonrpc.RemoteEndpoint handleCancellation
AVVERTENZA: Unmatched cancel notification for request id 1647
2026.05.02 03:26:29 INFO  no build target found for C:\Users\Mouhammad Toure\Videos\BookRecommender\BookRecommender\src\server\Server.java. Using fallback presentation compiler.
2026.05.02 03:26:29 INFO  no build target found for C:\Users\Mouhammad Toure\Videos\BookRecommender\BookRecommender\src\server\Server.java. Using fallback presentation compiler.
2026.05.02 03:26:29 WARN  Running javac-semanticdb failed for file:///C:/Users/Mouhammad%20Toure/Videos/BookRecommender/BookRecommender/src/server/Server.java. Output:

2026.05.02 03:26:29 INFO  no build target found for C:\Users\Mouhammad Toure\Videos\BookRecommender\BookRecommender\src\server\Server.java. Using fallback presentation compiler.
mag 02, 2026 3:26:30 AM org.eclipse.lsp4j.jsonrpc.RemoteEndpoint handleCancellation
AVVERTENZA: Unmatched cancel notification for request id 1652
mag 02, 2026 3:26:30 AM org.eclipse.lsp4j.jsonrpc.RemoteEndpoint handleCancellation
AVVERTENZA: Unmatched cancel notification for request id 1654
mag 02, 2026 3:26:30 AM org.eclipse.lsp4j.jsonrpc.RemoteEndpoint handleCancellation
AVVERTENZA: Unmatched cancel notification for request id 1655
2026.05.02 03:26:29 INFO  no build target found for C:\Users\Mouhammad Toure\Videos\BookRecommender\BookRecommender\src\server\Server.java. Using fallback presentation compiler.
mag 02, 2026 3:26:30 AM org.eclipse.lsp4j.jsonrpc.RemoteEndpoint handleCancellation
AVVERTENZA: Unmatched cancel notification for request id 1656
2026.05.02 03:26:30 INFO  no build target found for C:\Users\Mouhammad Toure\Videos\BookRecommender\BookRecommender\src\server\Server.java. Using fallback presentation compiler.
mag 02, 2026 3:26:30 AM org.eclipse.lsp4j.jsonrpc.RemoteEndpoint handleCancellation
AVVERTENZA: Unmatched cancel notification for request id 1657
mag 02, 2026 3:26:30 AM org.eclipse.lsp4j.jsonrpc.RemoteEndpoint handleCancellation
AVVERTENZA: Unmatched cancel notification for request id 1658
2026.05.02 03:26:30 WARN  no build target for: C:\Users\Mouhammad Toure\Videos\BookRecommender\BookRecommender\src\server\Server.java
mag 02, 2026 3:26:30 AM org.eclipse.lsp4j.jsonrpc.RemoteEndpoint handleCancellation
AVVERTENZA: Unmatched cancel notification for request id 1659
2026.05.02 03:26:30 INFO  no build target found for C:\Users\Mouhammad Toure\Videos\BookRecommender\BookRecommender\src\server\Server.java. Using fallback presentation compiler.
mag 02, 2026 3:26:30 AM org.eclipse.lsp4j.jsonrpc.RemoteEndpoint handleCancellation
AVVERTENZA: Unmatched cancel notification for request id 1665
2026.05.02 03:26:30 INFO  no build target found for C:\Users\Mouhammad Toure\Videos\BookRecommender\BookRecommender\src\server\Server.java. Using fallback presentation compiler.
mag 02, 2026 3:26:30 AM org.eclipse.lsp4j.jsonrpc.RemoteEndpoint handleCancellation
AVVERTENZA: Unmatched cancel notification for request id 1662
mag 02, 2026 3:26:30 AM org.eclipse.lsp4j.jsonrpc.RemoteEndpoint handleCancellation
AVVERTENZA: Unmatched cancel notification for request id 1664
mag 02, 2026 3:26:30 AM org.eclipse.lsp4j.jsonrpc.RemoteEndpoint handleCancellation
AVVERTENZA: Unmatched cancel notification for request id 1660
mag 02, 2026 3:26:30 AM org.eclipse.lsp4j.jsonrpc.RemoteEndpoint handleCancellation
AVVERTENZA: Unmatched cancel notification for request id 1661
2026.05.02 03:26:30 INFO  no build target found for C:\Users\Mouhammad Toure\Videos\BookRecommender\BookRecommender\src\server\Server.java. Using fallback presentation compiler.
2026.05.02 03:26:32 INFO  no build target found for C:\Users\Mouhammad Toure\Videos\BookRecommender\BookRecommender\src\server\Server.java. Using fallback presentation compiler.
2026.05.02 03:26:32 INFO  no build target found for C:\Users\Mouhammad Toure\Videos\BookRecommender\BookRecommender\src\server\Server.java. Using fallback presentation compiler.
mag 02, 2026 3:26:33 AM org.eclipse.lsp4j.jsonrpc.RemoteEndpoint handleCancellation
AVVERTENZA: Unmatched cancel notification for request id 1668
2026.05.02 03:26:32 INFO  no build target found for C:\Users\Mouhammad Toure\Videos\BookRecommender\BookRecommender\src\server\Server.java. Using fallback presentation compiler.
mag 02, 2026 3:26:33 AM org.eclipse.lsp4j.jsonrpc.RemoteEndpoint handleCancellation
AVVERTENZA: Unmatched cancel notification for request id 1669
mag 02, 2026 3:26:33 AM org.eclipse.lsp4j.jsonrpc.RemoteEndpoint handleCancellation
AVVERTENZA: Unmatched cancel notification for request id 1670
2026.05.02 03:26:32 INFO  no build target found for C:\Users\Mouhammad Toure\Videos\BookRecommender\BookRecommender\src\server\Server.java. Using fallback presentation compiler.
mag 02, 2026 3:26:34 AM org.eclipse.lsp4j.jsonrpc.RemoteEndpoint handleCancellation
AVVERTENZA: Unmatched cancel notification for request id 1675
2026.05.02 03:26:34 INFO  no build target found for C:\Users\Mouhammad Toure\Videos\BookRecommender\BookRecommender\src\server\Server.java. Using fallback presentation compiler.
2026.05.02 03:26:34 WARN  no build target for: C:\Users\Mouhammad Toure\Videos\BookRecommender\BookRecommender\src\server\Server.java
mag 02, 2026 3:26:34 AM org.eclipse.lsp4j.jsonrpc.RemoteEndpoint handleCancellation
AVVERTENZA: Unmatched cancel notification for request id 1676
2026.05.02 03:26:34 INFO  no build target found for C:\Users\Mouhammad Toure\Videos\BookRecommender\BookRecommender\src\server\Server.java. Using fallback presentation compiler.
2026.05.02 03:26:34 WARN  Running javac-semanticdb failed for file:///C:/Users/Mouhammad%20Toure/Videos/BookRecommender/BookRecommender/src/server/Server.java. Output:

mag 02, 2026 3:26:34 AM org.eclipse.lsp4j.jsonrpc.RemoteEndpoint handleCancellation
AVVERTENZA: Unmatched cancel notification for request id 1677
mag 02, 2026 3:26:34 AM org.eclipse.lsp4j.jsonrpc.RemoteEndpoint handleCancellation
AVVERTENZA: Unmatched cancel notification for request id 1673
mag 02, 2026 3:26:34 AM org.eclipse.lsp4j.jsonrpc.RemoteEndpoint handleCancellation
AVVERTENZA: Unmatched cancel notification for request id 1674
mag 02, 2026 3:26:34 AM org.eclipse.lsp4j.jsonrpc.RemoteEndpoint handleCancellation
AVVERTENZA: Unmatched cancel notification for request id 1671
2026.05.02 03:26:34 INFO  no build target found for C:\Users\Mouhammad Toure\Videos\BookRecommender\BookRecommender\src\server\Server.java. Using fallback presentation compiler.
2026.05.02 03:26:34 INFO  no build target found for C:\Users\Mouhammad Toure\Videos\BookRecommender\BookRecommender\src\server\Server.java. Using fallback presentation compiler.
mag 02, 2026 3:26:35 AM org.eclipse.lsp4j.jsonrpc.RemoteEndpoint handleCancellation
AVVERTENZA: Unmatched cancel notification for request id 1678
mag 02, 2026 3:26:35 AM org.eclipse.lsp4j.jsonrpc.RemoteEndpoint handleCancellation
AVVERTENZA: Unmatched cancel notification for request id 1679
2026.05.02 03:26:35 INFO  no build target found for C:\Users\Mouhammad Toure\Videos\BookRecommender\BookRecommender\src\server\Server.java. Using fallback presentation compiler.
2026.05.02 03:26:35 INFO  no build target found for C:\Users\Mouhammad Toure\Videos\BookRecommender\BookRecommender\src\server\Server.java. Using fallback presentation compiler.
2026.05.02 03:26:35 WARN  no build target for: C:\Users\Mouhammad Toure\Videos\BookRecommender\BookRecommender\src\server\Server.java
mag 02, 2026 3:26:35 AM org.eclipse.lsp4j.jsonrpc.RemoteEndpoint handleCancellation
AVVERTENZA: Unmatched cancel notification for request id 1685
2026.05.02 03:26:35 INFO  no build target found for C:\Users\Mouhammad Toure\Videos\BookRecommender\BookRecommender\src\server\Server.java. Using fallback presentation compiler.
2026.05.02 03:26:35 WARN  Running javac-semanticdb failed for file:///C:/Users/Mouhammad%20Toure/Videos/BookRecommender/BookRecommender/src/server/Server.java. Output:

2026.05.02 03:26:36 INFO  no build target found for C:\Users\Mouhammad Toure\Videos\BookRecommender\BookRecommender\src\server\Server.java. Using fallback presentation compiler.
mag 02, 2026 3:26:36 AM org.eclipse.lsp4j.jsonrpc.RemoteEndpoint handleCancellation
AVVERTENZA: Unmatched cancel notification for request id 1686
2026.05.02 03:26:35 INFO  no build target found for C:\Users\Mouhammad Toure\Videos\BookRecommender\BookRecommender\src\server\Server.java. Using fallback presentation compiler.
2026.05.02 03:26:38 INFO  no build target found for C:\Users\Mouhammad Toure\Videos\BookRecommender\BookRecommender\src\server\Server.java. Using fallback presentation compiler.
2026.05.02 03:26:38 INFO  no build target found for C:\Users\Mouhammad Toure\Videos\BookRecommender\BookRecommender\src\server\Server.java. Using fallback presentation compiler.
mag 02, 2026 3:26:38 AM org.eclipse.lsp4j.jsonrpc.RemoteEndpoint handleCancellation
AVVERTENZA: Unmatched cancel notification for request id 1689
2026.05.02 03:26:38 INFO  no build target found for C:\Users\Mouhammad Toure\Videos\BookRecommender\BookRecommender\src\server\Server.java. Using fallback presentation compiler.
2026.05.02 03:26:39 INFO  no build target found for C:\Users\Mouhammad Toure\Videos\BookRecommender\BookRecommender\src\server\Server.java. Using fallback presentation compiler.
mag 02, 2026 3:26:39 AM org.eclipse.lsp4j.jsonrpc.RemoteEndpoint handleCancellation
AVVERTENZA: Unmatched cancel notification for request id 1690
mag 02, 2026 3:26:39 AM org.eclipse.lsp4j.jsonrpc.RemoteEndpoint handleCancellation
AVVERTENZA: Unmatched cancel notification for request id 1692
2026.05.02 03:26:39 INFO  no build target found for C:\Users\Mouhammad Toure\Videos\BookRecommender\BookRecommender\src\server\Server.java. Using fallback presentation compiler.
2026.05.02 03:26:39 INFO  no build target found for C:\Users\Mouhammad Toure\Videos\BookRecommender\BookRecommender\src\server\Server.java. Using fallback presentation compiler.
2026.05.02 03:26:39 WARN  no build target for: C:\Users\Mouhammad Toure\Videos\BookRecommender\BookRecommender\src\server\Server.java
2026.05.02 03:26:39 INFO  no build target found for C:\Users\Mouhammad Toure\Videos\BookRecommender\BookRecommender\src\server\Server.java. Using fallback presentation compiler.
2026.05.02 03:26:40 INFO  no build target found for C:\Users\Mouhammad Toure\Videos\BookRecommender\BookRecommender\src\server\Server.java. Using fallback presentation compiler.
2026.05.02 03:26:40 WARN  Running javac-semanticdb failed for file:///C:/Users/Mouhammad%20Toure/Videos/BookRecommender/BookRecommender/src/server/Server.java. Output:

2026.05.02 03:26:40 INFO  no build target found for C:\Users\Mouhammad Toure\Videos\BookRecommender\BookRecommender\src\server\Server.java. Using fallback presentation compiler.
2026.05.02 03:26:40 INFO  no build target found for C:\Users\Mouhammad Toure\Videos\BookRecommender\BookRecommender\src\server\Server.java. Using fallback presentation compiler.
2026.05.02 03:26:40 INFO  no build target found for C:\Users\Mouhammad Toure\Videos\BookRecommender\BookRecommender\src\server\Server.java. Using fallback presentation compiler.
2026.05.02 03:26:41 WARN  Running javac-semanticdb failed for file:///C:/Users/Mouhammad%20Toure/Videos/BookRecommender/BookRecommender/src/server/Server.java. Output:

2026.05.02 03:26:41 INFO  no build target found for C:\Users\Mouhammad Toure\Videos\BookRecommender\BookRecommender\src\server\Server.java. Using fallback presentation compiler.
2026.05.02 03:26:41 WARN  no build target for: C:\Users\Mouhammad Toure\Videos\BookRecommender\BookRecommender\src\server\Server.java
2026.05.02 03:26:42 INFO  no build target found for C:\Users\Mouhammad Toure\Videos\BookRecommender\BookRecommender\src\server\Server.java. Using fallback presentation compiler.
2026.05.02 03:26:42 INFO  no build target found for C:\Users\Mouhammad Toure\Videos\BookRecommender\BookRecommender\src\server\Server.java. Using fallback presentation compiler.
mag 02, 2026 3:26:43 AM org.eclipse.lsp4j.jsonrpc.RemoteEndpoint handleCancellation
AVVERTENZA: Unmatched cancel notification for request id 1709
2026.05.02 03:26:43 INFO  no build target found for C:\Users\Mouhammad Toure\Videos\BookRecommender\BookRecommender\src\server\Server.java. Using fallback presentation compiler.
2026.05.02 03:26:43 INFO  no build target found for C:\Users\Mouhammad Toure\Videos\BookRecommender\BookRecommender\src\server\Server.java. Using fallback presentation compiler.
2026.05.02 03:26:43 INFO  no build target found for C:\Users\Mouhammad Toure\Videos\BookRecommender\BookRecommender\src\server\Server.java. Using fallback presentation compiler.
2026.05.02 03:26:44 INFO  no build target found for C:\Users\Mouhammad Toure\Videos\BookRecommender\BookRecommender\src\server\Server.java. Using fallback presentation compiler.
2026.05.02 03:26:44 INFO  no build target found for C:\Users\Mouhammad Toure\Videos\BookRecommender\BookRecommender\src\server\Server.java. Using fallback presentation compiler.
mag 02, 2026 3:26:44 AM org.eclipse.lsp4j.jsonrpc.RemoteEndpoint handleCancellation
AVVERTENZA: Unmatched cancel notification for request id 1714
2026.05.02 03:26:49 INFO  no build target found for C:\Users\Mouhammad Toure\Videos\BookRecommender\BookRecommender\src\server\Server.java. Using fallback presentation compiler.
2026.05.02 03:38:52 INFO  no build target found for C:\Users\Mouhammad Toure\Videos\BookRecommender\BookRecommender\src\server\Server.java. Using fallback presentation compiler.
2026.05.02 03:38:55 INFO  no build target found for C:\Users\Mouhammad Toure\Videos\BookRecommender\BookRecommender\src\bookrecommender\DatabaseInitializer.java. Using fallback presentation compiler.
2026.05.02 03:38:56 WARN  no build target for: C:\Users\Mouhammad Toure\Videos\BookRecommender\BookRecommender\src\bookrecommender\BookRecommender.java
2026.05.02 03:38:57 INFO  no build target found for C:\Users\Mouhammad Toure\Videos\BookRecommender\BookRecommender\src\bookrecommender\BookRecommender.java. Using fallback presentation compiler.
2026.05.02 03:39:01 WARN  no build target for: C:\Users\Mouhammad Toure\Videos\BookRecommender\BookRecommender\src\bookrecommender\BookRecommender.java
2026.05.02 03:39:01 INFO  no build target found for C:\Users\Mouhammad Toure\Videos\BookRecommender\BookRecommender\src\bookrecommender\BookRecommender.java. Using fallback presentation compiler.
2026.05.02 03:39:01 INFO  no build target found for C:\Users\Mouhammad Toure\Videos\BookRecommender\BookRecommender\src\bookrecommender\BookRecommender.java. Using fallback presentation compiler.
2026.05.02 03:39:01 WARN  Running javac-semanticdb failed for file:///C:/Users/Mouhammad%20Toure/Videos/BookRecommender/BookRecommender/src/bookrecommender/BookRecommender.java. Output:

2026.05.02 03:39:03 INFO  no build target found for C:\Users\Mouhammad Toure\Videos\BookRecommender\BookRecommender\src\bookrecommender\BookRecommender.java. Using fallback presentation compiler.
mag 02, 2026 3:39:06 AM org.eclipse.lsp4j.jsonrpc.RemoteEndpoint handleCancellation
AVVERTENZA: Unmatched cancel notification for request id 1722
mag 02, 2026 3:39:06 AM org.eclipse.lsp4j.jsonrpc.RemoteEndpoint handleCancellation
AVVERTENZA: Unmatched cancel notification for request id 1727
2026.05.02 03:39:06 INFO  no build target found for C:\Users\Mouhammad Toure\Videos\BookRecommender\BookRecommender\src\bookrecommender\BookRecommender.java. Using fallback presentation compiler.
2026.05.02 03:39:14 INFO  no build target found for C:\Users\Mouhammad Toure\Videos\BookRecommender\BookRecommender\src\bookrecommender\BookRecommender.java. Using fallback presentation compiler.
mag 02, 2026 3:39:14 AM org.eclipse.lsp4j.jsonrpc.RemoteEndpoint handleCancellation
AVVERTENZA: Unmatched cancel notification for request id 1733
2026.05.02 03:39:14 INFO  no build target found for C:\Users\Mouhammad Toure\Videos\BookRecommender\BookRecommender\src\bookrecommender\BookRecommender.java. Using fallback presentation compiler.
2026.05.02 03:39:14 INFO  no build target found for C:\Users\Mouhammad Toure\Videos\BookRecommender\BookRecommender\src\bookrecommender\BookRecommender.java. Using fallback presentation compiler.
2026.05.02 03:39:14 INFO  no build target found for C:\Users\Mouhammad Toure\Videos\BookRecommender\BookRecommender\src\bookrecommender\BookRecommender.java. Using fallback presentation compiler.
2026.05.02 03:39:15 INFO  no build target found for C:\Users\Mouhammad Toure\Videos\BookRecommender\BookRecommender\src\bookrecommender\BookRecommender.java. Using fallback presentation compiler.
mag 02, 2026 3:39:16 AM org.eclipse.lsp4j.jsonrpc.RemoteEndpoint handleCancellation
AVVERTENZA: Unmatched cancel notification for request id 1737
2026.05.02 03:39:15 INFO  no build target found for C:\Users\Mouhammad Toure\Videos\BookRecommender\BookRecommender\src\bookrecommender\BookRecommender.java. Using fallback presentation compiler.
2026.05.02 03:39:18 INFO  no build target found for C:\Users\Mouhammad Toure\Videos\BookRecommender\BookRecommender\src\bookrecommender\BookRecommender.java. Using fallback presentation compiler.
2026.05.02 03:39:20 WARN  no build target for: C:\Users\Mouhammad Toure\Videos\BookRecommender\BookRecommender\src\bookrecommender\BookRecommender.java
2026.05.02 03:39:20 INFO  no build target found for C:\Users\Mouhammad Toure\Videos\BookRecommender\BookRecommender\src\bookrecommender\BookRecommender.java. Using fallback presentation compiler.
2026.05.02 03:39:22 INFO  no build target found for C:\Users\Mouhammad Toure\Videos\BookRecommender\BookRecommender\src\bookrecommender\BookRecommender.java. Using fallback presentation compiler.
2026.05.02 03:39:23 WARN  no build target for: C:\Users\Mouhammad Toure\Videos\BookRecommender\BookRecommender\src\bookrecommender\BookRecommender.java
2026.05.02 03:39:22 INFO  no build target found for C:\Users\Mouhammad Toure\Videos\BookRecommender\BookRecommender\src\bookrecommender\BookRecommender.java. Using fallback presentation compiler.
2026.05.02 03:39:23 WARN  Running javac-semanticdb failed for file:///C:/Users/Mouhammad%20Toure/Videos/BookRecommender/BookRecommender/src/bookrecommender/BookRecommender.java. Output:

2026.05.02 03:39:26 INFO  no build target found for C:\Users\Mouhammad Toure\Videos\BookRecommender\BookRecommender\src\bookrecommender\BookRecommender.java. Using fallback presentation compiler.
2026.05.02 03:39:26 WARN  Running javac-semanticdb failed for file:///C:/Users/Mouhammad%20Toure/Videos/BookRecommender/BookRecommender/src/bookrecommender/BookRecommender.java. Output:

2026.05.02 03:39:29 INFO  no build target found for C:\Users\Mouhammad Toure\Videos\BookRecommender\BookRecommender\src\bookrecommender\BookRecommender.java. Using fallback presentation compiler.
2026.05.02 03:39:29 INFO  no build target found for C:\Users\Mouhammad Toure\Videos\BookRecommender\BookRecommender\src\bookrecommender\BookRecommender.java. Using fallback presentation compiler.
mag 02, 2026 3:39:29 AM org.eclipse.lsp4j.jsonrpc.RemoteEndpoint handleCancellation
AVVERTENZA: Unmatched cancel notification for request id 1750
2026.05.02 03:39:31 INFO  no build target found for C:\Users\Mouhammad Toure\Videos\BookRecommender\BookRecommender\src\bookrecommender\BookRecommender.java. Using fallback presentation compiler.
2026.05.02 03:39:32 INFO  no build target found for C:\Users\Mouhammad Toure\Videos\BookRecommender\BookRecommender\src\bookrecommender\BookRecommender.java. Using fallback presentation compiler.
mag 02, 2026 3:39:33 AM org.eclipse.lsp4j.jsonrpc.RemoteEndpoint handleCancellation
AVVERTENZA: Unmatched cancel notification for request id 1752
2026.05.02 03:41:53 INFO  no build target found for C:\Users\Mouhammad Toure\Videos\BookRecommender\BookRecommender\src\bookrecommender\BookRecommender.java. Using fallback presentation compiler.
2026.05.02 03:41:53 INFO  no build target found for C:\Users\Mouhammad Toure\Videos\BookRecommender\BookRecommender\src\bookrecommender\BookRecommender.java. Using fallback presentation compiler.
2026.05.02 03:41:53 INFO  no build target found for C:\Users\Mouhammad Toure\Videos\BookRecommender\BookRecommender\src\bookrecommender\BookRecommender.java. Using fallback presentation compiler.
2026.05.02 03:41:55 INFO  no build target found for C:\Users\Mouhammad Toure\Videos\BookRecommender\BookRecommender\src\bookrecommender\BookRecommender.java. Using fallback presentation compiler.
mag 02, 2026 3:41:56 AM org.eclipse.lsp4j.jsonrpc.RemoteEndpoint handleCancellation
AVVERTENZA: Unmatched cancel notification for request id 1759
2026.05.02 03:41:55 INFO  no build target found for C:\Users\Mouhammad Toure\Videos\BookRecommender\BookRecommender\src\bookrecommender\BookRecommender.java. Using fallback presentation compiler.
mag 02, 2026 3:41:56 AM org.eclipse.lsp4j.jsonrpc.RemoteEndpoint handleCancellation
AVVERTENZA: Unmatched cancel notification for request id 1760
2026.05.02 03:41:56 INFO  no build target found for C:\Users\Mouhammad Toure\Videos\BookRecommender\BookRecommender\src\bookrecommender\BookRecommender.java. Using fallback presentation compiler.
mag 02, 2026 3:41:57 AM org.eclipse.lsp4j.jsonrpc.RemoteEndpoint handleCancellation
AVVERTENZA: Unmatched cancel notification for request id 1761
2026.05.02 03:42:04 INFO  no build target found for C:\Users\Mouhammad Toure\Videos\BookRecommender\BookRecommender\src\bookrecommender\BookRecommender.java. Using fallback presentation compiler.
2026.05.02 03:42:04 INFO  no build target found for C:\Users\Mouhammad Toure\Videos\BookRecommender\BookRecommender\src\bookrecommender\BookRecommender.java. Using fallback presentation compiler.
mag 02, 2026 3:42:05 AM org.eclipse.lsp4j.jsonrpc.RemoteEndpoint handleCancellation
AVVERTENZA: Unmatched cancel notification for request id 1768
2026.05.02 03:42:07 INFO  no build target found for C:\Users\Mouhammad Toure\Videos\BookRecommender\BookRecommender\src\bookrecommender\BookRecommender.java. Using fallback presentation compiler.
mag 02, 2026 3:42:07 AM org.eclipse.lsp4j.jsonrpc.RemoteEndpoint handleCancellation
AVVERTENZA: Unmatched cancel notification for request id 1769
2026.05.02 03:42:09 INFO  no build target found for C:\Users\Mouhammad Toure\Videos\BookRecommender\BookRecommender\src\bookrecommender\BookRecommender.java. Using fallback presentation compiler.
mag 02, 2026 3:44:04 AM org.eclipse.lsp4j.jsonrpc.RemoteEndpoint handleCancellation
AVVERTENZA: Unmatched cancel notification for request id 1793
mag 02, 2026 3:44:09 AM org.eclipse.lsp4j.jsonrpc.RemoteEndpoint handleCancellation
AVVERTENZA: Unmatched cancel notification for request id 1820
2026.05.02 03:44:12 INFO  no build target found for C:\Users\Mouhammad Toure\Videos\BookRecommender\BookRecommender\src\bookrecommender\BookRecommender.java. Using fallback presentation compiler.
2026.05.02 03:44:30 INFO  no build target found for C:\Users\Mouhammad Toure\Videos\BookRecommender\BookRecommender\src\bookrecommender\BookRecommender.java. Using fallback presentation compiler.
2026.05.02 03:44:33 INFO  no build target found for C:\Users\Mouhammad Toure\Videos\BookRecommender\BookRecommender\src\bookrecommender\BookRecommender.java. Using fallback presentation compiler.
2026.05.02 03:44:33 INFO  no build target found for C:\Users\Mouhammad Toure\Videos\BookRecommender\BookRecommender\src\bookrecommender\BookRecommender.java. Using fallback presentation compiler.
2026.05.02 03:44:35 WARN  no build target for: C:\Users\Mouhammad Toure\Videos\BookRecommender\BookRecommender\src\bookrecommender\BookRecommender.java
2026.05.02 03:44:35 INFO  no build target found for C:\Users\Mouhammad Toure\Videos\BookRecommender\BookRecommender\src\bookrecommender\BookRecommender.java. Using fallback presentation compiler.
2026.05.02 03:44:38 WARN  Running javac-semanticdb failed for file:///C:/Users/Mouhammad%20Toure/Videos/BookRecommender/BookRecommender/src/bookrecommender/BookRecommender.java. Output:

2026.05.02 03:44:40 INFO  no build target found for C:\Users\Mouhammad Toure\Videos\BookRecommender\BookRecommender\src\bookrecommender\BookRecommender.java. Using fallback presentation compiler.
2026.05.02 03:44:42 INFO  no build target found for C:\Users\Mouhammad Toure\Videos\BookRecommender\BookRecommender\src\bookrecommender\BookRecommender.java. Using fallback presentation compiler.
2026.05.02 03:44:43 INFO  no build target found for C:\Users\Mouhammad Toure\Videos\BookRecommender\BookRecommender\src\bookrecommender\BookRecommender.java. Using fallback presentation compiler.
2026.05.02 03:44:47 INFO  no build target found for C:\Users\Mouhammad Toure\Videos\BookRecommender\BookRecommender\src\bookrecommender\BookRecommender.java. Using fallback presentation compiler.
mag 02, 2026 3:44:47 AM org.eclipse.lsp4j.jsonrpc.RemoteEndpoint handleCancellation
AVVERTENZA: Unmatched cancel notification for request id 1873
2026.05.02 03:44:47 INFO  no build target found for C:\Users\Mouhammad Toure\Videos\BookRecommender\BookRecommender\src\bookrecommender\BookRecommender.java. Using fallback presentation compiler.
mag 02, 2026 3:44:47 AM org.eclipse.lsp4j.jsonrpc.RemoteEndpoint handleCancellation
AVVERTENZA: Unmatched cancel notification for request id 1874
2026.05.02 03:44:47 INFO  no build target found for C:\Users\Mouhammad Toure\Videos\BookRecommender\BookRecommender\src\bookrecommender\BookRecommender.java. Using fallback presentation compiler.
2026.05.02 03:44:49 INFO  no build target found for C:\Users\Mouhammad Toure\Videos\BookRecommender\BookRecommender\src\bookrecommender\BookRecommender.java. Using fallback presentation compiler.
mag 02, 2026 3:44:51 AM org.eclipse.lsp4j.jsonrpc.RemoteEndpoint handleCancellation
AVVERTENZA: Unmatched cancel notification for request id 1876
mag 02, 2026 3:44:51 AM org.eclipse.lsp4j.jsonrpc.RemoteEndpoint handleCancellation
AVVERTENZA: Unmatched cancel notification for request id 1877
mag 02, 2026 3:44:51 AM org.eclipse.lsp4j.jsonrpc.RemoteEndpoint handleCancellation
AVVERTENZA: Unmatched cancel notification for request id 1878
2026.05.02 03:44:51 INFO  no build target found for C:\Users\Mouhammad Toure\Videos\BookRecommender\BookRecommender\src\bookrecommender\BookRecommender.java. Using fallback presentation compiler.
mag 02, 2026 3:44:52 AM org.eclipse.lsp4j.jsonrpc.RemoteEndpoint handleCancellation
AVVERTENZA: Unmatched cancel notification for request id 1879
mag 02, 2026 3:44:52 AM org.eclipse.lsp4j.jsonrpc.RemoteEndpoint handleCancellation
AVVERTENZA: Unmatched cancel notification for request id 1880
mag 02, 2026 3:44:52 AM org.eclipse.lsp4j.jsonrpc.RemoteEndpoint handleCancellation
AVVERTENZA: Unmatched cancel notification for request id 1881
2026.05.02 03:44:52 INFO  no build target found for C:\Users\Mouhammad Toure\Videos\BookRecommender\BookRecommender\src\bookrecommender\BookRecommender.java. Using fallback presentation compiler.
2026.05.02 03:44:52 WARN  no build target for: C:\Users\Mouhammad Toure\Videos\BookRecommender\BookRecommender\src\bookrecommender\BookRecommender.java
2026.05.02 03:44:52 INFO  no build target found for C:\Users\Mouhammad Toure\Videos\BookRecommender\BookRecommender\src\bookrecommender\BookRecommender.java. Using fallback presentation compiler.
mag 02, 2026 3:44:54 AM org.eclipse.lsp4j.jsonrpc.RemoteEndpoint handleCancellation
AVVERTENZA: Unmatched cancel notification for request id 1886
mag 02, 2026 3:44:54 AM org.eclipse.lsp4j.jsonrpc.RemoteEndpoint handleCancellation
AVVERTENZA: Unmatched cancel notification for request id 1887
2026.05.02 03:44:54 INFO  no build target found for C:\Users\Mouhammad Toure\Videos\BookRecommender\BookRecommender\src\bookrecommender\BookRecommender.java. Using fallback presentation compiler.
2026.05.02 03:44:54 WARN  Running javac-semanticdb failed for file:///C:/Users/Mouhammad%20Toure/Videos/BookRecommender/BookRecommender/src/bookrecommender/BookRecommender.java. Output:

mag 02, 2026 3:44:55 AM org.eclipse.lsp4j.jsonrpc.RemoteEndpoint handleCancellation
AVVERTENZA: Unmatched cancel notification for request id 1889
mag 02, 2026 3:44:55 AM org.eclipse.lsp4j.jsonrpc.RemoteEndpoint handleCancellation
AVVERTENZA: Unmatched cancel notification for request id 1890
2026.05.02 03:44:55 WARN  no build target for: C:\Users\Mouhammad Toure\Videos\BookRecommender\BookRecommender\src\bookrecommender\BookRecommender.java
mag 02, 2026 3:44:55 AM org.eclipse.lsp4j.jsonrpc.RemoteEndpoint handleCancellation
AVVERTENZA: Unmatched cancel notification for request id 1891
2026.05.02 03:44:54 INFO  no build target found for C:\Users\Mouhammad Toure\Videos\BookRecommender\BookRecommender\src\bookrecommender\BookRecommender.java. Using fallback presentation compiler.
mag 02, 2026 3:44:55 AM org.eclipse.lsp4j.jsonrpc.RemoteEndpoint handleCancellation
AVVERTENZA: Unmatched cancel notification for request id 1894
2026.05.02 03:44:55 INFO  no build target found for C:\Users\Mouhammad Toure\Videos\BookRecommender\BookRecommender\src\bookrecommender\BookRecommender.java. Using fallback presentation compiler.
2026.05.02 03:44:55 INFO  no build target found for C:\Users\Mouhammad Toure\Videos\BookRecommender\BookRecommender\src\bookrecommender\BookRecommender.java. Using fallback presentation compiler.
mag 02, 2026 3:44:57 AM org.eclipse.lsp4j.jsonrpc.RemoteEndpoint handleCancellation
AVVERTENZA: Unmatched cancel notification for request id 1897
2026.05.02 03:44:57 INFO  no build target found for C:\Users\Mouhammad Toure\Videos\BookRecommender\BookRecommender\src\bookrecommender\BookRecommender.java. Using fallback presentation compiler.
2026.05.02 03:44:58 INFO  no build target found for C:\Users\Mouhammad Toure\Videos\BookRecommender\BookRecommender\src\bookrecommender\BookRecommender.java. Using fallback presentation compiler.
2026.05.02 03:44:57 INFO  no build target found for C:\Users\Mouhammad Toure\Videos\BookRecommender\BookRecommender\src\bookrecommender\BookRecommender.java. Using fallback presentation compiler.
mag 02, 2026 3:44:59 AM org.eclipse.lsp4j.jsonrpc.RemoteEndpoint handleCancellation
AVVERTENZA: Unmatched cancel notification for request id 1901
2026.05.02 03:44:59 INFO  no build target found for C:\Users\Mouhammad Toure\Videos\BookRecommender\BookRecommender\src\bookrecommender\BookRecommender.java. Using fallback presentation compiler.
2026.05.02 03:45:00 INFO  no build target found for C:\Users\Mouhammad Toure\Videos\BookRecommender\BookRecommender\src\bookrecommender\BookRecommender.java. Using fallback presentation compiler.
2026.05.02 03:47:52 INFO  no build target found for C:\Users\Mouhammad Toure\Videos\BookRecommender\BookRecommender\src\bookrecommender\BookRecommender.java. Using fallback presentation compiler.
2026.05.02 03:47:57 INFO  no build target found for C:\Users\Mouhammad Toure\Videos\BookRecommender\BookRecommender\src\bookrecommender\BookRecommender.java. Using fallback presentation compiler.
2026.05.02 03:47:57 INFO  no build target found for C:\Users\Mouhammad Toure\Videos\BookRecommender\BookRecommender\src\bookrecommender\BookRecommender.java. Using fallback presentation compiler.
2026.05.02 03:48:03 INFO  no build target found for C:\Users\Mouhammad Toure\Videos\BookRecommender\BookRecommender\src\bookrecommender\BookRecommender.java. Using fallback presentation compiler.
mag 02, 2026 3:48:06 AM org.eclipse.lsp4j.jsonrpc.RemoteEndpoint handleCancellation
AVVERTENZA: Unmatched cancel notification for request id 1910
2026.05.02 03:48:06 WARN  no build target for: C:\Users\Mouhammad Toure\Videos\BookRecommender\BookRecommender\src\bookrecommender\BookRecommender.java
2026.05.02 03:48:06 INFO  no build target found for C:\Users\Mouhammad Toure\Videos\BookRecommender\BookRecommender\src\bookrecommender\BookRecommender.java. Using fallback presentation compiler.
mag 02, 2026 3:48:06 AM org.eclipse.lsp4j.jsonrpc.RemoteEndpoint handleCancellation
AVVERTENZA: Unmatched cancel notification for request id 1913
2026.05.02 03:48:06 INFO  no build target found for C:\Users\Mouhammad Toure\Videos\BookRecommender\BookRecommender\src\bookrecommender\BookRecommender.java. Using fallback presentation compiler.
2026.05.02 03:48:07 WARN  Running javac-semanticdb failed for file:///C:/Users/Mouhammad%20Toure/Videos/BookRecommender/BookRecommender/src/bookrecommender/BookRecommender.java. Output:

2026.05.02 03:48:07 INFO  no build target found for C:\Users\Mouhammad Toure\Videos\BookRecommender\BookRecommender\src\bookrecommender\BookRecommender.java. Using fallback presentation compiler.
mag 02, 2026 3:48:08 AM org.eclipse.lsp4j.jsonrpc.RemoteEndpoint handleCancellation
AVVERTENZA: Unmatched cancel notification for request id 1917
mag 02, 2026 3:48:08 AM org.eclipse.lsp4j.jsonrpc.RemoteEndpoint handleCancellation
AVVERTENZA: Unmatched cancel notification for request id 1914
2026.05.02 03:48:08 WARN  no build target for: C:\Users\Mouhammad Toure\Videos\BookRecommender\BookRecommender\src\bookrecommender\BookRecommender.java
2026.05.02 03:48:08 INFO  no build target found for C:\Users\Mouhammad Toure\Videos\BookRecommender\BookRecommender\src\bookrecommender\BookRecommender.java. Using fallback presentation compiler.
2026.05.02 03:48:08 WARN  Running javac-semanticdb failed for file:///C:/Users/Mouhammad%20Toure/Videos/BookRecommender/BookRecommender/src/bookrecommender/BookRecommender.java. Output:

mag 02, 2026 3:48:08 AM org.eclipse.lsp4j.jsonrpc.RemoteEndpoint handleCancellation
AVVERTENZA: Unmatched cancel notification for request id 1919
mag 02, 2026 3:48:08 AM org.eclipse.lsp4j.jsonrpc.RemoteEndpoint handleCancellation
AVVERTENZA: Unmatched cancel notification for request id 1918
2026.05.02 03:48:08 INFO  no build target found for C:\Users\Mouhammad Toure\Videos\BookRecommender\BookRecommender\src\bookrecommender\BookRecommender.java. Using fallback presentation compiler.
mag 02, 2026 3:48:08 AM org.eclipse.lsp4j.jsonrpc.RemoteEndpoint handleCancellation
AVVERTENZA: Unmatched cancel notification for request id 1921
2026.05.02 03:48:08 INFO  no build target found for C:\Users\Mouhammad Toure\Videos\BookRecommender\BookRecommender\src\bookrecommender\BookRecommender.java. Using fallback presentation compiler.
2026.05.02 03:48:08 INFO  no build target found for C:\Users\Mouhammad Toure\Videos\BookRecommender\BookRecommender\src\bookrecommender\BookRecommender.java. Using fallback presentation compiler.
2026.05.02 03:48:22 INFO  no build target found for C:\Users\Mouhammad Toure\Videos\BookRecommender\BookRecommender\src\bookrecommender\BookRecommender.java. Using fallback presentation compiler.
2026.05.02 03:48:22 INFO  no build target found for C:\Users\Mouhammad Toure\Videos\BookRecommender\BookRecommender\src\bookrecommender\BookRecommender.java. Using fallback presentation compiler.
2026.05.02 03:48:22 WARN  no build target for: C:\Users\Mouhammad Toure\Videos\BookRecommender\BookRecommender\src\bookrecommender\BookRecommender.java
2026.05.02 03:48:23 INFO  no build target found for C:\Users\Mouhammad Toure\Videos\BookRecommender\BookRecommender\src\bookrecommender\BookRecommender.java. Using fallback presentation compiler.
2026.05.02 03:48:23 WARN  Running javac-semanticdb failed for file:///C:/Users/Mouhammad%20Toure/Videos/BookRecommender/BookRecommender/src/bookrecommender/BookRecommender.java. Output:

2026.05.02 03:48:23 INFO  no build target found for C:\Users\Mouhammad Toure\Videos\BookRecommender\BookRecommender\src\bookrecommender\BookRecommender.java. Using fallback presentation compiler.
2026.05.02 03:48:23 INFO  no build target found for C:\Users\Mouhammad Toure\Videos\BookRecommender\BookRecommender\src\bookrecommender\BookRecommender.java. Using fallback presentation compiler.
2026.05.02 03:48:23 INFO  no build target found for C:\Users\Mouhammad Toure\Videos\BookRecommender\BookRecommender\src\bookrecommender\BookRecommender.java. Using fallback presentation compiler.
2026.05.02 03:48:23 INFO  no build target found for C:\Users\Mouhammad Toure\Videos\BookRecommender\BookRecommender\src\bookrecommender\BookRecommender.java. Using fallback presentation compiler.
2026.05.02 03:48:25 INFO  no build target found for C:\Users\Mouhammad Toure\Videos\BookRecommender\BookRecommender\src\bookrecommender\BookRecommender.java. Using fallback presentation compiler.
2026.05.02 03:48:25 INFO  no build target found for C:\Users\Mouhammad Toure\Videos\BookRecommender\BookRecommender\src\bookrecommender\BookRecommender.java. Using fallback presentation compiler.
2026.05.02 03:48:25 INFO  no build target found for C:\Users\Mouhammad Toure\Videos\BookRecommender\BookRecommender\src\bookrecommender\BookRecommender.java. Using fallback presentation compiler.
2026.05.02 03:48:27 WARN  no build target for: C:\Users\Mouhammad Toure\Videos\BookRecommender\BookRecommender\src\bookrecommender\BookRecommender.java
2026.05.02 03:48:27 INFO  no build target found for C:\Users\Mouhammad Toure\Videos\BookRecommender\BookRecommender\src\bookrecommender\BookRecommender.java. Using fallback presentation compiler.mag 02, 2026 3:48:27 AM org.eclipse.lsp4j.jsonrpc.RemoteEndpoint handleCancellation
AVVERTENZA: Unmatched cancel notification for request id 1936

mag 02, 2026 3:48:27 AM org.eclipse.lsp4j.jsonrpc.RemoteEndpoint handleCancellation
AVVERTENZA: Unmatched cancel notification for request id 1937
2026.05.02 03:48:27 INFO  no build target found for C:\Users\Mouhammad Toure\Videos\BookRecommender\BookRecommender\src\bookrecommender\BookRecommender.java. Using fallback presentation compiler.
mag 02, 2026 3:48:28 AM org.eclipse.lsp4j.jsonrpc.RemoteEndpoint handleCancellation
AVVERTENZA: Unmatched cancel notification for request id 1939
2026.05.02 03:48:29 WARN  Running javac-semanticdb failed for file:///C:/Users/Mouhammad%20Toure/Videos/BookRecommender/BookRecommender/src/bookrecommender/BookRecommender.java. Output:

2026.05.02 03:48:29 INFO  no build target found for C:\Users\Mouhammad Toure\Videos\BookRecommender\BookRecommender\src\bookrecommender\BookRecommender.java. Using fallback presentation compiler.
2026.05.02 03:48:30 INFO  no build target found for C:\Users\Mouhammad Toure\Videos\BookRecommender\BookRecommender\src\bookrecommender\BookRecommender.java. Using fallback presentation compiler.
2026.05.02 03:48:35 INFO  no build target found for C:\Users\Mouhammad Toure\Videos\BookRecommender\BookRecommender\src\bookrecommender\BookRecommender.java. Using fallback presentation compiler.
2026.05.02 03:48:35 INFO  no build target found for C:\Users\Mouhammad Toure\Videos\BookRecommender\BookRecommender\src\bookrecommender\BookRecommender.java. Using fallback presentation compiler.
2026.05.02 03:48:36 INFO  no build target found for C:\Users\Mouhammad Toure\Videos\BookRecommender\BookRecommender\src\bookrecommender\BookRecommender.java. Using fallback presentation compiler.
2026.05.02 03:48:36 INFO  no build target found for C:\Users\Mouhammad Toure\Videos\BookRecommender\BookRecommender\src\bookrecommender\BookRecommender.java. Using fallback presentation compiler.
mag 02, 2026 3:48:38 AM org.eclipse.lsp4j.jsonrpc.RemoteEndpoint handleCancellation
AVVERTENZA: Unmatched cancel notification for request id 1952
mag 02, 2026 3:48:38 AM org.eclipse.lsp4j.jsonrpc.RemoteEndpoint handleCancellation
AVVERTENZA: Unmatched cancel notification for request id 1950
2026.05.02 03:48:38 WARN  no build target for: C:\Users\Mouhammad Toure\Videos\BookRecommender\BookRecommender\src\bookrecommender\BookRecommender.java
2026.05.02 03:48:38 INFO  no build target found for C:\Users\Mouhammad Toure\Videos\BookRecommender\BookRecommender\src\bookrecommender\BookRecommender.java. Using fallback presentation compiler.
2026.05.02 03:48:38 INFO  no build target found for C:\Users\Mouhammad Toure\Videos\BookRecommender\BookRecommender\src\bookrecommender\BookRecommender.java. Using fallback presentation compiler.
2026.05.02 03:48:40 WARN  Running javac-semanticdb failed for file:///C:/Users/Mouhammad%20Toure/Videos/BookRecommender/BookRecommender/src/bookrecommender/BookRecommender.java. Output:

mag 02, 2026 3:48:41 AM org.eclipse.lsp4j.jsonrpc.RemoteEndpoint handleCancellation
AVVERTENZA: Unmatched cancel notification for request id 1955
2026.05.02 03:48:41 INFO  no build target found for C:\Users\Mouhammad Toure\Videos\BookRecommender\BookRecommender\src\bookrecommender\BookRecommender.java. Using fallback presentation compiler.
2026.05.02 03:48:43 INFO  no build target found for C:\Users\Mouhammad Toure\Videos\BookRecommender\BookRecommender\src\bookrecommender\BookRecommender.java. Using fallback presentation compiler.
2026.05.02 03:49:12 INFO  no build target found for C:\Users\Mouhammad Toure\Videos\BookRecommender\BookRecommender\src\bookrecommender\BookRecommender.java. Using fallback presentation compiler.
2026.05.02 03:49:14 INFO  no build target found for C:\Users\Mouhammad Toure\Videos\BookRecommender\BookRecommender\src\bookrecommender\BookRecommender.java. Using fallback presentation compiler.
2026.05.02 03:49:16 INFO  no build target found for C:\Users\Mouhammad Toure\Videos\BookRecommender\BookRecommender\src\bookrecommender\BookRecommender.java. Using fallback presentation compiler.
mag 02, 2026 3:49:16 AM org.eclipse.lsp4j.jsonrpc.RemoteEndpoint handleCancellation
AVVERTENZA: Unmatched cancel notification for request id 1963
2026.05.02 03:49:16 INFO  no build target found for C:\Users\Mouhammad Toure\Videos\BookRecommender\BookRecommender\src\bookrecommender\BookRecommender.java. Using fallback presentation compiler.
2026.05.02 03:49:17 INFO  no build target found for C:\Users\Mouhammad Toure\Videos\BookRecommender\BookRecommender\src\bookrecommender\BookRecommender.java. Using fallback presentation compiler.
2026.05.02 03:49:17 INFO  no build target found for C:\Users\Mouhammad Toure\Videos\BookRecommender\BookRecommender\src\bookrecommender\BookRecommender.java. Using fallback presentation compiler.
2026.05.02 03:49:20 INFO  no build target found for C:\Users\Mouhammad Toure\Videos\BookRecommender\BookRecommender\src\bookrecommender\BookRecommender.java. Using fallback presentation compiler.
2026.05.02 03:49:20 INFO  no build target found for C:\Users\Mouhammad Toure\Videos\BookRecommender\BookRecommender\src\bookrecommender\BookRecommender.java. Using fallback presentation compiler.
2026.05.02 03:49:20 INFO  no build target found for C:\Users\Mouhammad Toure\Videos\BookRecommender\BookRecommender\src\bookrecommender\BookRecommender.java. Using fallback presentation compiler.
2026.05.02 03:49:22 INFO  no build target found for C:\Users\Mouhammad Toure\Videos\BookRecommender\BookRecommender\src\bookrecommender\BookRecommender.java. Using fallback presentation compiler.
2026.05.02 03:49:22 INFO  no build target found for C:\Users\Mouhammad Toure\Videos\BookRecommender\BookRecommender\src\bookrecommender\BookRecommender.java. Using fallback presentation compiler.
2026.05.02 03:49:22 INFO  no build target found for C:\Users\Mouhammad Toure\Videos\BookRecommender\BookRecommender\src\bookrecommender\BookRecommender.java. Using fallback presentation compiler.
2026.05.02 03:49:22 INFO  no build target found for C:\Users\Mouhammad Toure\Videos\BookRecommender\BookRecommender\src\bookrecommender\BookRecommender.java. Using fallback presentation compiler.
2026.05.02 03:49:23 INFO  no build target found for C:\Users\Mouhammad Toure\Videos\BookRecommender\BookRecommender\src\bookrecommender\BookRecommender.java. Using fallback presentation compiler.
2026.05.02 03:49:23 INFO  no build target found for C:\Users\Mouhammad Toure\Videos\BookRecommender\BookRecommender\src\bookrecommender\BookRecommender.java. Using fallback presentation compiler.
2026.05.02 03:49:23 INFO  no build target found for C:\Users\Mouhammad Toure\Videos\BookRecommender\BookRecommender\src\bookrecommender\BookRecommender.java. Using fallback presentation compiler.
2026.05.02 03:49:23 INFO  no build target found for C:\Users\Mouhammad Toure\Videos\BookRecommender\BookRecommender\src\bookrecommender\BookRecommender.java. Using fallback presentation compiler.
2026.05.02 03:49:24 INFO  no build target found for C:\Users\Mouhammad Toure\Videos\BookRecommender\BookRecommender\src\bookrecommender\BookRecommender.java. Using fallback presentation compiler.
2026.05.02 03:49:24 INFO  no build target found for C:\Users\Mouhammad Toure\Videos\BookRecommender\BookRecommender\src\bookrecommender\BookRecommender.java. Using fallback presentation compiler.
2026.05.02 03:49:24 INFO  no build target found for C:\Users\Mouhammad Toure\Videos\BookRecommender\BookRecommender\src\bookrecommender\BookRecommender.java. Using fallback presentation compiler.
2026.05.02 03:49:24 INFO  no build target found for C:\Users\Mouhammad Toure\Videos\BookRecommender\BookRecommender\src\bookrecommender\BookRecommender.java. Using fallback presentation compiler.
2026.05.02 03:49:26 INFO  no build target found for C:\Users\Mouhammad Toure\Videos\BookRecommender\BookRecommender\src\bookrecommender\BookRecommender.java. Using fallback presentation compiler.
2026.05.02 03:49:26 INFO  no build target found for C:\Users\Mouhammad Toure\Videos\BookRecommender\BookRecommender\src\bookrecommender\BookRecommender.java. Using fallback presentation compiler.
2026.05.02 03:49:26 INFO  no build target found for C:\Users\Mouhammad Toure\Videos\BookRecommender\BookRecommender\src\bookrecommender\BookRecommender.java. Using fallback presentation compiler.
2026.05.02 03:49:29 INFO  no build target found for C:\Users\Mouhammad Toure\Videos\BookRecommender\BookRecommender\src\bookrecommender\BookRecommender.java. Using fallback presentation compiler.
mag 02, 2026 3:49:29 AM org.eclipse.lsp4j.jsonrpc.RemoteEndpoint handleCancellation
AVVERTENZA: Unmatched cancel notification for request id 1980
2026.05.02 03:49:29 WARN  no build target for: C:\Users\Mouhammad Toure\Videos\BookRecommender\BookRecommender\src\bookrecommender\BookRecommender.java
2026.05.02 03:49:30 WARN  Running javac-semanticdb failed for file:///C:/Users/Mouhammad%20Toure/Videos/BookRecommender/BookRecommender/src/bookrecommender/BookRecommender.java. Output:

2026.05.02 03:49:30 INFO  no build target found for C:\Users\Mouhammad Toure\Videos\BookRecommender\BookRecommender\src\bookrecommender\BookRecommender.java. Using fallback presentation compiler.
mag 02, 2026 3:49:31 AM org.eclipse.lsp4j.jsonrpc.RemoteEndpoint handleCancellation
AVVERTENZA: Unmatched cancel notification for request id 1983
2026.05.02 03:49:30 INFO  no build target found for C:\Users\Mouhammad Toure\Videos\BookRecommender\BookRecommender\src\bookrecommender\BookRecommender.java. Using fallback presentation compiler.
2026.05.02 03:49:30 INFO  no build target found for C:\Users\Mouhammad Toure\Videos\BookRecommender\BookRecommender\src\bookrecommender\BookRecommender.java. Using fallback presentation compiler.
2026.05.02 03:49:31 WARN  Running javac-semanticdb failed for file:///C:/Users/Mouhammad%20Toure/Videos/BookRecommender/BookRecommender/src/bookrecommender/BookRecommender.java. Output:

mag 02, 2026 3:49:32 AM org.eclipse.lsp4j.jsonrpc.RemoteEndpoint handleCancellation
AVVERTENZA: Unmatched cancel notification for request id 1985
2026.05.02 03:49:32 INFO  no build target found for C:\Users\Mouhammad Toure\Videos\BookRecommender\BookRecommender\src\bookrecommender\BookRecommender.java. Using fallback presentation compiler.
2026.05.02 03:49:34 INFO  no build target found for C:\Users\Mouhammad Toure\Videos\BookRecommender\BookRecommender\src\bookrecommender\BookRecommender.java. Using fallback presentation compiler.
mag 02, 2026 3:49:35 AM org.eclipse.lsp4j.jsonrpc.RemoteEndpoint handleCancellation
AVVERTENZA: Unmatched cancel notification for request id 1986
mag 02, 2026 3:49:35 AM org.eclipse.lsp4j.jsonrpc.RemoteEndpoint handleCancellation
AVVERTENZA: Unmatched cancel notification for request id 1987
2026.05.02 03:49:35 INFO  no build target found for C:\Users\Mouhammad Toure\Videos\BookRecommender\BookRecommender\src\bookrecommender\BookRecommender.java. Using fallback presentation compiler.
mag 02, 2026 3:49:35 AM org.eclipse.lsp4j.jsonrpc.RemoteEndpoint handleCancellation
AVVERTENZA: Unmatched cancel notification for request id 1989
mag 02, 2026 3:49:35 AM org.eclipse.lsp4j.jsonrpc.RemoteEndpoint handleCancellation
AVVERTENZA: Unmatched cancel notification for request id 1990
2026.05.02 03:49:36 WARN  no build target for: C:\Users\Mouhammad Toure\Videos\BookRecommender\BookRecommender\src\bookrecommender\BookRecommender.java
2026.05.02 03:49:35 INFO  no build target found for C:\Users\Mouhammad Toure\Videos\BookRecommender\BookRecommender\src\bookrecommender\BookRecommender.java. Using fallback presentation compiler.
2026.05.02 03:49:37 WARN  Running javac-semanticdb failed for file:///C:/Users/Mouhammad%20Toure/Videos/BookRecommender/BookRecommender/src/bookrecommender/BookRecommender.java. Output:

2026.05.02 03:49:39 INFO  no build target found for C:\Users\Mouhammad Toure\Videos\BookRecommender\BookRecommender\src\bookrecommender\BookRecommender.java. Using fallback presentation compiler.
2026.05.02 03:49:39 INFO  no build target found for C:\Users\Mouhammad Toure\Videos\BookRecommender\BookRecommender\src\bookrecommender\BookRecommender.java. Using fallback presentation compiler.
mag 02, 2026 3:49:40 AM org.eclipse.lsp4j.jsonrpc.RemoteEndpoint handleCancellation
AVVERTENZA: Unmatched cancel notification for request id 1995
2026.05.02 03:49:40 WARN  no build target for: C:\Users\Mouhammad Toure\Videos\BookRecommender\BookRecommender\src\bookrecommender\BookRecommender.java
mag 02, 2026 3:49:40 AM org.eclipse.lsp4j.jsonrpc.RemoteEndpoint handleCancellation
AVVERTENZA: Unmatched cancel notification for request id 1993
mag 02, 2026 3:49:40 AM org.eclipse.lsp4j.jsonrpc.RemoteEndpoint handleCancellation
AVVERTENZA: Unmatched cancel notification for request id 1991
mag 02, 2026 3:49:40 AM org.eclipse.lsp4j.jsonrpc.RemoteEndpoint handleCancellation
AVVERTENZA: Unmatched cancel notification for request id 1994
mag 02, 2026 3:49:40 AM org.eclipse.lsp4j.jsonrpc.RemoteEndpoint handleCancellation
AVVERTENZA: Unmatched cancel notification for request id 1996
2026.05.02 03:49:39 INFO  no build target found for C:\Users\Mouhammad Toure\Videos\BookRecommender\BookRecommender\src\bookrecommender\BookRecommender.java. Using fallback presentation compiler.
2026.05.02 03:49:39 INFO  no build target found for C:\Users\Mouhammad Toure\Videos\BookRecommender\BookRecommender\src\bookrecommender\BookRecommender.java. Using fallback presentation compiler.
2026.05.02 03:49:41 WARN  no build target for: C:\Users\Mouhammad Toure\Videos\BookRecommender\BookRecommender\src\bookrecommender\BookRecommender.java
mag 02, 2026 3:49:41 AM org.eclipse.lsp4j.jsonrpc.RemoteEndpoint handleCancellation
AVVERTENZA: Unmatched cancel notification for request id 1997
2026.05.02 03:49:41 INFO  no build target found for C:\Users\Mouhammad Toure\Videos\BookRecommender\BookRecommender\src\bookrecommender\BookRecommender.java. Using fallback presentation compiler.
2026.05.02 03:49:41 INFO  no build target found for C:\Users\Mouhammad Toure\Videos\BookRecommender\BookRecommender\src\bookrecommender\BookRecommender.java. Using fallback presentation compiler.
mag 02, 2026 3:49:41 AM org.eclipse.lsp4j.jsonrpc.RemoteEndpoint handleCancellation
AVVERTENZA: Unmatched cancel notification for request id 2003
2026.05.02 03:49:41 INFO  no build target found for C:\Users\Mouhammad Toure\Videos\BookRecommender\BookRecommender\src\bookrecommender\BookRecommender.java. Using fallback presentation compiler.
2026.05.02 03:49:42 WARN  Running javac-semanticdb failed for file:///C:/Users/Mouhammad%20Toure/Videos/BookRecommender/BookRecommender/src/bookrecommender/BookRecommender.java. Output:

2026.05.02 03:49:43 INFO  no build target found for C:\Users\Mouhammad Toure\Videos\BookRecommender\BookRecommender\src\bookrecommender\BookRecommender.java. Using fallback presentation compiler.
2026.05.02 03:52:17 INFO  no build target found for C:\Users\Mouhammad Toure\Videos\BookRecommender\BookRecommender\src\bookrecommender\BookRecommender.java. Using fallback presentation compiler.
mag 02, 2026 3:52:17 AM org.eclipse.lsp4j.jsonrpc.RemoteEndpoint handleCancellation
AVVERTENZA: Unmatched cancel notification for request id 2048
2026.05.02 03:52:20 INFO  no build target found for C:\Users\Mouhammad Toure\Videos\BookRecommender\BookRecommender\src\bookrecommender\BookRecommender.java. Using fallback presentation compiler.
mag 02, 2026 3:52:20 AM org.eclipse.lsp4j.jsonrpc.RemoteEndpoint handleCancellation
AVVERTENZA: Unmatched cancel notification for request id 2061
2026.05.02 03:52:21 INFO  no build target found for C:\Users\Mouhammad Toure\Videos\BookRecommender\BookRecommender\src\bookrecommender\BookRecommender.java. Using fallback presentation compiler.
mag 02, 2026 3:52:28 AM org.eclipse.lsp4j.jsonrpc.RemoteEndpoint handleCancellation
AVVERTENZA: Unmatched cancel notification for request id 2101
2026.05.02 03:52:30 INFO  no build target found for C:\Users\Mouhammad Toure\Videos\BookRecommender\BookRecommender\src\bookrecommender\BookRecommender.java. Using fallback presentation compiler.
2026.05.02 03:52:30 INFO  no build target found for C:\Users\Mouhammad Toure\Videos\BookRecommender\BookRecommender\src\bookrecommender\BookRecommender.java. Using fallback presentation compiler.
2026.05.02 03:52:30 INFO  no build target found for C:\Users\Mouhammad Toure\Videos\BookRecommender\BookRecommender\src\bookrecommender\BookRecommender.java. Using fallback presentation compiler.
2026.05.02 03:52:31 INFO  no build target found for C:\Users\Mouhammad Toure\Videos\BookRecommender\BookRecommender\src\bookrecommender\BookRecommender.java. Using fallback presentation compiler.
mag 02, 2026 3:52:32 AM org.eclipse.lsp4j.jsonrpc.RemoteEndpoint handleCancellation
AVVERTENZA: Unmatched cancel notification for request id 2108
2026.05.02 03:52:31 INFO  no build target found for C:\Users\Mouhammad Toure\Videos\BookRecommender\BookRecommender\src\bookrecommender\BookRecommender.java. Using fallback presentation compiler.
2026.05.02 03:52:33 INFO  no build target found for C:\Users\Mouhammad Toure\Videos\BookRecommender\BookRecommender\src\bookrecommender\BookRecommender.java. Using fallback presentation compiler.
mag 02, 2026 3:52:34 AM org.eclipse.lsp4j.jsonrpc.RemoteEndpoint handleCancellation
AVVERTENZA: Unmatched cancel notification for request id 2110
2026.05.02 03:52:33 INFO  no build target found for C:\Users\Mouhammad Toure\Videos\BookRecommender\BookRecommender\src\bookrecommender\BookRecommender.java. Using fallback presentation compiler.
2026.05.02 03:52:33 INFO  no build target found for C:\Users\Mouhammad Toure\Videos\BookRecommender\BookRecommender\src\bookrecommender\BookRecommender.java. Using fallback presentation compiler.
2026.05.02 03:52:34 INFO  no build target found for C:\Users\Mouhammad Toure\Videos\BookRecommender\BookRecommender\src\bookrecommender\BookRecommender.java. Using fallback presentation compiler.
2026.05.02 03:52:34 INFO  no build target found for C:\Users\Mouhammad Toure\Videos\BookRecommender\BookRecommender\src\bookrecommender\BookRecommender.java. Using fallback presentation compiler.
2026.05.02 03:52:34 INFO  no build target found for C:\Users\Mouhammad Toure\Videos\BookRecommender\BookRecommender\src\bookrecommender\BookRecommender.java. Using fallback presentation compiler.
2026.05.02 03:52:34 INFO  no build target found for C:\Users\Mouhammad Toure\Videos\BookRecommender\BookRecommender\src\bookrecommender\BookRecommender.java. Using fallback presentation compiler.
mag 02, 2026 3:52:35 AM org.eclipse.lsp4j.jsonrpc.RemoteEndpoint handleCancellation
AVVERTENZA: Unmatched cancel notification for request id 2116
2026.05.02 03:52:36 INFO  no build target found for C:\Users\Mouhammad Toure\Videos\BookRecommender\BookRecommender\src\bookrecommender\BookRecommender.java. Using fallback presentation compiler.
2026.05.02 03:52:40 INFO  no build target found for C:\Users\Mouhammad Toure\Videos\BookRecommender\BookRecommender\src\bookrecommender\BookRecommender.java. Using fallback presentation compiler.
2026.05.02 03:52:41 WARN  no build target for: C:\Users\Mouhammad Toure\Videos\BookRecommender\BookRecommender\src\bookrecommender\BookRecommender.java
2026.05.02 03:52:41 INFO  no build target found for C:\Users\Mouhammad Toure\Videos\BookRecommender\BookRecommender\src\bookrecommender\BookRecommender.java. Using fallback presentation compiler.
2026.05.02 03:52:42 WARN  Running javac-semanticdb failed for file:///C:/Users/Mouhammad%20Toure/Videos/BookRecommender/BookRecommender/src/bookrecommender/BookRecommender.java. Output:

2026.05.02 03:52:43 INFO  no build target found for C:\Users\Mouhammad Toure\Videos\BookRecommender\BookRecommender\src\bookrecommender\BookRecommender.java. Using fallback presentation compiler.
2026.05.02 03:52:43 INFO  no build target found for C:\Users\Mouhammad Toure\Videos\BookRecommender\BookRecommender\src\bookrecommender\BookRecommender.java. Using fallback presentation compiler.
2026.05.02 03:52:47 INFO  no build target found for C:\Users\Mouhammad Toure\Videos\BookRecommender\BookRecommender\src\bookrecommender\BookRecommender.java. Using fallback presentation compiler.
2026.05.02 03:52:47 INFO  no build target found for C:\Users\Mouhammad Toure\Videos\BookRecommender\BookRecommender\src\bookrecommender\BookRecommender.java. Using fallback presentation compiler.
mag 02, 2026 3:52:47 AM org.eclipse.lsp4j.jsonrpc.RemoteEndpoint handleCancellation
AVVERTENZA: Unmatched cancel notification for request id 2125
mag 02, 2026 3:52:47 AM org.eclipse.lsp4j.jsonrpc.RemoteEndpoint handleCancellation
AVVERTENZA: Unmatched cancel notification for request id 2126
mag 02, 2026 3:52:47 AM org.eclipse.lsp4j.jsonrpc.RemoteEndpoint handleCancellation
AVVERTENZA: Unmatched cancel notification for request id 2128
2026.05.02 03:52:47 INFO  no build target found for C:\Users\Mouhammad Toure\Videos\BookRecommender\BookRecommender\src\bookrecommender\BookRecommender.java. Using fallback presentation compiler.
2026.05.02 03:52:48 WARN  no build target for: C:\Users\Mouhammad Toure\Videos\BookRecommender\BookRecommender\src\bookrecommender\BookRecommender.java
2026.05.02 03:52:49 WARN  Running javac-semanticdb failed for file:///C:/Users/Mouhammad%20Toure/Videos/BookRecommender/BookRecommender/src/bookrecommender/BookRecommender.java. Output:

2026.05.02 03:52:51 INFO  no build target found for C:\Users\Mouhammad Toure\Videos\BookRecommender\BookRecommender\src\bookrecommender\BookRecommender.java. Using fallback presentation compiler.
2026.05.02 03:52:51 INFO  no build target found for C:\Users\Mouhammad Toure\Videos\BookRecommender\BookRecommender\src\bookrecommender\BookRecommender.java. Using fallback presentation compiler.
mag 02, 2026 3:52:52 AM org.eclipse.lsp4j.jsonrpc.RemoteEndpoint handleCancellation
AVVERTENZA: Unmatched cancel notification for request id 2129
2026.05.02 03:52:52 INFO  no build target found for C:\Users\Mouhammad Toure\Videos\BookRecommender\BookRecommender\src\bookrecommender\BookRecommender.java. Using fallback presentation compiler.
2026.05.02 03:52:51 INFO  no build target found for C:\Users\Mouhammad Toure\Videos\BookRecommender\BookRecommender\src\bookrecommender\BookRecommender.java. Using fallback presentation compiler.
mag 02, 2026 3:52:52 AM org.eclipse.lsp4j.jsonrpc.RemoteEndpoint handleCancellation
AVVERTENZA: Unmatched cancel notification for request id 2131
2026.05.02 03:52:52 INFO  no build target found for C:\Users\Mouhammad Toure\Videos\BookRecommender\BookRecommender\src\bookrecommender\BookRecommender.java. Using fallback presentation compiler.
mag 02, 2026 3:52:53 AM org.eclipse.lsp4j.jsonrpc.RemoteEndpoint handleCancellation
AVVERTENZA: Unmatched cancel notification for request id 2133
mag 02, 2026 3:52:54 AM org.eclipse.lsp4j.jsonrpc.RemoteEndpoint handleCancellation
AVVERTENZA: Unmatched cancel notification for request id 2134
2026.05.02 03:52:54 WARN  no build target for: C:\Users\Mouhammad Toure\Videos\BookRecommender\BookRecommender\src\bookrecommender\BookRecommender.java
2026.05.02 03:52:54 INFO  no build target found for C:\Users\Mouhammad Toure\Videos\BookRecommender\BookRecommender\src\bookrecommender\BookRecommender.java. Using fallback presentation compiler.
mag 02, 2026 3:52:55 AM org.eclipse.lsp4j.jsonrpc.RemoteEndpoint handleCancellation
AVVERTENZA: Unmatched cancel notification for request id 2136
mag 02, 2026 3:52:55 AM org.eclipse.lsp4j.jsonrpc.RemoteEndpoint handleCancellation
AVVERTENZA: Unmatched cancel notification for request id 2137
2026.05.02 03:52:54 INFO  no build target found for C:\Users\Mouhammad Toure\Videos\BookRecommender\BookRecommender\src\bookrecommender\BookRecommender.java. Using fallback presentation compiler.
2026.05.02 03:52:55 WARN  Running javac-semanticdb failed for file:///C:/Users/Mouhammad%20Toure/Videos/BookRecommender/BookRecommender/src/bookrecommender/BookRecommender.java. Output:

mag 02, 2026 3:52:56 AM org.eclipse.lsp4j.jsonrpc.RemoteEndpoint handleCancellation
AVVERTENZA: Unmatched cancel notification for request id 2139
2026.05.02 03:52:56 WARN  no build target for: C:\Users\Mouhammad Toure\Videos\BookRecommender\BookRecommender\src\bookrecommender\BookRecommender.java
mag 02, 2026 3:52:56 AM org.eclipse.lsp4j.jsonrpc.RemoteEndpoint handleCancellation
AVVERTENZA: Unmatched cancel notification for request id 2140
2026.05.02 03:52:56 INFO  no build target found for C:\Users\Mouhammad Toure\Videos\BookRecommender\BookRecommender\src\bookrecommender\BookRecommender.java. Using fallback presentation compiler.
mag 02, 2026 3:52:56 AM org.eclipse.lsp4j.jsonrpc.RemoteEndpoint handleCancellation
AVVERTENZA: Unmatched cancel notification for request id 2145
2026.05.02 03:52:56 INFO  no build target found for C:\Users\Mouhammad Toure\Videos\BookRecommender\BookRecommender\src\bookrecommender\BookRecommender.java. Using fallback presentation compiler.
2026.05.02 03:52:56 INFO  no build target found for C:\Users\Mouhammad Toure\Videos\BookRecommender\BookRecommender\src\bookrecommender\BookRecommender.java. Using fallback presentation compiler.
2026.05.02 03:52:58 INFO  no build target found for C:\Users\Mouhammad Toure\Videos\BookRecommender\BookRecommender\src\bookrecommender\BookRecommender.java. Using fallback presentation compiler.
2026.05.02 03:53:02 INFO  no build target found for C:\Users\Mouhammad Toure\Videos\BookRecommender\BookRecommender\src\bookrecommender\BookRecommender.java. Using fallback presentation compiler.
2026.05.02 03:53:02 INFO  no build target found for C:\Users\Mouhammad Toure\Videos\BookRecommender\BookRecommender\src\bookrecommender\BookRecommender.java. Using fallback presentation compiler.
mag 02, 2026 3:53:02 AM org.eclipse.lsp4j.jsonrpc.RemoteEndpoint handleCancellation
AVVERTENZA: Unmatched cancel notification for request id 2151
2026.05.02 03:55:27 INFO  no build target found for C:\Users\Mouhammad Toure\Videos\BookRecommender\BookRecommender\src\bookrecommender\BookRecommender.java. Using fallback presentation compiler.
2026.05.02 03:55:28 INFO  no build target found for C:\Users\Mouhammad Toure\Videos\BookRecommender\BookRecommender\src\bookrecommender\BookRecommender.java. Using fallback presentation compiler.
2026.05.02 03:55:30 INFO  no build target found for C:\Users\Mouhammad Toure\Videos\BookRecommender\BookRecommender\src\bookrecommender\BookRecommender.java. Using fallback presentation compiler.
2026.05.02 03:55:30 INFO  no build target found for C:\Users\Mouhammad Toure\Videos\BookRecommender\BookRecommender\src\bookrecommender\BookRecommender.java. Using fallback presentation compiler.
2026.05.02 03:55:38 INFO  no build target found for C:\Users\Mouhammad Toure\Videos\BookRecommender\BookRecommender\src\bookrecommender\BookRecommender.java. Using fallback presentation compiler.
2026.05.02 03:55:38 INFO  no build target found for C:\Users\Mouhammad Toure\Videos\BookRecommender\BookRecommender\src\bookrecommender\BookRecommender.java. Using fallback presentation compiler.
2026.05.02 03:55:45 INFO  no build target found for C:\Users\Mouhammad Toure\Videos\BookRecommender\BookRecommender\src\bookrecommender\BookRecommender.java. Using fallback presentation compiler.
2026.05.02 03:55:45 INFO  no build target found for C:\Users\Mouhammad Toure\Videos\BookRecommender\BookRecommender\src\bookrecommender\BookRecommender.java. Using fallback presentation compiler.
2026.05.02 03:55:47 INFO  no build target found for C:\Users\Mouhammad Toure\Videos\BookRecommender\BookRecommender\src\bookrecommender\BookRecommender.java. Using fallback presentation compiler.
2026.05.02 03:55:48 WARN  no build target for: C:\Users\Mouhammad Toure\Videos\BookRecommender\BookRecommender\src\bookrecommender\BookRecommender.java
2026.05.02 03:55:48 INFO  no build target found for C:\Users\Mouhammad Toure\Videos\BookRecommender\BookRecommender\src\bookrecommender\BookRecommender.java. Using fallback presentation compiler.
2026.05.02 03:55:49 INFO  no build target found for C:\Users\Mouhammad Toure\Videos\BookRecommender\BookRecommender\src\bookrecommender\BookRecommender.java. Using fallback presentation compiler.
2026.05.02 03:55:49 WARN  Running javac-semanticdb failed for file:///C:/Users/Mouhammad%20Toure/Videos/BookRecommender/BookRecommender/src/bookrecommender/BookRecommender.java. Output:

2026.05.02 03:55:49 WARN  no build target for: C:\Users\Mouhammad Toure\Videos\BookRecommender\BookRecommender\src\bookrecommender\BookRecommender.java
2026.05.02 03:55:49 INFO  no build target found for C:\Users\Mouhammad Toure\Videos\BookRecommender\BookRecommender\src\bookrecommender\BookRecommender.java. Using fallback presentation compiler.
2026.05.02 03:55:50 WARN  Running javac-semanticdb failed for file:///C:/Users/Mouhammad%20Toure/Videos/BookRecommender/BookRecommender/src/bookrecommender/BookRecommender.java. Output:

2026.05.02 03:55:51 INFO  no build target found for C:\Users\Mouhammad Toure\Videos\BookRecommender\BookRecommender\src\bookrecommender\BookRecommender.java. Using fallback presentation compiler.
2026.05.02 03:55:53 INFO  no build target found for C:\Users\Mouhammad Toure\Videos\BookRecommender\BookRecommender\src\bookrecommender\BookRecommender.java. Using fallback presentation compiler.
2026.05.02 03:55:53 INFO  no build target found for C:\Users\Mouhammad Toure\Videos\BookRecommender\BookRecommender\src\bookrecommender\BookRecommender.java. Using fallback presentation compiler.
2026.05.02 03:55:55 INFO  no build target found for C:\Users\Mouhammad Toure\Videos\BookRecommender\BookRecommender\src\bookrecommender\BookRecommender.java. Using fallback presentation compiler.
mag 02, 2026 3:55:56 AM org.eclipse.lsp4j.jsonrpc.RemoteEndpoint handleCancellation
AVVERTENZA: Unmatched cancel notification for request id 2174
2026.05.02 03:55:57 INFO  no build target found for C:\Users\Mouhammad Toure\Videos\BookRecommender\BookRecommender\src\bookrecommender\BookRecommender.java. Using fallback presentation compiler.
mag 02, 2026 3:55:57 AM org.eclipse.lsp4j.jsonrpc.RemoteEndpoint handleCancellation
AVVERTENZA: Unmatched cancel notification for request id 2175
mag 02, 2026 3:55:58 AM org.eclipse.lsp4j.jsonrpc.RemoteEndpoint handleCancellation
AVVERTENZA: Unmatched cancel notification for request id 2173
2026.05.02 03:55:58 INFO  no build target found for C:\Users\Mouhammad Toure\Videos\BookRecommender\BookRecommender\src\bookrecommender\BookRecommender.java. Using fallback presentation compiler.
mag 02, 2026 3:55:59 AM org.eclipse.lsp4j.jsonrpc.RemoteEndpoint handleCancellation
AVVERTENZA: Unmatched cancel notification for request id 2176
2026.05.02 03:55:59 INFO  no build target found for C:\Users\Mouhammad Toure\Videos\BookRecommender\BookRecommender\src\bookrecommender\BookRecommender.java. Using fallback presentation compiler.
mag 02, 2026 3:55:59 AM org.eclipse.lsp4j.jsonrpc.RemoteEndpoint handleCancellation
AVVERTENZA: Unmatched cancel notification for request id 2177
2026.05.02 03:55:59 INFO  no build target found for C:\Users\Mouhammad Toure\Videos\BookRecommender\BookRecommender\src\bookrecommender\BookRecommender.java. Using fallback presentation compiler.
mag 02, 2026 3:56:00 AM org.eclipse.lsp4j.jsonrpc.RemoteEndpoint handleCancellation
AVVERTENZA: Unmatched cancel notification for request id 2178
mag 02, 2026 3:56:00 AM org.eclipse.lsp4j.jsonrpc.RemoteEndpoint handleCancellation
AVVERTENZA: Unmatched cancel notification for request id 2179
2026.05.02 03:56:00 INFO  no build target found for C:\Users\Mouhammad Toure\Videos\BookRecommender\BookRecommender\src\bookrecommender\BookRecommender.java. Using fallback presentation compiler.
mag 02, 2026 3:56:00 AM org.eclipse.lsp4j.jsonrpc.RemoteEndpoint handleCancellation
AVVERTENZA: Unmatched cancel notification for request id 2180
2026.05.02 03:55:59 INFO  no build target found for C:\Users\Mouhammad Toure\Videos\BookRecommender\BookRecommender\src\bookrecommender\BookRecommender.java. Using fallback presentation compiler.
2026.05.02 03:55:59 INFO  no build target found for C:\Users\Mouhammad Toure\Videos\BookRecommender\BookRecommender\src\bookrecommender\BookRecommender.java. Using fallback presentation compiler.
mag 02, 2026 3:56:00 AM org.eclipse.lsp4j.jsonrpc.RemoteEndpoint handleCancellation
AVVERTENZA: Unmatched cancel notification for request id 2182
mag 02, 2026 3:56:00 AM org.eclipse.lsp4j.jsonrpc.RemoteEndpoint handleCancellation
AVVERTENZA: Unmatched cancel notification for request id 2183
2026.05.02 03:55:59 INFO  no build target found for C:\Users\Mouhammad Toure\Videos\BookRecommender\BookRecommender\src\bookrecommender\BookRecommender.java. Using fallback presentation compiler.
2026.05.02 03:56:00 WARN  no build target for: C:\Users\Mouhammad Toure\Videos\BookRecommender\BookRecommender\src\bookrecommender\BookRecommender.java
mag 02, 2026 3:56:00 AM org.eclipse.lsp4j.jsonrpc.RemoteEndpoint handleCancellation
AVVERTENZA: Unmatched cancel notification for request id 2184
2026.05.02 03:55:59 INFO  no build target found for C:\Users\Mouhammad Toure\Videos\BookRecommender\BookRecommender\src\bookrecommender\BookRecommender.java. Using fallback presentation compiler.
2026.05.02 03:56:01 WARN  Running javac-semanticdb failed for file:///C:/Users/Mouhammad%20Toure/Videos/BookRecommender/BookRecommender/src/bookrecommender/BookRecommender.java. Output:

mag 02, 2026 3:56:01 AM org.eclipse.lsp4j.jsonrpc.RemoteEndpoint handleCancellation
AVVERTENZA: Unmatched cancel notification for request id 2187
mag 02, 2026 3:56:01 AM org.eclipse.lsp4j.jsonrpc.RemoteEndpoint handleCancellation
AVVERTENZA: Unmatched cancel notification for request id 2189
2026.05.02 03:56:01 INFO  no build target found for C:\Users\Mouhammad Toure\Videos\BookRecommender\BookRecommender\src\bookrecommender\BookRecommender.java. Using fallback presentation compiler.
2026.05.02 03:56:03 INFO  no build target found for C:\Users\Mouhammad Toure\Videos\BookRecommender\BookRecommender\src\bookrecommender\BookRecommender.java. Using fallback presentation compiler.
2026.05.02 03:56:05 WARN  no build target for: C:\Users\Mouhammad Toure\Videos\BookRecommender\BookRecommender\src\bookrecommender\BookRecommender.java
mag 02, 2026 3:56:05 AM org.eclipse.lsp4j.jsonrpc.RemoteEndpoint handleCancellation
AVVERTENZA: Unmatched cancel notification for request id 2194
mag 02, 2026 3:56:05 AM org.eclipse.lsp4j.jsonrpc.RemoteEndpoint handleCancellation
AVVERTENZA: Unmatched cancel notification for request id 2193
2026.05.02 03:56:05 INFO  no build target found for C:\Users\Mouhammad Toure\Videos\BookRecommender\BookRecommender\src\bookrecommender\BookRecommender.java. Using fallback presentation compiler.
mag 02, 2026 3:56:05 AM org.eclipse.lsp4j.jsonrpc.RemoteEndpoint handleCancellation
AVVERTENZA: Unmatched cancel notification for request id 2185
mag 02, 2026 3:56:05 AM org.eclipse.lsp4j.jsonrpc.RemoteEndpoint handleCancellation
AVVERTENZA: Unmatched cancel notification for request id 2186
mag 02, 2026 3:56:05 AM org.eclipse.lsp4j.jsonrpc.RemoteEndpoint handleCancellation
AVVERTENZA: Unmatched cancel notification for request id 2196
2026.05.02 03:56:05 INFO  no build target found for C:\Users\Mouhammad Toure\Videos\BookRecommender\BookRecommender\src\bookrecommender\BookRecommender.java. Using fallback presentation compiler.
2026.05.02 03:56:05 INFO  no build target found for C:\Users\Mouhammad Toure\Videos\BookRecommender\BookRecommender\src\bookrecommender\BookRecommender.java. Using fallback presentation compiler.
2026.05.02 03:56:07 INFO  no build target found for C:\Users\Mouhammad Toure\Videos\BookRecommender\BookRecommender\src\bookrecommender\BookRecommender.java. Using fallback presentation compiler.
2026.05.02 03:56:08 INFO  no build target found for C:\Users\Mouhammad Toure\Videos\BookRecommender\BookRecommender\src\bookrecommender\BookRecommender.java. Using fallback presentation compiler.
2026.05.02 03:56:08 INFO  no build target found for C:\Users\Mouhammad Toure\Videos\BookRecommender\BookRecommender\src\bookrecommender\BookRecommender.java. Using fallback presentation compiler.
2026.05.02 03:56:27 INFO  no build target found for C:\Users\Mouhammad Toure\Videos\BookRecommender\BookRecommender\src\bookrecommender\BookRecommender.java. Using fallback presentation compiler.
2026.05.02 03:56:27 INFO  no build target found for C:\Users\Mouhammad Toure\Videos\BookRecommender\BookRecommender\src\bookrecommender\BookRecommender.java. Using fallback presentation compiler.
mag 02, 2026 3:56:28 AM org.eclipse.lsp4j.jsonrpc.RemoteEndpoint handleCancellation
AVVERTENZA: Unmatched cancel notification for request id 2211
2026.05.02 03:56:28 INFO  no build target found for C:\Users\Mouhammad Toure\Videos\BookRecommender\BookRecommender\src\bookrecommender\BookRecommender.java. Using fallback presentation compiler.
mag 02, 2026 3:56:28 AM org.eclipse.lsp4j.jsonrpc.RemoteEndpoint handleCancellation
AVVERTENZA: Unmatched cancel notification for request id 2212
2026.05.02 03:56:28 INFO  no build target found for C:\Users\Mouhammad Toure\Videos\BookRecommender\BookRecommender\src\bookrecommender\BookRecommender.java. Using fallback presentation compiler.
2026.05.02 03:56:28 INFO  no build target found for C:\Users\Mouhammad Toure\Videos\BookRecommender\BookRecommender\src\bookrecommender\BookRecommender.java. Using fallback presentation compiler.
2026.05.02 03:56:29 INFO  no build target found for C:\Users\Mouhammad Toure\Videos\BookRecommender\BookRecommender\src\bookrecommender\BookRecommender.java. Using fallback presentation compiler.
2026.05.02 03:56:30 INFO  no build target found for C:\Users\Mouhammad Toure\Videos\BookRecommender\BookRecommender\src\bookrecommender\BookRecommender.java. Using fallback presentation compiler.
mag 02, 2026 3:56:39 AM org.eclipse.lsp4j.jsonrpc.RemoteEndpoint handleCancellation
AVVERTENZA: Unmatched cancel notification for request id 2219
2026.05.02 03:56:40 INFO  no build target found for C:\Users\Mouhammad Toure\Videos\BookRecommender\BookRecommender\src\bookrecommender\BookRecommender.java. Using fallback presentation compiler.
2026.05.02 03:56:40 INFO  no build target found for C:\Users\Mouhammad Toure\Videos\BookRecommender\BookRecommender\src\bookrecommender\BookRecommender.java. Using fallback presentation compiler.
2026.05.02 03:57:18 INFO  no build target found for C:\Users\Mouhammad Toure\Videos\BookRecommender\BookRecommender\src\bookrecommender\BookRecommender.java. Using fallback presentation compiler.
2026.05.02 03:57:18 INFO  no build target found for C:\Users\Mouhammad Toure\Videos\BookRecommender\BookRecommender\src\bookrecommender\BookRecommender.java. Using fallback presentation compiler.
2026.05.02 03:57:19 INFO  no build target found for C:\Users\Mouhammad Toure\Videos\BookRecommender\BookRecommender\src\bookrecommender\BookRecommender.java. Using fallback presentation compiler.
2026.05.02 03:57:19 INFO  no build target found for C:\Users\Mouhammad Toure\Videos\BookRecommender\BookRecommender\src\bookrecommender\BookRecommender.java. Using fallback presentation compiler.
2026.05.02 03:57:21 INFO  no build target found for C:\Users\Mouhammad Toure\Videos\BookRecommender\BookRecommender\src\bookrecommender\BookRecommender.java. Using fallback presentation compiler.
2026.05.02 03:57:21 INFO  no build target found for C:\Users\Mouhammad Toure\Videos\BookRecommender\BookRecommender\src\bookrecommender\BookRecommender.java. Using fallback presentation compiler.
2026.05.02 03:57:21 INFO  no build target found for C:\Users\Mouhammad Toure\Videos\BookRecommender\BookRecommender\src\bookrecommender\BookRecommender.java. Using fallback presentation compiler.
2026.05.02 03:57:23 WARN  no build target for: C:\Users\Mouhammad Toure\Videos\BookRecommender\BookRecommender\src\bookrecommender\BookRecommender.java
2026.05.02 03:57:23 INFO  no build target found for C:\Users\Mouhammad Toure\Videos\BookRecommender\BookRecommender\src\bookrecommender\BookRecommender.java. Using fallback presentation compiler.
2026.05.02 03:57:23 INFO  no build target found for C:\Users\Mouhammad Toure\Videos\BookRecommender\BookRecommender\src\bookrecommender\BookRecommender.java. Using fallback presentation compiler.
2026.05.02 03:57:23 WARN  Running javac-semanticdb failed for file:///C:/Users/Mouhammad%20Toure/Videos/BookRecommender/BookRecommender/src/bookrecommender/BookRecommender.java. Output:

2026.05.02 03:57:24 INFO  no build target found for C:\Users\Mouhammad Toure\Videos\BookRecommender\BookRecommender\src\bookrecommender\BookRecommender.java. Using fallback presentation compiler.
2026.05.02 03:57:31 INFO  no build target found for C:\Users\Mouhammad Toure\Videos\BookRecommender\BookRecommender\src\bookrecommender\BookRecommender.java. Using fallback presentation compiler.
2026.05.02 03:57:31 INFO  no build target found for C:\Users\Mouhammad Toure\Videos\BookRecommender\BookRecommender\src\bookrecommender\BookRecommender.java. Using fallback presentation compiler.
2026.05.02 03:57:46 INFO  no build target found for C:\Users\Mouhammad Toure\Videos\BookRecommender\BookRecommender\src\bookrecommender\BookRecommender.java. Using fallback presentation compiler.
2026.05.02 03:57:46 INFO  no build target found for C:\Users\Mouhammad Toure\Videos\BookRecommender\BookRecommender\src\bookrecommender\BookRecommender.java. Using fallback presentation compiler.
2026.05.02 03:57:46 INFO  no build target found for C:\Users\Mouhammad Toure\Videos\BookRecommender\BookRecommender\src\bookrecommender\BookRecommender.java. Using fallback presentation compiler.
2026.05.02 03:57:47 INFO  no build target found for C:\Users\Mouhammad Toure\Videos\BookRecommender\BookRecommender\src\bookrecommender\BookRecommender.java. Using fallback presentation compiler.
2026.05.02 03:57:52 INFO  no build target found for C:\Users\Mouhammad Toure\Videos\BookRecommender\BookRecommender\src\bookrecommender\BookRecommender.java. Using fallback presentation compiler.
2026.05.02 03:57:52 INFO  no build target found for C:\Users\Mouhammad Toure\Videos\BookRecommender\BookRecommender\src\bookrecommender\BookRecommender.java. Using fallback presentation compiler.
2026.05.02 03:57:52 INFO  no build target found for C:\Users\Mouhammad Toure\Videos\BookRecommender\BookRecommender\src\bookrecommender\BookRecommender.java. Using fallback presentation compiler.
2026.05.02 03:57:53 WARN  no build target for: C:\Users\Mouhammad Toure\Videos\BookRecommender\BookRecommender\src\bookrecommender\BookRecommender.java
2026.05.02 03:57:53 WARN  Running javac-semanticdb failed for file:///C:/Users/Mouhammad%20Toure/Videos/BookRecommender/BookRecommender/src/bookrecommender/BookRecommender.java. Output:

2026.05.02 03:57:54 INFO  no build target found for C:\Users\Mouhammad Toure\Videos\BookRecommender\BookRecommender\src\bookrecommender\BookRecommender.java. Using fallback presentation compiler.
2026.05.02 03:57:54 INFO  no build target found for C:\Users\Mouhammad Toure\Videos\BookRecommender\BookRecommender\src\bookrecommender\BookRecommender.java. Using fallback presentation compiler.
2026.05.02 03:57:54 INFO  no build target found for C:\Users\Mouhammad Toure\Videos\BookRecommender\BookRecommender\src\bookrecommender\BookRecommender.java. Using fallback presentation compiler.
2026.05.02 03:57:55 WARN  no build target for: C:\Users\Mouhammad Toure\Videos\BookRecommender\BookRecommender\src\bookrecommender\BookRecommender.java
2026.05.02 03:57:55 INFO  no build target found for C:\Users\Mouhammad Toure\Videos\BookRecommender\BookRecommender\src\bookrecommender\BookRecommender.java. Using fallback presentation compiler.
2026.05.02 03:57:55 WARN  Running javac-semanticdb failed for file:///C:/Users/Mouhammad%20Toure/Videos/BookRecommender/BookRecommender/src/bookrecommender/BookRecommender.java. Output:

mag 02, 2026 3:57:57 AM org.eclipse.lsp4j.jsonrpc.RemoteEndpoint handleCancellation
AVVERTENZA: Unmatched cancel notification for request id 2275
2026.05.02 03:57:57 INFO  no build target found for C:\Users\Mouhammad Toure\Videos\BookRecommender\BookRecommender\src\bookrecommender\BookRecommender.java. Using fallback presentation compiler.
mag 02, 2026 3:57:58 AM org.eclipse.lsp4j.jsonrpc.RemoteEndpoint handleCancellation
AVVERTENZA: Unmatched cancel notification for request id 2277
2026.05.02 03:57:57 INFO  no build target found for C:\Users\Mouhammad Toure\Videos\BookRecommender\BookRecommender\src\bookrecommender\BookRecommender.java. Using fallback presentation compiler.
mag 02, 2026 3:57:59 AM org.eclipse.lsp4j.jsonrpc.RemoteEndpoint handleCancellation
AVVERTENZA: Unmatched cancel notification for request id 2278
2026.05.02 03:57:59 INFO  no build target found for C:\Users\Mouhammad Toure\Videos\BookRecommender\BookRecommender\src\bookrecommender\BookRecommender.java. Using fallback presentation compiler.
2026.05.02 03:57:59 INFO  no build target found for C:\Users\Mouhammad Toure\Videos\BookRecommender\BookRecommender\src\bookrecommender\BookRecommender.java. Using fallback presentation compiler.
2026.05.02 03:57:59 INFO  no build target found for C:\Users\Mouhammad Toure\Videos\BookRecommender\BookRecommender\src\bookrecommender\BookRecommender.java. Using fallback presentation compiler.
mag 02, 2026 3:58:00 AM org.eclipse.lsp4j.jsonrpc.RemoteEndpoint handleCancellation
AVVERTENZA: Unmatched cancel notification for request id 2282
2026.05.02 03:57:59 INFO  no build target found for C:\Users\Mouhammad Toure\Videos\BookRecommender\BookRecommender\src\bookrecommender\BookRecommender.java. Using fallback presentation compiler.
mag 02, 2026 3:58:01 AM org.eclipse.lsp4j.jsonrpc.RemoteEndpoint handleCancellation
AVVERTENZA: Unmatched cancel notification for request id 2284
mag 02, 2026 3:58:01 AM org.eclipse.lsp4j.jsonrpc.RemoteEndpoint handleCancellation
AVVERTENZA: Unmatched cancel notification for request id 2283
2026.05.02 03:58:01 INFO  no build target found for C:\Users\Mouhammad Toure\Videos\BookRecommender\BookRecommender\src\bookrecommender\BookRecommender.java. Using fallback presentation compiler.
mag 02, 2026 3:58:01 AM org.eclipse.lsp4j.jsonrpc.RemoteEndpoint handleCancellation
AVVERTENZA: Unmatched cancel notification for request id 2281
2026.05.02 03:58:01 INFO  no build target found for C:\Users\Mouhammad Toure\Videos\BookRecommender\BookRecommender\src\bookrecommender\BookRecommender.java. Using fallback presentation compiler.
2026.05.02 03:58:02 INFO  no build target found for C:\Users\Mouhammad Toure\Videos\BookRecommender\BookRecommender\src\bookrecommender\BookRecommender.java. Using fallback presentation compiler.
2026.05.02 03:58:03 WARN  no build target for: C:\Users\Mouhammad Toure\Videos\BookRecommender\BookRecommender\src\bookrecommender\BookRecommender.java
2026.05.02 03:58:03 INFO  no build target found for C:\Users\Mouhammad Toure\Videos\BookRecommender\BookRecommender\src\bookrecommender\BookRecommender.java. Using fallback presentation compiler.
2026.05.02 03:58:03 WARN  Running javac-semanticdb failed for file:///C:/Users/Mouhammad%20Toure/Videos/BookRecommender/BookRecommender/src/bookrecommender/BookRecommender.java. Output:

2026.05.02 03:58:03 INFO  no build target found for C:\Users\Mouhammad Toure\Videos\BookRecommender\BookRecommender\src\bookrecommender\BookRecommender.java. Using fallback presentation compiler.
2026.05.02 03:58:03 INFO  no build target found for C:\Users\Mouhammad Toure\Videos\BookRecommender\BookRecommender\src\bookrecommender\BookRecommender.java. Using fallback presentation compiler.
2026.05.02 03:58:04 INFO  no build target found for C:\Users\Mouhammad Toure\Videos\BookRecommender\BookRecommender\src\bookrecommender\BookRecommender.java. Using fallback presentation compiler.
2026.05.02 03:58:05 INFO  no build target found for C:\Users\Mouhammad Toure\Videos\BookRecommender\BookRecommender\src\bookrecommender\BookRecommender.java. Using fallback presentation compiler.
2026.05.02 03:59:19 INFO  no build target found for C:\Users\Mouhammad Toure\Videos\BookRecommender\BookRecommender\src\bookrecommender\BookRecommender.java. Using fallback presentation compiler.
2026.05.02 03:59:25 INFO  no build target found for C:\Users\Mouhammad Toure\Videos\BookRecommender\BookRecommender\src\bookrecommender\BookRecommender.java. Using fallback presentation compiler.
2026.05.02 04:00:00 INFO  no build target found for C:\Users\Mouhammad Toure\Videos\BookRecommender\BookRecommender\src\bookrecommender\BookRecommender.java. Using fallback presentation compiler.
2026.05.02 04:00:00 INFO  no build target found for C:\Users\Mouhammad Toure\Videos\BookRecommender\BookRecommender\src\bookrecommender\BookRecommender.java. Using fallback presentation compiler.
2026.05.02 04:00:01 INFO  no build target found for C:\Users\Mouhammad Toure\Videos\BookRecommender\BookRecommender\src\bookrecommender\BookRecommender.java. Using fallback presentation compiler.
2026.05.02 04:00:01 INFO  no build target found for C:\Users\Mouhammad Toure\Videos\BookRecommender\BookRecommender\src\bookrecommender\BookRecommender.java. Using fallback presentation compiler.
2026.05.02 04:00:02 INFO  no build target found for C:\Users\Mouhammad Toure\Videos\BookRecommender\BookRecommender\src\bookrecommender\BookRecommender.java. Using fallback presentation compiler.
2026.05.02 04:00:02 INFO  no build target found for C:\Users\Mouhammad Toure\Videos\BookRecommender\BookRecommender\src\bookrecommender\BookRecommender.java. Using fallback presentation compiler.
2026.05.02 04:00:04 INFO  no build target found for C:\Users\Mouhammad Toure\Videos\BookRecommender\BookRecommender\src\bookrecommender\BookRecommender.java. Using fallback presentation compiler.
mag 02, 2026 4:00:05 AM org.eclipse.lsp4j.jsonrpc.RemoteEndpoint handleCancellation
AVVERTENZA: Unmatched cancel notification for request id 2392
2026.05.02 04:00:07 INFO  no build target found for C:\Users\Mouhammad Toure\Videos\BookRecommender\BookRecommender\src\bookrecommender\BookRecommender.java. Using fallback presentation compiler.
2026.05.02 04:00:07 INFO  no build target found for C:\Users\Mouhammad Toure\Videos\BookRecommender\BookRecommender\src\bookrecommender\BookRecommender.java. Using fallback presentation compiler.
2026.05.02 04:00:08 INFO  no build target found for C:\Users\Mouhammad Toure\Videos\BookRecommender\BookRecommender\src\bookrecommender\BookRecommender.java. Using fallback presentation compiler.
2026.05.02 04:00:08 INFO  no build target found for C:\Users\Mouhammad Toure\Videos\BookRecommender\BookRecommender\src\bookrecommender\BookRecommender.java. Using fallback presentation compiler.
2026.05.02 04:00:10 INFO  no build target found for C:\Users\Mouhammad Toure\Videos\BookRecommender\BookRecommender\src\bookrecommender\BookRecommender.java. Using fallback presentation compiler.
mag 02, 2026 4:00:10 AM org.eclipse.lsp4j.jsonrpc.RemoteEndpoint handleCancellation
AVVERTENZA: Unmatched cancel notification for request id 2397
2026.05.02 04:00:13 INFO  no build target found for C:\Users\Mouhammad Toure\Videos\BookRecommender\BookRecommender\src\bookrecommender\BookRecommender.java. Using fallback presentation compiler.
mag 02, 2026 4:00:26 AM org.eclipse.lsp4j.jsonrpc.RemoteEndpoint handleCancellation
AVVERTENZA: Unmatched cancel notification for request id 2415
2026.05.02 04:00:56 INFO  no build target found for C:\Users\Mouhammad Toure\Videos\BookRecommender\BookRecommender\src\bookrecommender\BookRecommender.java. Using fallback presentation compiler.
2026.05.02 04:00:56 INFO  no build target found for C:\Users\Mouhammad Toure\Videos\BookRecommender\BookRecommender\src\bookrecommender\BookRecommender.java. Using fallback presentation compiler.
2026.05.02 04:00:58 INFO  no build target found for C:\Users\Mouhammad Toure\Videos\BookRecommender\BookRecommender\src\bookrecommender\BookRecommender.java. Using fallback presentation compiler.
2026.05.02 04:00:58 INFO  no build target found for C:\Users\Mouhammad Toure\Videos\BookRecommender\BookRecommender\src\bookrecommender\BookRecommender.java. Using fallback presentation compiler.
2026.05.02 04:00:59 INFO  no build target found for C:\Users\Mouhammad Toure\Videos\BookRecommender\BookRecommender\src\bookrecommender\BookRecommender.java. Using fallback presentation compiler.
2026.05.02 04:00:59 WARN  no build target for: C:\Users\Mouhammad Toure\Videos\BookRecommender\BookRecommender\src\bookrecommender\BookRecommender.java
2026.05.02 04:01:00 INFO  no build target found for C:\Users\Mouhammad Toure\Videos\BookRecommender\BookRecommender\src\bookrecommender\BookRecommender.java. Using fallback presentation compiler.
2026.05.02 04:01:01 WARN  Running javac-semanticdb failed for file:///C:/Users/Mouhammad%20Toure/Videos/BookRecommender/BookRecommender/src/bookrecommender/BookRecommender.java. Output:

2026.05.02 04:01:04 INFO  no build target found for C:\Users\Mouhammad Toure\Videos\BookRecommender\BookRecommender\src\bookrecommender\BookRecommender.java. Using fallback presentation compiler.
2026.05.02 04:01:04 INFO  no build target found for C:\Users\Mouhammad Toure\Videos\BookRecommender\BookRecommender\src\bookrecommender\BookRecommender.java. Using fallback presentation compiler.
2026.05.02 04:01:04 INFO  no build target found for C:\Users\Mouhammad Toure\Videos\BookRecommender\BookRecommender\src\bookrecommender\BookRecommender.java. Using fallback presentation compiler.
mag 02, 2026 4:01:05 AM org.eclipse.lsp4j.jsonrpc.RemoteEndpoint handleCancellation
AVVERTENZA: Unmatched cancel notification for request id 2492
mag 02, 2026 4:01:05 AM org.eclipse.lsp4j.jsonrpc.RemoteEndpoint handleCancellation
AVVERTENZA: Unmatched cancel notification for request id 2493
2026.05.02 04:01:06 INFO  no build target found for C:\Users\Mouhammad Toure\Videos\BookRecommender\BookRecommender\src\bookrecommender\BookRecommender.java. Using fallback presentation compiler.
mag 02, 2026 4:01:09 AM org.eclipse.lsp4j.jsonrpc.RemoteEndpoint handleCancellation
AVVERTENZA: Unmatched cancel notification for request id 2494
mag 02, 2026 4:01:09 AM org.eclipse.lsp4j.jsonrpc.RemoteEndpoint handleCancellation
AVVERTENZA: Unmatched cancel notification for request id 2495
2026.05.02 04:01:09 INFO  no build target found for C:\Users\Mouhammad Toure\Videos\BookRecommender\BookRecommender\src\bookrecommender\BookRecommender.java. Using fallback presentation compiler.
mag 02, 2026 4:01:10 AM org.eclipse.lsp4j.jsonrpc.RemoteEndpoint handleCancellation
AVVERTENZA: Unmatched cancel notification for request id 2496
2026.05.02 04:01:10 INFO  no build target found for C:\Users\Mouhammad Toure\Videos\BookRecommender\BookRecommender\src\bookrecommender\BookRecommender.java. Using fallback presentation compiler.
mag 02, 2026 4:01:11 AM org.eclipse.lsp4j.jsonrpc.RemoteEndpoint handleCancellation
AVVERTENZA: Unmatched cancel notification for request id 2497
mag 02, 2026 4:01:11 AM org.eclipse.lsp4j.jsonrpc.RemoteEndpoint handleCancellation
AVVERTENZA: Unmatched cancel notification for request id 2498
mag 02, 2026 4:01:11 AM org.eclipse.lsp4j.jsonrpc.RemoteEndpoint handleCancellation
AVVERTENZA: Unmatched cancel notification for request id 2499
mag 02, 2026 4:01:11 AM org.eclipse.lsp4j.jsonrpc.RemoteEndpoint handleCancellation
AVVERTENZA: Unmatched cancel notification for request id 2500
mag 02, 2026 4:01:11 AM org.eclipse.lsp4j.jsonrpc.RemoteEndpoint handleCancellation
AVVERTENZA: Unmatched cancel notification for request id 2502
mag 02, 2026 4:01:11 AM org.eclipse.lsp4j.jsonrpc.RemoteEndpoint handleCancellation
AVVERTENZA: Unmatched cancel notification for request id 2503
mag 02, 2026 4:01:11 AM org.eclipse.lsp4j.jsonrpc.RemoteEndpoint handleCancellation
AVVERTENZA: Unmatched cancel notification for request id 2504
mag 02, 2026 4:01:11 AM org.eclipse.lsp4j.jsonrpc.RemoteEndpoint handleCancellation
AVVERTENZA: Unmatched cancel notification for request id 2505
2026.05.02 04:01:11 INFO  no build target found for C:\Users\Mouhammad Toure\Videos\BookRecommender\BookRecommender\src\bookrecommender\BookRecommender.java. Using fallback presentation compiler.
2026.05.02 04:01:11 INFO  no build target found for C:\Users\Mouhammad Toure\Videos\BookRecommender\BookRecommender\src\bookrecommender\BookRecommender.java. Using fallback presentation compiler.
2026.05.02 04:01:11 WARN  no build target for: C:\Users\Mouhammad Toure\Videos\BookRecommender\BookRecommender\src\bookrecommender\BookRecommender.java
mag 02, 2026 4:01:11 AM org.eclipse.lsp4j.jsonrpc.RemoteEndpoint handleCancellation
AVVERTENZA: Unmatched cancel notification for request id 2509
2026.05.02 04:01:11 INFO  no build target found for C:\Users\Mouhammad Toure\Videos\BookRecommender\BookRecommender\src\bookrecommender\BookRecommender.java. Using fallback presentation compiler.
2026.05.02 04:01:13 WARN  Running javac-semanticdb failed for file:///C:/Users/Mouhammad%20Toure/Videos/BookRecommender/BookRecommender/src/bookrecommender/BookRecommender.java. Output:

2026.05.02 04:01:13 INFO  time: code lens generation in 1.66s
mag 02, 2026 4:01:14 AM org.eclipse.lsp4j.jsonrpc.RemoteEndpoint handleCancellation
AVVERTENZA: Unmatched cancel notification for request id 2510
mag 02, 2026 4:01:14 AM org.eclipse.lsp4j.jsonrpc.RemoteEndpoint handleCancellation
AVVERTENZA: Unmatched cancel notification for request id 2511
mag 02, 2026 4:01:14 AM org.eclipse.lsp4j.jsonrpc.RemoteEndpoint handleCancellation
AVVERTENZA: Unmatched cancel notification for request id 2512
2026.05.02 04:01:14 INFO  no build target found for C:\Users\Mouhammad Toure\Videos\BookRecommender\BookRecommender\src\bookrecommender\BookRecommender.java. Using fallback presentation compiler.
mag 02, 2026 4:01:15 AM org.eclipse.lsp4j.jsonrpc.RemoteEndpoint handleCancellation
AVVERTENZA: Unmatched cancel notification for request id 2513
mag 02, 2026 4:01:15 AM org.eclipse.lsp4j.jsonrpc.RemoteEndpoint handleCancellation
AVVERTENZA: Unmatched cancel notification for request id 2514
2026.05.02 04:01:15 INFO  no build target found for C:\Users\Mouhammad Toure\Videos\BookRecommender\BookRecommender\src\bookrecommender\BookRecommender.java. Using fallback presentation compiler.
2026.05.02 04:01:14 INFO  no build target found for C:\Users\Mouhammad Toure\Videos\BookRecommender\BookRecommender\src\bookrecommender\BookRecommender.java. Using fallback presentation compiler.
mag 02, 2026 4:01:16 AM org.eclipse.lsp4j.jsonrpc.RemoteEndpoint handleCancellation
AVVERTENZA: Unmatched cancel notification for request id 2516
2026.05.02 04:01:16 INFO  no build target found for C:\Users\Mouhammad Toure\Videos\BookRecommender\BookRecommender\src\bookrecommender\BookRecommender.java. Using fallback presentation compiler.
mag 02, 2026 4:01:17 AM org.eclipse.lsp4j.jsonrpc.RemoteEndpoint handleCancellation
AVVERTENZA: Unmatched cancel notification for request id 2518
mag 02, 2026 4:01:17 AM org.eclipse.lsp4j.jsonrpc.RemoteEndpoint handleCancellation
AVVERTENZA: Unmatched cancel notification for request id 2519
mag 02, 2026 4:01:17 AM org.eclipse.lsp4j.jsonrpc.RemoteEndpoint handleCancellation
AVVERTENZA: Unmatched cancel notification for request id 2521
2026.05.02 04:01:17 INFO  no build target found for C:\Users\Mouhammad Toure\Videos\BookRecommender\BookRecommender\src\bookrecommender\BookRecommender.java. Using fallback presentation compiler.
2026.05.02 04:01:17 WARN  no build target for: C:\Users\Mouhammad Toure\Videos\BookRecommender\BookRecommender\src\bookrecommender\BookRecommender.java
mag 02, 2026 4:01:20 AM org.eclipse.lsp4j.jsonrpc.RemoteEndpoint handleCancellation
AVVERTENZA: Unmatched cancel notification for request id 2523
2026.05.02 04:01:20 INFO  no build target found for C:\Users\Mouhammad Toure\Videos\BookRecommender\BookRecommender\src\bookrecommender\BookRecommender.java. Using fallback presentation compiler.
mag 02, 2026 4:01:22 AM org.eclipse.lsp4j.jsonrpc.RemoteEndpoint handleCancellation
AVVERTENZA: Unmatched cancel notification for request id 2525
mag 02, 2026 4:01:22 AM org.eclipse.lsp4j.jsonrpc.RemoteEndpoint handleCancellation
AVVERTENZA: Unmatched cancel notification for request id 2526
2026.05.02 04:01:22 INFO  no build target found for C:\Users\Mouhammad Toure\Videos\BookRecommender\BookRecommender\src\bookrecommender\BookRecommender.java. Using fallback presentation compiler.
2026.05.02 04:01:22 INFO  no build target found for C:\Users\Mouhammad Toure\Videos\BookRecommender\BookRecommender\src\bookrecommender\BookRecommender.java. Using fallback presentation compiler.
mag 02, 2026 4:01:23 AM org.eclipse.lsp4j.jsonrpc.RemoteEndpoint handleCancellation
AVVERTENZA: Unmatched cancel notification for request id 2529
mag 02, 2026 4:01:23 AM org.eclipse.lsp4j.jsonrpc.RemoteEndpoint handleCancellation
AVVERTENZA: Unmatched cancel notification for request id 2530
mag 02, 2026 4:01:23 AM org.eclipse.lsp4j.jsonrpc.RemoteEndpoint handleCancellation
AVVERTENZA: Unmatched cancel notification for request id 2531
mag 02, 2026 4:01:23 AM org.eclipse.lsp4j.jsonrpc.RemoteEndpoint handleCancellation
AVVERTENZA: Unmatched cancel notification for request id 2532
mag 02, 2026 4:01:23 AM org.eclipse.lsp4j.jsonrpc.RemoteEndpoint handleCancellation
AVVERTENZA: Unmatched cancel notification for request id 2508
2026.05.02 04:01:23 INFO  no build target found for C:\Users\Mouhammad Toure\Videos\BookRecommender\BookRecommender\src\bookrecommender\BookRecommender.java. Using fallback presentation compiler.
mag 02, 2026 4:01:24 AM org.eclipse.lsp4j.jsonrpc.RemoteEndpoint handleCancellation
AVVERTENZA: Unmatched cancel notification for request id 2533
mag 02, 2026 4:01:24 AM org.eclipse.lsp4j.jsonrpc.RemoteEndpoint handleCancellation
AVVERTENZA: Unmatched cancel notification for request id 2534
mag 02, 2026 4:01:24 AM org.eclipse.lsp4j.jsonrpc.RemoteEndpoint handleCancellation
AVVERTENZA: Unmatched cancel notification for request id 2535
mag 02, 2026 4:01:24 AM org.eclipse.lsp4j.jsonrpc.RemoteEndpoint handleCancellation
AVVERTENZA: Unmatched cancel notification for request id 2536
2026.05.02 04:01:23 INFO  no build target found for C:\Users\Mouhammad Toure\Videos\BookRecommender\BookRecommender\src\bookrecommender\BookRecommender.java. Using fallback presentation compiler.
mag 02, 2026 4:01:24 AM org.eclipse.lsp4j.jsonrpc.RemoteEndpoint handleCancellation
AVVERTENZA: Unmatched cancel notification for request id 2537
2026.05.02 04:01:24 INFO  no build target found for C:\Users\Mouhammad Toure\Videos\BookRecommender\BookRecommender\src\bookrecommender\BookRecommender.java. Using fallback presentation compiler.
mag 02, 2026 4:01:24 AM org.eclipse.lsp4j.jsonrpc.RemoteEndpoint handleCancellation
AVVERTENZA: Unmatched cancel notification for request id 2538
mag 02, 2026 4:01:24 AM org.eclipse.lsp4j.jsonrpc.RemoteEndpoint handleCancellation
AVVERTENZA: Unmatched cancel notification for request id 2539
mag 02, 2026 4:01:24 AM org.eclipse.lsp4j.jsonrpc.RemoteEndpoint handleCancellation
AVVERTENZA: Unmatched cancel notification for request id 2540
2026.05.02 04:01:24 INFO  no build target found for C:\Users\Mouhammad Toure\Videos\BookRecommender\BookRecommender\src\bookrecommender\BookRecommender.java. Using fallback presentation compiler.
mag 02, 2026 4:01:25 AM org.eclipse.lsp4j.jsonrpc.RemoteEndpoint handleCancellation
AVVERTENZA: Unmatched cancel notification for request id 2542
2026.05.02 04:01:25 WARN  no build target for: C:\Users\Mouhammad Toure\Videos\BookRecommender\BookRecommender\src\bookrecommender\BookRecommender.java
2026.05.02 04:01:24 INFO  no build target found for C:\Users\Mouhammad Toure\Videos\BookRecommender\BookRecommender\src\bookrecommender\BookRecommender.java. Using fallback presentation compiler.
2026.05.02 04:01:25 WARN  Running javac-semanticdb failed for file:///C:/Users/Mouhammad%20Toure/Videos/BookRecommender/BookRecommender/src/bookrecommender/BookRecommender.java. Output:

mag 02, 2026 4:01:25 AM org.eclipse.lsp4j.jsonrpc.RemoteEndpoint handleCancellation
AVVERTENZA: Unmatched cancel notification for request id 2545
mag 02, 2026 4:01:25 AM org.eclipse.lsp4j.jsonrpc.RemoteEndpoint handleCancellation
AVVERTENZA: Unmatched cancel notification for request id 2547
2026.05.02 04:01:25 WARN  no build target for: C:\Users\Mouhammad Toure\Videos\BookRecommender\BookRecommender\src\bookrecommender\BookRecommender.java
mag 02, 2026 4:01:25 AM org.eclipse.lsp4j.jsonrpc.RemoteEndpoint handleCancellation
AVVERTENZA: Unmatched cancel notification for request id 2550
mag 02, 2026 4:01:25 AM org.eclipse.lsp4j.jsonrpc.RemoteEndpoint handleCancellation
AVVERTENZA: Unmatched cancel notification for request id 2549
mag 02, 2026 4:01:25 AM org.eclipse.lsp4j.jsonrpc.RemoteEndpoint handleCancellation
AVVERTENZA: Unmatched cancel notification for request id 2548
2026.05.02 04:01:24 INFO  no build target found for C:\Users\Mouhammad Toure\Videos\BookRecommender\BookRecommender\src\server\InterfaceImpl.java. Using fallback presentation compiler.
2026.05.02 04:01:25 WARN  no build target for: C:\Users\Mouhammad Toure\Videos\BookRecommender\BookRecommender\src\server\InterfaceImpl.java
2026.05.02 04:01:26 INFO  no build target found for C:\Users\Mouhammad Toure\Videos\BookRecommender\BookRecommender\src\server\InterfaceImpl.java. Using fallback presentation compiler.
2026.05.02 04:01:26 INFO  no build target found for C:\Users\Mouhammad Toure\Videos\BookRecommender\BookRecommender\src\server\InterfaceImpl.java. Using fallback presentation compiler.
2026.05.02 04:01:26 WARN  Running javac-semanticdb failed for file:///C:/Users/Mouhammad%20Toure/Videos/BookRecommender/BookRecommender/src/server/InterfaceImpl.java. Output:

mag 02, 2026 4:01:26 AM org.eclipse.lsp4j.jsonrpc.RemoteEndpoint handleCancellation
AVVERTENZA: Unmatched cancel notification for request id 2552
mag 02, 2026 4:01:26 AM org.eclipse.lsp4j.jsonrpc.RemoteEndpoint handleCancellation
AVVERTENZA: Unmatched cancel notification for request id 2555
mag 02, 2026 4:01:26 AM org.eclipse.lsp4j.jsonrpc.RemoteEndpoint handleCancellation
AVVERTENZA: Unmatched cancel notification for request id 2560
mag 02, 2026 4:01:26 AM org.eclipse.lsp4j.jsonrpc.RemoteEndpoint handleCancellation
AVVERTENZA: Unmatched cancel notification for request id 2561
mag 02, 2026 4:01:26 AM org.eclipse.lsp4j.jsonrpc.RemoteEndpoint handleCancellation
AVVERTENZA: Unmatched cancel notification for request id 2562
2026.05.02 04:01:28 INFO  no build target found for C:\Users\Mouhammad Toure\Videos\BookRecommender\BookRecommender\src\server\InterfaceImpl.java. Using fallback presentation compiler.
2026.05.02 04:01:38 INFO  no build target found for C:\Users\Mouhammad Toure\Videos\BookRecommender\BookRecommender\src\server\InterfaceImpl.java. Using fallback presentation compiler.
2026.05.02 04:01:39 INFO  no build target found for C:\Users\Mouhammad Toure\Videos\BookRecommender\BookRecommender\src\bookrecommender\BookRecommender.java. Using fallback presentation compiler.
2026.05.02 04:01:40 WARN  no build target for: C:\Users\Mouhammad Toure\Videos\BookRecommender\BookRecommender\src\bookrecommender\BookRecommender.java
mag 02, 2026 4:01:40 AM org.eclipse.lsp4j.jsonrpc.RemoteEndpoint handleCancellation
AVVERTENZA: Unmatched cancel notification for request id 2567
2026.05.02 04:01:41 INFO  no build target found for C:\Users\Mouhammad Toure\Videos\BookRecommender\BookRecommender\src\bookrecommender\BookRecommender.java. Using fallback presentation compiler.
2026.05.02 04:01:41 INFO  no build target found for C:\Users\Mouhammad Toure\Videos\BookRecommender\BookRecommender\src\bookrecommender\BookRecommender.java. Using fallback presentation compiler.
mag 02, 2026 4:01:42 AM org.eclipse.lsp4j.jsonrpc.RemoteEndpoint handleCancellation
AVVERTENZA: Unmatched cancel notification for request id 2572
2026.05.02 04:01:43 INFO  no build target found for C:\Users\Mouhammad Toure\Videos\BookRecommender\BookRecommender\src\bookrecommender\BookRecommender.java. Using fallback presentation compiler.
2026.05.02 04:01:43 INFO  no build target found for C:\Users\Mouhammad Toure\Videos\BookRecommender\BookRecommender\src\bookrecommender\BookRecommender.java. Using fallback presentation compiler.
2026.05.02 04:01:49 INFO  no build target found for C:\Users\Mouhammad Toure\Videos\BookRecommender\BookRecommender\src\bookrecommender\BookRecommender.java. Using fallback presentation compiler.
mag 02, 2026 4:01:49 AM org.eclipse.lsp4j.jsonrpc.RemoteEndpoint handleCancellation
AVVERTENZA: Unmatched cancel notification for request id 2573
2026.05.02 04:01:49 INFO  no build target found for C:\Users\Mouhammad Toure\Videos\BookRecommender\BookRecommender\src\bookrecommender\BookRecommender.java. Using fallback presentation compiler.
mag 02, 2026 4:01:49 AM org.eclipse.lsp4j.jsonrpc.RemoteEndpoint handleCancellation
AVVERTENZA: Unmatched cancel notification for request id 2574
2026.05.02 04:01:49 INFO  no build target found for C:\Users\Mouhammad Toure\Videos\BookRecommender\BookRecommender\src\bookrecommender\BookRecommender.java. Using fallback presentation compiler.
2026.05.02 04:01:49 INFO  no build target found for C:\Users\Mouhammad Toure\Videos\BookRecommender\BookRecommender\src\bookrecommender\BookRecommender.java. Using fallback presentation compiler.
mag 02, 2026 4:01:49 AM org.eclipse.lsp4j.jsonrpc.RemoteEndpoint handleCancellation
AVVERTENZA: Unmatched cancel notification for request id 2575
mag 02, 2026 4:01:49 AM org.eclipse.lsp4j.jsonrpc.RemoteEndpoint handleCancellation
AVVERTENZA: Unmatched cancel notification for request id 2576
2026.05.02 04:01:49 INFO  no build target found for C:\Users\Mouhammad Toure\Videos\BookRecommender\BookRecommender\src\bookrecommender\BookRecommender.java. Using fallback presentation compiler.
mag 02, 2026 4:01:50 AM org.eclipse.lsp4j.jsonrpc.RemoteEndpoint handleCancellation
AVVERTENZA: Unmatched cancel notification for request id 2581
2026.05.02 04:01:50 INFO  no build target found for C:\Users\Mouhammad Toure\Videos\BookRecommender\BookRecommender\src\bookrecommender\BookRecommender.java. Using fallback presentation compiler.
2026.05.02 04:01:50 WARN  no build target for: C:\Users\Mouhammad Toure\Videos\BookRecommender\BookRecommender\src\bookrecommender\BookRecommender.java
mag 02, 2026 4:01:50 AM org.eclipse.lsp4j.jsonrpc.RemoteEndpoint handleCancellation
AVVERTENZA: Unmatched cancel notification for request id 2583
2026.05.02 04:01:50 INFO  no build target found for C:\Users\Mouhammad Toure\Videos\BookRecommender\BookRecommender\src\bookrecommender\BookRecommender.java. Using fallback presentation compiler.
2026.05.02 04:01:50 INFO  Created report: Optional[file:///C:/Users/Mouhammad%20Toure/Videos/BookRecommender/BookRecommender/src/bookrecommender/BookRecommender.java]
2026.05.02 04:01:50 INFO  QDox parse error in file:///C:/Users/Mouhammad%20Toure/Videos/BookRecommender/BookRecommender/src/bookrecommender/BookRecommender.java (full report at: "C:\Users\Mouhammad Toure\Videos\BookRecommender\.metals\.reports\metals-full\2026-05-02\r_qdox-error_04-01-50-133.md")
2026.05.02 04:01:50 WARN  Running javac-semanticdb failed for file:///C:/Users/Mouhammad%20Toure/Videos/BookRecommender/BookRecommender/src/bookrecommender/BookRecommender.java. Output:

2026.05.02 04:01:50 INFO  no build target found for C:\Users\Mouhammad Toure\Videos\BookRecommender\BookRecommender\src\bookrecommender\BookRecommender.java. Using fallback presentation compiler.
mag 02, 2026 4:01:51 AM org.eclipse.lsp4j.jsonrpc.RemoteEndpoint handleCancellation
AVVERTENZA: Unmatched cancel notification for request id 2588
mag 02, 2026 4:01:51 AM org.eclipse.lsp4j.jsonrpc.RemoteEndpoint handleCancellation
AVVERTENZA: Unmatched cancel notification for request id 2589
2026.05.02 04:01:50 INFO  no build target found for C:\Users\Mouhammad Toure\Videos\BookRecommender\BookRecommender\src\bookrecommender\BookRecommender.java. Using fallback presentation compiler.
mag 02, 2026 4:01:52 AM org.eclipse.lsp4j.jsonrpc.RemoteEndpoint handleCancellation
AVVERTENZA: Unmatched cancel notification for request id 2590
mag 02, 2026 4:01:52 AM org.eclipse.lsp4j.jsonrpc.RemoteEndpoint handleCancellation
AVVERTENZA: Unmatched cancel notification for request id 2591
mag 02, 2026 4:01:52 AM org.eclipse.lsp4j.jsonrpc.RemoteEndpoint handleCancellation
AVVERTENZA: Unmatched cancel notification for request id 2592
2026.05.02 04:01:52 INFO  no build target found for C:\Users\Mouhammad Toure\Videos\BookRecommender\BookRecommender\src\bookrecommender\BookRecommender.java. Using fallback presentation compiler.
mag 02, 2026 4:01:54 AM org.eclipse.lsp4j.jsonrpc.RemoteEndpoint handleCancellation
AVVERTENZA: Unmatched cancel notification for request id 2594
mag 02, 2026 4:01:54 AM org.eclipse.lsp4j.jsonrpc.RemoteEndpoint handleCancellation
AVVERTENZA: Unmatched cancel notification for request id 2595
2026.05.02 04:01:54 INFO  no build target found for C:\Users\Mouhammad Toure\Videos\BookRecommender\BookRecommender\src\bookrecommender\BookRecommender.java. Using fallback presentation compiler.
mag 02, 2026 4:01:55 AM org.eclipse.lsp4j.jsonrpc.RemoteEndpoint handleCancellation
AVVERTENZA: Unmatched cancel notification for request id 2598
2026.05.02 04:01:55 WARN  no build target for: C:\Users\Mouhammad Toure\Videos\BookRecommender\BookRecommender\src\bookrecommender\BookRecommender.java
mag 02, 2026 4:01:55 AM org.eclipse.lsp4j.jsonrpc.RemoteEndpoint handleCancellation
AVVERTENZA: Unmatched cancel notification for request id 2601
mag 02, 2026 4:01:56 AM org.eclipse.lsp4j.jsonrpc.RemoteEndpoint handleCancellation
AVVERTENZA: Unmatched cancel notification for request id 2599
2026.05.02 04:01:56 INFO  no build target found for C:\Users\Mouhammad Toure\Videos\BookRecommender\BookRecommender\src\bookrecommender\BookRecommender.java. Using fallback presentation compiler.
mag 02, 2026 4:01:56 AM org.eclipse.lsp4j.jsonrpc.RemoteEndpoint handleCancellation
AVVERTENZA: Unmatched cancel notification for request id 2587
mag 02, 2026 4:01:56 AM org.eclipse.lsp4j.jsonrpc.RemoteEndpoint handleCancellation
AVVERTENZA: Unmatched cancel notification for request id 2600
mag 02, 2026 4:01:56 AM org.eclipse.lsp4j.jsonrpc.RemoteEndpoint handleCancellation
AVVERTENZA: Unmatched cancel notification for request id 2602
2026.05.02 04:01:56 INFO  no build target found for C:\Users\Mouhammad Toure\Videos\BookRecommender\BookRecommender\src\bookrecommender\BookRecommender.java. Using fallback presentation compiler.
2026.05.02 04:01:56 INFO  no build target found for C:\Users\Mouhammad Toure\Videos\BookRecommender\BookRecommender\src\bookrecommender\BookRecommender.java. Using fallback presentation compiler.
mag 02, 2026 4:01:57 AM org.eclipse.lsp4j.jsonrpc.RemoteEndpoint handleCancellation
AVVERTENZA: Unmatched cancel notification for request id 2606
2026.05.02 04:01:57 WARN  no build target for: C:\Users\Mouhammad Toure\Videos\BookRecommender\BookRecommender\src\bookrecommender\BookRecommender.java
mag 02, 2026 4:01:57 AM org.eclipse.lsp4j.jsonrpc.RemoteEndpoint handleCancellation
AVVERTENZA: Unmatched cancel notification for request id 2603
mag 02, 2026 4:01:57 AM org.eclipse.lsp4j.jsonrpc.RemoteEndpoint handleCancellation
AVVERTENZA: Unmatched cancel notification for request id 2604
mag 02, 2026 4:01:57 AM org.eclipse.lsp4j.jsonrpc.RemoteEndpoint handleCancellation
AVVERTENZA: Unmatched cancel notification for request id 2607
2026.05.02 04:01:57 INFO  no build target found for C:\Users\Mouhammad Toure\Videos\BookRecommender\BookRecommender\src\bookrecommender\BookRecommender.java. Using fallback presentation compiler.
mag 02, 2026 4:01:58 AM org.eclipse.lsp4j.jsonrpc.RemoteEndpoint handleCancellation
AVVERTENZA: Unmatched cancel notification for request id 2609
2026.05.02 04:01:57 INFO  no build target found for C:\Users\Mouhammad Toure\Videos\BookRecommender\BookRecommender\src\bookrecommender\BookRecommender.java. Using fallback presentation compiler.
2026.05.02 04:01:58 WARN  Running javac-semanticdb failed for file:///C:/Users/Mouhammad%20Toure/Videos/BookRecommender/BookRecommender/src/bookrecommender/BookRecommender.java. Output:

2026.05.02 04:01:59 INFO  time: code lens generation in 1.57s
mag 02, 2026 4:01:59 AM org.eclipse.lsp4j.jsonrpc.RemoteEndpoint handleCancellation
AVVERTENZA: Unmatched cancel notification for request id 2614
2026.05.02 04:01:59 INFO  no build target found for C:\Users\Mouhammad Toure\Videos\BookRecommender\BookRecommender\src\bookrecommender\BookRecommender.java. Using fallback presentation compiler.
2026.05.02 04:02:00 INFO  no build target found for C:\Users\Mouhammad Toure\Videos\BookRecommender\BookRecommender\src\bookrecommender\BookRecommender.java. Using fallback presentation compiler.
mag 02, 2026 4:02:01 AM org.eclipse.lsp4j.jsonrpc.RemoteEndpoint handleCancellation
AVVERTENZA: Unmatched cancel notification for request id 2617
2026.05.02 04:02:01 INFO  no build target found for C:\Users\Mouhammad Toure\Videos\BookRecommender\BookRecommender\src\bookrecommender\BookRecommender.java. Using fallback presentation compiler.
2026.05.02 04:02:00 INFO  no build target found for C:\Users\Mouhammad Toure\Videos\BookRecommender\BookRecommender\src\bookrecommender\BookRecommender.java. Using fallback presentation compiler.
mag 02, 2026 4:02:02 AM org.eclipse.lsp4j.jsonrpc.RemoteEndpoint handleCancellation
AVVERTENZA: Unmatched cancel notification for request id 2619
2026.05.02 04:02:02 INFO  no build target found for C:\Users\Mouhammad Toure\Videos\BookRecommender\BookRecommender\src\bookrecommender\BookRecommender.java. Using fallback presentation compiler.
mag 02, 2026 4:02:02 AM org.eclipse.lsp4j.jsonrpc.RemoteEndpoint handleCancellation
AVVERTENZA: Unmatched cancel notification for request id 2620
2026.05.02 04:02:02 INFO  no build target found for C:\Users\Mouhammad Toure\Videos\BookRecommender\BookRecommender\src\bookrecommender\BookRecommender.java. Using fallback presentation compiler.
2026.05.02 04:02:04 INFO  no build target found for C:\Users\Mouhammad Toure\Videos\BookRecommender\BookRecommender\src\bookrecommender\BookRecommender.java. Using fallback presentation compiler.
2026.05.02 04:02:11 INFO  no build target found for C:\Users\Mouhammad Toure\Videos\BookRecommender\BookRecommender\src\bookrecommender\BookRecommender.java. Using fallback presentation compiler.
2026.05.02 04:02:11 INFO  no build target found for C:\Users\Mouhammad Toure\Videos\BookRecommender\BookRecommender\src\bookrecommender\BookRecommender.java. Using fallback presentation compiler.
2026.05.02 04:02:13 WARN  no build target for: C:\Users\Mouhammad Toure\Videos\BookRecommender\BookRecommender\src\bookrecommender\BookRecommender.java
2026.05.02 04:02:13 INFO  no build target found for C:\Users\Mouhammad Toure\Videos\BookRecommender\BookRecommender\src\bookrecommender\BookRecommender.java. Using fallback presentation compiler.
2026.05.02 04:02:13 WARN  Running javac-semanticdb failed for file:///C:/Users/Mouhammad%20Toure/Videos/BookRecommender/BookRecommender/src/bookrecommender/BookRecommender.java. Output:

2026.05.02 04:02:13 INFO  no build target found for C:\Users\Mouhammad Toure\Videos\BookRecommender\BookRecommender\src\bookrecommender\BookRecommender.java. Using fallback presentation compiler.
2026.05.02 04:02:13 INFO  no build target found for C:\Users\Mouhammad Toure\Videos\BookRecommender\BookRecommender\src\bookrecommender\BookRecommender.java. Using fallback presentation compiler.
2026.05.02 04:02:17 INFO  no build target found for C:\Users\Mouhammad Toure\Videos\BookRecommender\BookRecommender\src\bookrecommender\BookRecommender.java. Using fallback presentation compiler.
2026.05.02 04:02:17 INFO  no build target found for C:\Users\Mouhammad Toure\Videos\BookRecommender\BookRecommender\src\bookrecommender\BookRecommender.java. Using fallback presentation compiler.
2026.05.02 04:02:17 WARN  no build target for: C:\Users\Mouhammad Toure\Videos\BookRecommender\BookRecommender\src\bookrecommender\BookRecommender.java
mag 02, 2026 4:02:17 AM org.eclipse.lsp4j.jsonrpc.RemoteEndpoint handleCancellation
AVVERTENZA: Unmatched cancel notification for request id 2629
2026.05.02 04:02:17 INFO  no build target found for C:\Users\Mouhammad Toure\Videos\BookRecommender\BookRecommender\src\bookrecommender\BookRecommender.java. Using fallback presentation compiler.
2026.05.02 04:02:17 INFO  no build target found for C:\Users\Mouhammad Toure\Videos\BookRecommender\BookRecommender\src\bookrecommender\BookRecommender.java. Using fallback presentation compiler.
2026.05.02 04:02:17 WARN  Running javac-semanticdb failed for file:///C:/Users/Mouhammad%20Toure/Videos/BookRecommender/BookRecommender/src/bookrecommender/BookRecommender.java. Output:

mag 02, 2026 4:02:18 AM org.eclipse.lsp4j.jsonrpc.RemoteEndpoint handleCancellation
AVVERTENZA: Unmatched cancel notification for request id 2634
mag 02, 2026 4:02:18 AM org.eclipse.lsp4j.jsonrpc.RemoteEndpoint handleCancellation
AVVERTENZA: Unmatched cancel notification for request id 2630
2026.05.02 04:02:18 INFO  no build target found for C:\Users\Mouhammad Toure\Videos\BookRecommender\BookRecommender\src\bookrecommender\BookRecommender.java. Using fallback presentation compiler.
mag 02, 2026 4:02:18 AM org.eclipse.lsp4j.jsonrpc.RemoteEndpoint handleCancellation
AVVERTENZA: Unmatched cancel notification for request id 2632
2026.05.02 04:02:18 INFO  no build target found for C:\Users\Mouhammad Toure\Videos\BookRecommender\BookRecommender\src\bookrecommender\BookRecommender.java. Using fallback presentation compiler.
mag 02, 2026 4:02:18 AM org.eclipse.lsp4j.jsonrpc.RemoteEndpoint handleCancellation
AVVERTENZA: Unmatched cancel notification for request id 2637
2026.05.02 04:02:18 INFO  no build target found for C:\Users\Mouhammad Toure\Videos\BookRecommender\BookRecommender\src\bookrecommender\BookRecommender.java. Using fallback presentation compiler.
2026.05.02 04:02:19 WARN  no build target for: C:\Users\Mouhammad Toure\Videos\BookRecommender\BookRecommender\src\bookrecommender\BookRecommender.java
2026.05.02 04:02:19 INFO  no build target found for C:\Users\Mouhammad Toure\Videos\BookRecommender\BookRecommender\src\bookrecommender\BookRecommender.java. Using fallback presentation compiler.
2026.05.02 04:02:19 INFO  no build target found for C:\Users\Mouhammad Toure\Videos\BookRecommender\BookRecommender\src\bookrecommender\BookRecommender.java. Using fallback presentation compiler.
2026.05.02 04:02:19 WARN  Running javac-semanticdb failed for file:///C:/Users/Mouhammad%20Toure/Videos/BookRecommender/BookRecommender/src/bookrecommender/BookRecommender.java. Output:

2026.05.02 04:02:21 INFO  no build target found for C:\Users\Mouhammad Toure\Videos\BookRecommender\BookRecommender\src\bookrecommender\BookRecommender.java. Using fallback presentation compiler.
2026.05.02 04:02:22 INFO  no build target found for C:\Users\Mouhammad Toure\Videos\BookRecommender\BookRecommender\src\bookrecommender\BookRecommender.java. Using fallback presentation compiler.
2026.05.02 04:02:31 INFO  no build target found for C:\Users\Mouhammad Toure\Videos\BookRecommender\BookRecommender\src\bookrecommender\BookRecommender.java. Using fallback presentation compiler.
mag 02, 2026 4:02:32 AM org.eclipse.lsp4j.jsonrpc.RemoteEndpoint handleCancellation
AVVERTENZA: Unmatched cancel notification for request id 2649
2026.05.02 04:02:31 INFO  no build target found for C:\Users\Mouhammad Toure\Videos\BookRecommender\BookRecommender\src\bookrecommender\BookRecommender.java. Using fallback presentation compiler.
2026.05.02 04:02:33 INFO  no build target found for C:\Users\Mouhammad Toure\Videos\BookRecommender\BookRecommender\src\bookrecommender\BookRecommender.java. Using fallback presentation compiler.
2026.05.02 04:02:33 INFO  no build target found for C:\Users\Mouhammad Toure\Videos\BookRecommender\BookRecommender\src\bookrecommender\BookRecommender.java. Using fallback presentation compiler.
2026.05.02 04:02:37 INFO  no build target found for C:\Users\Mouhammad Toure\Videos\BookRecommender\BookRecommender\src\bookrecommender\BookRecommender.java. Using fallback presentation compiler.
2026.05.02 04:02:37 INFO  no build target found for C:\Users\Mouhammad Toure\Videos\BookRecommender\BookRecommender\src\bookrecommender\BookRecommender.java. Using fallback presentation compiler.
2026.05.02 04:02:43 INFO  no build target found for C:\Users\Mouhammad Toure\Videos\BookRecommender\BookRecommender\src\bookrecommender\BookRecommender.java. Using fallback presentation compiler.
mag 02, 2026 4:02:44 AM org.eclipse.lsp4j.jsonrpc.RemoteEndpoint handleCancellation
AVVERTENZA: Unmatched cancel notification for request id 2654
mag 02, 2026 4:02:44 AM org.eclipse.lsp4j.jsonrpc.RemoteEndpoint handleCancellation
AVVERTENZA: Unmatched cancel notification for request id 2655
2026.05.02 04:02:43 INFO  no build target found for C:\Users\Mouhammad Toure\Videos\BookRecommender\BookRecommender\src\bookrecommender\BookRecommender.java. Using fallback presentation compiler.
2026.05.02 04:02:44 WARN  no build target for: C:\Users\Mouhammad Toure\Videos\BookRecommender\BookRecommender\src\bookrecommender\BookRecommender.java
2026.05.02 04:02:43 INFO  no build target found for C:\Users\Mouhammad Toure\Videos\BookRecommender\BookRecommender\src\bookrecommender\BookRecommender.java. Using fallback presentation compiler.
mag 02, 2026 4:02:44 AM org.eclipse.lsp4j.jsonrpc.RemoteEndpoint handleCancellation
AVVERTENZA: Unmatched cancel notification for request id 2653
mag 02, 2026 4:02:44 AM org.eclipse.lsp4j.jsonrpc.RemoteEndpoint handleCancellation
AVVERTENZA: Unmatched cancel notification for request id 2657
2026.05.02 04:02:43 INFO  no build target found for C:\Users\Mouhammad Toure\Videos\BookRecommender\BookRecommender\src\bookrecommender\BookRecommender.java. Using fallback presentation compiler.
2026.05.02 04:02:44 WARN  Running javac-semanticdb failed for file:///C:/Users/Mouhammad%20Toure/Videos/BookRecommender/BookRecommender/src/bookrecommender/BookRecommender.java. Output:

2026.05.02 04:02:45 INFO  no build target found for C:\Users\Mouhammad Toure\Videos\BookRecommender\BookRecommender\src\bookrecommender\BookRecommender.java. Using fallback presentation compiler.
mag 02, 2026 4:02:45 AM org.eclipse.lsp4j.jsonrpc.RemoteEndpoint handleCancellation
AVVERTENZA: Unmatched cancel notification for request id 2658
2026.05.02 04:02:45 INFO  no build target found for C:\Users\Mouhammad Toure\Videos\BookRecommender\BookRecommender\src\bookrecommender\BookRecommender.java. Using fallback presentation compiler.
2026.05.02 04:02:45 INFO  no build target found for C:\Users\Mouhammad Toure\Videos\BookRecommender\BookRecommender\src\bookrecommender\BookRecommender.java. Using fallback presentation compiler.
mag 02, 2026 4:02:45 AM org.eclipse.lsp4j.jsonrpc.RemoteEndpoint handleCancellation
AVVERTENZA: Unmatched cancel notification for request id 2661
2026.05.02 04:02:45 WARN  no build target for: C:\Users\Mouhammad Toure\Videos\BookRecommender\BookRecommender\src\bookrecommender\BookRecommender.java
2026.05.02 04:02:45 INFO  no build target found for C:\Users\Mouhammad Toure\Videos\BookRecommender\BookRecommender\src\bookrecommender\BookRecommender.java. Using fallback presentation compiler.
2026.05.02 04:02:45 WARN  Running javac-semanticdb failed for file:///C:/Users/Mouhammad%20Toure/Videos/BookRecommender/BookRecommender/src/bookrecommender/BookRecommender.java. Output:

mag 02, 2026 4:02:45 AM org.eclipse.lsp4j.jsonrpc.RemoteEndpoint handleCancellation
AVVERTENZA: Unmatched cancel notification for request id 2665
2026.05.02 04:02:45 WARN  no build target for: C:\Users\Mouhammad Toure\Videos\BookRecommender\BookRecommender\src\bookrecommender\BookRecommender.java
mag 02, 2026 4:02:45 AM org.eclipse.lsp4j.jsonrpc.RemoteEndpoint handleCancellation
AVVERTENZA: Unmatched cancel notification for request id 2668
2026.05.02 04:02:45 INFO  no build target found for C:\Users\Mouhammad Toure\Videos\BookRecommender\BookRecommender\src\bookrecommender\BookRecommender.java. Using fallback presentation compiler.
mag 02, 2026 4:02:45 AM org.eclipse.lsp4j.jsonrpc.RemoteEndpoint handleCancellation
AVVERTENZA: Unmatched cancel notification for request id 2670
2026.05.02 04:02:45 INFO  no build target found for C:\Users\Mouhammad Toure\Videos\BookRecommender\BookRecommender\src\bookrecommender\BookRecommender.java. Using fallback presentation compiler.
2026.05.02 04:02:45 INFO  no build target found for C:\Users\Mouhammad Toure\Videos\BookRecommender\BookRecommender\src\bookrecommender\BookRecommender.java. Using fallback presentation compiler.
2026.05.02 04:02:45 INFO  no build target found for C:\Users\Mouhammad Toure\Videos\BookRecommender\BookRecommender\src\bookrecommender\BookRecommender.java. Using fallback presentation compiler.
2026.05.02 04:02:46 INFO  no build target found for C:\Users\Mouhammad Toure\Videos\BookRecommender\BookRecommender\src\bookrecommender\BookRecommender.java. Using fallback presentation compiler.
2026.05.02 04:02:46 INFO  no build target found for C:\Users\Mouhammad Toure\Videos\BookRecommender\BookRecommender\src\bookrecommender\BookRecommender.java. Using fallback presentation compiler.
mag 02, 2026 4:02:47 AM org.eclipse.lsp4j.jsonrpc.RemoteEndpoint handleCancellation
AVVERTENZA: Unmatched cancel notification for request id 2673
mag 02, 2026 4:02:47 AM org.eclipse.lsp4j.jsonrpc.RemoteEndpoint handleCancellation
AVVERTENZA: Unmatched cancel notification for request id 2674
mag 02, 2026 4:02:47 AM org.eclipse.lsp4j.jsonrpc.RemoteEndpoint handleCancellation
AVVERTENZA: Unmatched cancel notification for request id 2675
mag 02, 2026 4:02:47 AM org.eclipse.lsp4j.jsonrpc.RemoteEndpoint handleCancellation
AVVERTENZA: Unmatched cancel notification for request id 2676
2026.05.02 04:02:46 INFO  no build target found for C:\Users\Mouhammad Toure\Videos\BookRecommender\BookRecommender\src\bookrecommender\BookRecommender.java. Using fallback presentation compiler.
2026.05.02 04:02:47 INFO  no build target found for C:\Users\Mouhammad Toure\Videos\BookRecommender\BookRecommender\src\bookrecommender\BookRecommender.java. Using fallback presentation compiler.
2026.05.02 04:02:46 INFO  no build target found for C:\Users\Mouhammad Toure\Videos\BookRecommender\BookRecommender\src\bookrecommender\BookRecommender.java. Using fallback presentation compiler.
2026.05.02 04:02:47 INFO  no build target found for C:\Users\Mouhammad Toure\Videos\BookRecommender\BookRecommender\src\bookrecommender\BookRecommender.java. Using fallback presentation compiler.
mag 02, 2026 4:02:47 AM org.eclipse.lsp4j.jsonrpc.RemoteEndpoint handleCancellation
AVVERTENZA: Unmatched cancel notification for request id 2679
mag 02, 2026 4:02:47 AM org.eclipse.lsp4j.jsonrpc.RemoteEndpoint handleCancellation
AVVERTENZA: Unmatched cancel notification for request id 2677
2026.05.02 04:02:47 INFO  no build target found for C:\Users\Mouhammad Toure\Videos\BookRecommender\BookRecommender\src\bookrecommender\BookRecommender.java. Using fallback presentation compiler.
2026.05.02 04:02:49 INFO  no build target found for C:\Users\Mouhammad Toure\Videos\BookRecommender\BookRecommender\src\bookrecommender\BookRecommender.java. Using fallback presentation compiler.
2026.05.02 04:02:55 INFO  no build target found for C:\Users\Mouhammad Toure\Videos\BookRecommender\BookRecommender\src\bookrecommender\BookRecommender.java. Using fallback presentation compiler.
2026.05.02 04:02:55 INFO  no build target found for C:\Users\Mouhammad Toure\Videos\BookRecommender\BookRecommender\src\bookrecommender\BookRecommender.java. Using fallback presentation compiler.
2026.05.02 04:02:56 INFO  no build target found for C:\Users\Mouhammad Toure\Videos\BookRecommender\BookRecommender\src\bookrecommender\BookRecommender.java. Using fallback presentation compiler.
2026.05.02 04:02:56 WARN  no build target for: C:\Users\Mouhammad Toure\Videos\BookRecommender\BookRecommender\src\bookrecommender\BookRecommender.java
2026.05.02 04:02:56 INFO  no build target found for C:\Users\Mouhammad Toure\Videos\BookRecommender\BookRecommender\src\bookrecommender\BookRecommender.java. Using fallback presentation compiler.
2026.05.02 04:02:56 INFO  no build target found for C:\Users\Mouhammad Toure\Videos\BookRecommender\BookRecommender\src\bookrecommender\BookRecommender.java. Using fallback presentation compiler.
2026.05.02 04:02:57 WARN  Running javac-semanticdb failed for file:///C:/Users/Mouhammad%20Toure/Videos/BookRecommender/BookRecommender/src/bookrecommender/BookRecommender.java. Output:

2026.05.02 04:02:58 INFO  no build target found for C:\Users\Mouhammad Toure\Videos\BookRecommender\BookRecommender\src\bookrecommender\BookRecommender.java. Using fallback presentation compiler.
mag 02, 2026 4:02:58 AM org.eclipse.lsp4j.jsonrpc.RemoteEndpoint handleCancellation
AVVERTENZA: Unmatched cancel notification for request id 2693
2026.05.02 04:02:58 INFO  no build target found for C:\Users\Mouhammad Toure\Videos\BookRecommender\BookRecommender\src\bookrecommender\BookRecommender.java. Using fallback presentation compiler.
2026.05.02 04:03:02 INFO  no build target found for C:\Users\Mouhammad Toure\Videos\BookRecommender\BookRecommender\src\server\InterfaceImpl.java. Using fallback presentation compiler.
2026.05.02 04:03:03 WARN  no build target for: C:\Users\Mouhammad Toure\Videos\BookRecommender\BookRecommender\src\server\InterfaceImpl.java
mag 02, 2026 4:03:03 AM org.eclipse.lsp4j.jsonrpc.RemoteEndpoint handleCancellation
AVVERTENZA: Unmatched cancel notification for request id 2696
2026.05.02 04:03:02 INFO  no build target found for C:\Users\Mouhammad Toure\Videos\BookRecommender\BookRecommender\src\server\InterfaceImpl.java. Using fallback presentation compiler.
2026.05.02 04:03:03 INFO  no build target found for C:\Users\Mouhammad Toure\Videos\BookRecommender\BookRecommender\src\server\InterfaceImpl.java. Using fallback presentation compiler.
2026.05.02 04:03:07 INFO  no build target found for C:\Users\Mouhammad Toure\Videos\BookRecommender\BookRecommender\src\server\InterfaceImpl.java. Using fallback presentation compiler.
2026.05.02 04:03:07 INFO  no build target found for C:\Users\Mouhammad Toure\Videos\BookRecommender\BookRecommender\src\server\InterfaceImpl.java. Using fallback presentation compiler.
2026.05.02 04:03:10 INFO  no build target found for C:\Users\Mouhammad Toure\Videos\BookRecommender\BookRecommender\src\server\InterfaceImpl.java. Using fallback presentation compiler.
2026.05.02 04:03:10 INFO  no build target found for C:\Users\Mouhammad Toure\Videos\BookRecommender\BookRecommender\src\server\InterfaceImpl.java. Using fallback presentation compiler.
2026.05.02 04:03:11 INFO  no build target found for C:\Users\Mouhammad Toure\Videos\BookRecommender\BookRecommender\src\server\InterfaceImpl.java. Using fallback presentation compiler.
mag 02, 2026 4:03:11 AM org.eclipse.lsp4j.jsonrpc.RemoteEndpoint handleCancellation
AVVERTENZA: Unmatched cancel notification for request id 2704
mag 02, 2026 4:03:11 AM org.eclipse.lsp4j.jsonrpc.RemoteEndpoint handleCancellation
AVVERTENZA: Unmatched cancel notification for request id 2705
2026.05.02 04:03:11 INFO  no build target found for C:\Users\Mouhammad Toure\Videos\BookRecommender\BookRecommender\src\server\InterfaceImpl.java. Using fallback presentation compiler.
2026.05.02 04:03:11 INFO  no build target found for C:\Users\Mouhammad Toure\Videos\BookRecommender\BookRecommender\src\server\InterfaceImpl.java. Using fallback presentation compiler.
mag 02, 2026 4:03:12 AM org.eclipse.lsp4j.jsonrpc.RemoteEndpoint handleCancellation
AVVERTENZA: Unmatched cancel notification for request id 2706
2026.05.02 04:03:11 INFO  no build target found for C:\Users\Mouhammad Toure\Videos\BookRecommender\BookRecommender\src\server\InterfaceImpl.java. Using fallback presentation compiler.
2026.05.02 04:03:11 INFO  no build target found for C:\Users\Mouhammad Toure\Videos\BookRecommender\BookRecommender\src\server\InterfaceImpl.java. Using fallback presentation compiler.
mag 02, 2026 4:03:12 AM org.eclipse.lsp4j.jsonrpc.RemoteEndpoint handleCancellation
AVVERTENZA: Unmatched cancel notification for request id 2708
2026.05.02 04:03:12 INFO  no build target found for C:\Users\Mouhammad Toure\Videos\BookRecommender\BookRecommender\src\server\InterfaceImpl.java. Using fallback presentation compiler.
2026.05.02 04:03:12 INFO  no build target found for C:\Users\Mouhammad Toure\Videos\BookRecommender\BookRecommender\src\server\InterfaceImpl.java. Using fallback presentation compiler.
mag 02, 2026 4:03:12 AM org.eclipse.lsp4j.jsonrpc.RemoteEndpoint handleCancellation
AVVERTENZA: Unmatched cancel notification for request id 2709
2026.05.02 04:03:12 INFO  no build target found for C:\Users\Mouhammad Toure\Videos\BookRecommender\BookRecommender\src\server\InterfaceImpl.java. Using fallback presentation compiler.
2026.05.02 04:03:12 INFO  no build target found for C:\Users\Mouhammad Toure\Videos\BookRecommender\BookRecommender\src\server\InterfaceImpl.java. Using fallback presentation compiler.
mag 02, 2026 4:03:14 AM org.eclipse.lsp4j.jsonrpc.RemoteEndpoint handleCancellation
AVVERTENZA: Unmatched cancel notification for request id 2711
2026.05.02 04:03:15 INFO  no build target found for C:\Users\Mouhammad Toure\Videos\BookRecommender\BookRecommender\src\server\InterfaceImpl.java. Using fallback presentation compiler.
mag 02, 2026 4:03:16 AM org.eclipse.lsp4j.jsonrpc.RemoteEndpoint handleCancellation
AVVERTENZA: Unmatched cancel notification for request id 2715
mag 02, 2026 4:03:16 AM org.eclipse.lsp4j.jsonrpc.RemoteEndpoint handleCancellation
AVVERTENZA: Unmatched cancel notification for request id 2713
2026.05.02 04:03:15 INFO  no build target found for C:\Users\Mouhammad Toure\Videos\BookRecommender\BookRecommender\src\server\InterfaceImpl.java. Using fallback presentation compiler.
2026.05.02 04:03:16 WARN  no build target for: C:\Users\Mouhammad Toure\Videos\BookRecommender\BookRecommender\src\server\InterfaceImpl.java
mag 02, 2026 4:03:16 AM org.eclipse.lsp4j.jsonrpc.RemoteEndpoint handleCancellation
AVVERTENZA: Unmatched cancel notification for request id 2717
mag 02, 2026 4:03:16 AM org.eclipse.lsp4j.jsonrpc.RemoteEndpoint handleCancellation
AVVERTENZA: Unmatched cancel notification for request id 2714
2026.05.02 04:03:16 INFO  no build target found for C:\Users\Mouhammad Toure\Videos\BookRecommender\BookRecommender\src\server\InterfaceImpl.java. Using fallback presentation compiler.
mag 02, 2026 4:03:16 AM org.eclipse.lsp4j.jsonrpc.RemoteEndpoint handleCancellation
AVVERTENZA: Unmatched cancel notification for request id 2716
2026.05.02 04:03:16 INFO  no build target found for C:\Users\Mouhammad Toure\Videos\BookRecommender\BookRecommender\src\server\InterfaceImpl.java. Using fallback presentation compiler.
mag 02, 2026 4:03:16 AM org.eclipse.lsp4j.jsonrpc.RemoteEndpoint handleCancellation
AVVERTENZA: Unmatched cancel notification for request id 2718
2026.05.02 04:03:16 INFO  no build target found for C:\Users\Mouhammad Toure\Videos\BookRecommender\BookRecommender\src\server\InterfaceImpl.java. Using fallback presentation compiler.
mag 02, 2026 4:03:16 AM org.eclipse.lsp4j.jsonrpc.RemoteEndpoint handleCancellation
AVVERTENZA: Unmatched cancel notification for request id 2719
mag 02, 2026 4:03:16 AM org.eclipse.lsp4j.jsonrpc.RemoteEndpoint handleCancellation
AVVERTENZA: Unmatched cancel notification for request id 2720
mag 02, 2026 4:03:16 AM org.eclipse.lsp4j.jsonrpc.RemoteEndpoint handleCancellation
AVVERTENZA: Unmatched cancel notification for request id 2721
2026.05.02 04:03:16 WARN  no build target for: C:\Users\Mouhammad Toure\Videos\BookRecommender\BookRecommender\src\server\InterfaceImpl.java
2026.05.02 04:03:16 WARN  Running javac-semanticdb failed for file:///C:/Users/Mouhammad%20Toure/Videos/BookRecommender/BookRecommender/src/server/InterfaceImpl.java. Output:

2026.05.02 04:03:17 INFO  no build target found for C:\Users\Mouhammad Toure\Videos\BookRecommender\BookRecommender\src\server\InterfaceImpl.java. Using fallback presentation compiler.
2026.05.02 04:03:16 INFO  no build target found for C:\Users\Mouhammad Toure\Videos\BookRecommender\BookRecommender\src\server\InterfaceImpl.java. Using fallback presentation compiler.
2026.05.02 04:03:17 INFO  no build target found for C:\Users\Mouhammad Toure\Videos\BookRecommender\BookRecommender\src\server\InterfaceImpl.java. Using fallback presentation compiler.
mag 02, 2026 4:03:17 AM org.eclipse.lsp4j.jsonrpc.RemoteEndpoint handleCancellation
AVVERTENZA: Unmatched cancel notification for request id 2728
2026.05.02 04:03:18 WARN  no build target for: C:\Users\Mouhammad Toure\Videos\BookRecommender\BookRecommender\src\server\InterfaceImpl.java
2026.05.02 04:03:18 WARN  Running javac-semanticdb failed for file:///C:/Users/Mouhammad%20Toure/Videos/BookRecommender/BookRecommender/src/server/InterfaceImpl.java. Output:

2026.05.02 04:03:17 INFO  no build target found for C:\Users\Mouhammad Toure\Videos\BookRecommender\BookRecommender\src\server\InterfaceImpl.java. Using fallback presentation compiler.
2026.05.02 04:03:19 INFO  no build target found for C:\Users\Mouhammad Toure\Videos\BookRecommender\BookRecommender\src\server\InterfaceImpl.java. Using fallback presentation compiler.
mag 02, 2026 4:03:19 AM org.eclipse.lsp4j.jsonrpc.RemoteEndpoint handleCancellation
AVVERTENZA: Unmatched cancel notification for request id 2731
2026.05.02 04:03:19 INFO  no build target found for C:\Users\Mouhammad Toure\Videos\BookRecommender\BookRecommender\src\server\InterfaceImpl.java. Using fallback presentation compiler.
2026.05.02 04:03:19 INFO  no build target found for C:\Users\Mouhammad Toure\Videos\BookRecommender\BookRecommender\src\server\InterfaceImpl.java. Using fallback presentation compiler.
2026.05.02 04:03:20 INFO  no build target found for C:\Users\Mouhammad Toure\Videos\BookRecommender\BookRecommender\src\server\InterfaceImpl.java. Using fallback presentation compiler.
2026.05.02 04:03:19 INFO  no build target found for C:\Users\Mouhammad Toure\Videos\BookRecommender\BookRecommender\src\server\InterfaceImpl.java. Using fallback presentation compiler.
2026.05.02 04:03:20 WARN  no build target for: C:\Users\Mouhammad Toure\Videos\BookRecommender\BookRecommender\src\server\InterfaceImpl.java
2026.05.02 04:03:20 INFO  no build target found for C:\Users\Mouhammad Toure\Videos\BookRecommender\BookRecommender\src\server\InterfaceImpl.java. Using fallback presentation compiler.
2026.05.02 04:03:21 WARN  Running javac-semanticdb failed for file:///C:/Users/Mouhammad%20Toure/Videos/BookRecommender/BookRecommender/src/server/InterfaceImpl.java. Output:

2026.05.02 04:03:21 INFO  no build target found for C:\Users\Mouhammad Toure\Videos\BookRecommender\BookRecommender\src\server\InterfaceImpl.java. Using fallback presentation compiler.
2026.05.02 04:03:21 INFO  no build target found for C:\Users\Mouhammad Toure\Videos\BookRecommender\BookRecommender\src\server\InterfaceImpl.java. Using fallback presentation compiler.
2026.05.02 04:03:21 INFO  no build target found for C:\Users\Mouhammad Toure\Videos\BookRecommender\BookRecommender\src\server\InterfaceImpl.java. Using fallback presentation compiler.
2026.05.02 04:03:25 INFO  no build target found for C:\Users\Mouhammad Toure\Videos\BookRecommender\BookRecommender\src\server\InterfaceImpl.java. Using fallback presentation compiler.
2026.05.02 04:03:25 INFO  no build target found for C:\Users\Mouhammad Toure\Videos\BookRecommender\BookRecommender\src\server\InterfaceImpl.java. Using fallback presentation compiler.
2026.05.02 04:03:25 INFO  no build target found for C:\Users\Mouhammad Toure\Videos\BookRecommender\BookRecommender\src\server\InterfaceImpl.java. Using fallback presentation compiler.
2026.05.02 04:03:26 INFO  no build target found for C:\Users\Mouhammad Toure\Videos\BookRecommender\BookRecommender\src\server\InterfaceImpl.java. Using fallback presentation compiler.
2026.05.02 04:03:27 WARN  no build target for: C:\Users\Mouhammad Toure\Videos\BookRecommender\BookRecommender\src\server\InterfaceImpl.java
2026.05.02 04:03:27 INFO  no build target found for C:\Users\Mouhammad Toure\Videos\BookRecommender\BookRecommender\src\server\InterfaceImpl.java. Using fallback presentation compiler.
2026.05.02 04:03:27 INFO  no build target found for C:\Users\Mouhammad Toure\Videos\BookRecommender\BookRecommender\src\server\InterfaceImpl.java. Using fallback presentation compiler.
2026.05.02 04:03:27 INFO  no build target found for C:\Users\Mouhammad Toure\Videos\BookRecommender\BookRecommender\src\server\InterfaceImpl.java. Using fallback presentation compiler.
2026.05.02 04:03:27 WARN  Running javac-semanticdb failed for file:///C:/Users/Mouhammad%20Toure/Videos/BookRecommender/BookRecommender/src/server/InterfaceImpl.java. Output:

2026.05.02 04:03:28 INFO  no build target found for C:\Users\Mouhammad Toure\Videos\BookRecommender\BookRecommender\src\server\InterfaceImpl.java. Using fallback presentation compiler.
2026.05.02 04:03:29 INFO  no build target found for C:\Users\Mouhammad Toure\Videos\BookRecommender\BookRecommender\src\server\InterfaceImpl.java. Using fallback presentation compiler.
2026.05.02 04:03:36 WARN  no build target for: C:\Users\Mouhammad Toure\Videos\BookRecommender\BookRecommender\src\models\InterfaceBook.java
2026.05.02 04:03:37 WARN  Running javac-semanticdb failed for file:///C:/Users/Mouhammad%20Toure/Videos/BookRecommender/BookRecommender/src/models/InterfaceBook.java. Output:

2026.05.02 04:03:37 INFO  no build target found for C:\Users\Mouhammad Toure\Videos\BookRecommender\BookRecommender\src\models\InterfaceBook.java. Using fallback presentation compiler.
mag 02, 2026 4:03:38 AM org.eclipse.lsp4j.jsonrpc.RemoteEndpoint handleCancellation
AVVERTENZA: Unmatched cancel notification for request id 2754
2026.05.02 04:03:38 INFO  no build target found for C:\Users\Mouhammad Toure\Videos\BookRecommender\BookRecommender\src\models\InterfaceBook.java. Using fallback presentation compiler.
2026.05.02 04:03:37 INFO  no build target found for C:\Users\Mouhammad Toure\Videos\BookRecommender\BookRecommender\src\models\InterfaceBook.java. Using fallback presentation compiler.
2026.05.02 04:03:39 INFO  no build target found for C:\Users\Mouhammad Toure\Videos\BookRecommender\BookRecommender\src\models\InterfaceBook.java. Using fallback presentation compiler.
2026.05.02 04:03:40 INFO  no build target found for C:\Users\Mouhammad Toure\Videos\BookRecommender\BookRecommender\src\models\InterfaceBook.java. Using fallback presentation compiler.
2026.05.02 04:03:41 INFO  no build target found for C:\Users\Mouhammad Toure\Videos\BookRecommender\BookRecommender\src\models\InterfaceBook.java. Using fallback presentation compiler.
2026.05.02 04:03:42 INFO  no build target found for C:\Users\Mouhammad Toure\Videos\BookRecommender\BookRecommender\src\models\InterfaceBook.java. Using fallback presentation compiler.
2026.05.02 04:03:42 INFO  no build target found for C:\Users\Mouhammad Toure\Videos\BookRecommender\BookRecommender\src\models\InterfaceBook.java. Using fallback presentation compiler.
2026.05.02 04:03:43 INFO  no build target found for C:\Users\Mouhammad Toure\Videos\BookRecommender\BookRecommender\src\models\InterfaceBook.java. Using fallback presentation compiler.
2026.05.02 04:03:44 INFO  no build target found for C:\Users\Mouhammad Toure\Videos\BookRecommender\BookRecommender\src\models\InterfaceBook.java. Using fallback presentation compiler.
2026.05.02 04:03:44 INFO  no build target found for C:\Users\Mouhammad Toure\Videos\BookRecommender\BookRecommender\src\models\InterfaceBook.java. Using fallback presentation compiler.
2026.05.02 04:03:47 INFO  no build target found for C:\Users\Mouhammad Toure\Videos\BookRecommender\BookRecommender\src\models\InterfaceBook.java. Using fallback presentation compiler.
2026.05.02 04:03:48 WARN  Running javac-semanticdb failed for file:///C:/Users/Mouhammad%20Toure/Videos/BookRecommender/BookRecommender/src/models/InterfaceBook.java. Output:

mag 02, 2026 4:03:48 AM org.eclipse.lsp4j.jsonrpc.RemoteEndpoint handleCancellation
AVVERTENZA: Unmatched cancel notification for request id 2773
mag 02, 2026 4:03:48 AM org.eclipse.lsp4j.jsonrpc.RemoteEndpoint handleCancellation
AVVERTENZA: Unmatched cancel notification for request id 2774
2026.05.02 04:03:48 INFO  no build target found for C:\Users\Mouhammad Toure\Videos\BookRecommender\BookRecommender\src\models\InterfaceBook.java. Using fallback presentation compiler.
mag 02, 2026 4:03:48 AM org.eclipse.lsp4j.jsonrpc.RemoteEndpoint handleCancellation
AVVERTENZA: Unmatched cancel notification for request id 2771
mag 02, 2026 4:03:48 AM org.eclipse.lsp4j.jsonrpc.RemoteEndpoint handleCancellation
AVVERTENZA: Unmatched cancel notification for request id 2772
mag 02, 2026 4:03:48 AM org.eclipse.lsp4j.jsonrpc.RemoteEndpoint handleCancellation
AVVERTENZA: Unmatched cancel notification for request id 2775
2026.05.02 04:03:48 INFO  no build target found for C:\Users\Mouhammad Toure\Videos\BookRecommender\BookRecommender\src\models\InterfaceBook.java. Using fallback presentation compiler.
2026.05.02 04:03:48 INFO  no build target found for C:\Users\Mouhammad Toure\Videos\BookRecommender\BookRecommender\src\models\InterfaceBook.java. Using fallback presentation compiler.
2026.05.02 04:03:48 INFO  no build target found for C:\Users\Mouhammad Toure\Videos\BookRecommender\BookRecommender\src\models\InterfaceBook.java. Using fallback presentation compiler.
mag 02, 2026 4:03:49 AM org.eclipse.lsp4j.jsonrpc.RemoteEndpoint handleCancellation
AVVERTENZA: Unmatched cancel notification for request id 2779
mag 02, 2026 4:03:49 AM org.eclipse.lsp4j.jsonrpc.RemoteEndpoint handleCancellation
AVVERTENZA: Unmatched cancel notification for request id 2780
2026.05.02 04:03:49 WARN  Running javac-semanticdb failed for file:///C:/Users/Mouhammad%20Toure/Videos/BookRecommender/BookRecommender/src/models/InterfaceBook.java. Output:

mag 02, 2026 4:03:49 AM org.eclipse.lsp4j.jsonrpc.RemoteEndpoint handleCancellation
AVVERTENZA: Unmatched cancel notification for request id 2781
mag 02, 2026 4:03:49 AM org.eclipse.lsp4j.jsonrpc.RemoteEndpoint handleCancellation
AVVERTENZA: Unmatched cancel notification for request id 2782
2026.05.02 04:03:48 INFO  no build target found for C:\Users\Mouhammad Toure\Videos\BookRecommender\BookRecommender\src\models\InterfaceBook.java. Using fallback presentation compiler.
2026.05.02 04:03:48 INFO  no build target found for C:\Users\Mouhammad Toure\Videos\BookRecommender\BookRecommender\src\models\InterfaceBook.java. Using fallback presentation compiler.
2026.05.02 04:03:50 WARN  no build target for: C:\Users\Mouhammad Toure\Videos\BookRecommender\BookRecommender\src\models\InterfaceBook.java
2026.05.02 04:03:50 INFO  no build target found for C:\Users\Mouhammad Toure\Videos\BookRecommender\BookRecommender\src\models\InterfaceBook.java. Using fallback presentation compiler.
2026.05.02 04:03:51 INFO  no build target found for C:\Users\Mouhammad Toure\Videos\BookRecommender\BookRecommender\src\models\InterfaceBook.java. Using fallback presentation compiler.
2026.05.02 04:03:50 INFO  no build target found for C:\Users\Mouhammad Toure\Videos\BookRecommender\BookRecommender\src\models\InterfaceBook.java. Using fallback presentation compiler.
2026.05.02 04:03:52 INFO  no build target found for C:\Users\Mouhammad Toure\Videos\BookRecommender\BookRecommender\src\models\InterfaceBook.java. Using fallback presentation compiler.
2026.05.02 04:03:54 INFO  no build target found for C:\Users\Mouhammad Toure\Videos\BookRecommender\BookRecommender\src\models\InterfaceBook.java. Using fallback presentation compiler.
2026.05.02 04:03:58 WARN  no build target for: C:\Users\Mouhammad Toure\Videos\BookRecommender\BookRecommender\src\bookrecommender\Client.java
2026.05.02 04:03:58 INFO  no build target found for C:\Users\Mouhammad Toure\Videos\BookRecommender\BookRecommender\src\bookrecommender\Client.java. Using fallback presentation compiler.
2026.05.02 04:03:59 INFO  no build target found for C:\Users\Mouhammad Toure\Videos\BookRecommender\BookRecommender\src\bookrecommender\Client.java. Using fallback presentation compiler.
mag 02, 2026 4:03:59 AM org.eclipse.lsp4j.jsonrpc.RemoteEndpoint handleCancellation
AVVERTENZA: Unmatched cancel notification for request id 2796
2026.05.02 04:03:59 INFO  no build target found for C:\Users\Mouhammad Toure\Videos\BookRecommender\BookRecommender\src\bookrecommender\Client.java. Using fallback presentation compiler.
2026.05.02 04:04:00 WARN  Running javac-semanticdb failed for file:///C:/Users/Mouhammad%20Toure/Videos/BookRecommender/BookRecommender/src/bookrecommender/Client.java. Output:

mag 02, 2026 4:04:00 AM org.eclipse.lsp4j.jsonrpc.RemoteEndpoint handleCancellation
AVVERTENZA: Unmatched cancel notification for request id 2799
2026.05.02 04:04:01 INFO  no build target found for C:\Users\Mouhammad Toure\Videos\BookRecommender\BookRecommender\src\bookrecommender\Client.java. Using fallback presentation compiler.
2026.05.02 04:04:01 INFO  no build target found for C:\Users\Mouhammad Toure\Videos\BookRecommender\BookRecommender\src\bookrecommender\Client.java. Using fallback presentation compiler.
mag 02, 2026 4:04:03 AM org.eclipse.lsp4j.jsonrpc.RemoteEndpoint handleCancellation
AVVERTENZA: Unmatched cancel notification for request id 2800
2026.05.02 04:04:03 INFO  no build target found for C:\Users\Mouhammad Toure\Videos\BookRecommender\BookRecommender\src\bookrecommender\Client.java. Using fallback presentation compiler.
2026.05.02 04:04:04 INFO  no build target found for C:\Users\Mouhammad Toure\Videos\BookRecommender\BookRecommender\src\bookrecommender\Client.java. Using fallback presentation compiler.
2026.05.02 04:04:09 INFO  no build target found for C:\Users\Mouhammad Toure\Videos\BookRecommender\BookRecommender\src\bookrecommender\Client.java. Using fallback presentation compiler.
2026.05.02 04:04:09 INFO  no build target found for C:\Users\Mouhammad Toure\Videos\BookRecommender\BookRecommender\src\bookrecommender\Client.java. Using fallback presentation compiler.
2026.05.02 04:04:09 INFO  no build target found for C:\Users\Mouhammad Toure\Videos\BookRecommender\BookRecommender\src\bookrecommender\Client.java. Using fallback presentation compiler.
2026.05.02 04:04:09 INFO  no build target found for C:\Users\Mouhammad Toure\Videos\BookRecommender\BookRecommender\src\bookrecommender\Client.java. Using fallback presentation compiler.
mag 02, 2026 4:04:10 AM org.eclipse.lsp4j.jsonrpc.RemoteEndpoint handleCancellation
AVVERTENZA: Unmatched cancel notification for request id 2813
2026.05.02 04:04:09 INFO  no build target found for C:\Users\Mouhammad Toure\Videos\BookRecommender\BookRecommender\src\bookrecommender\Client.java. Using fallback presentation compiler.
2026.05.02 04:04:10 INFO  no build target found for C:\Users\Mouhammad Toure\Videos\BookRecommender\BookRecommender\src\bookrecommender\Client.java. Using fallback presentation compiler.
2026.05.02 04:04:10 INFO  no build target found for C:\Users\Mouhammad Toure\Videos\BookRecommender\BookRecommender\src\bookrecommender\Client.java. Using fallback presentation compiler.
mag 02, 2026 4:04:10 AM org.eclipse.lsp4j.jsonrpc.RemoteEndpoint handleCancellation
AVVERTENZA: Unmatched cancel notification for request id 2816
2026.05.02 04:04:10 INFO  no build target found for C:\Users\Mouhammad Toure\Videos\BookRecommender\BookRecommender\src\bookrecommender\Client.java. Using fallback presentation compiler.
2026.05.02 04:04:10 INFO  no build target found for C:\Users\Mouhammad Toure\Videos\BookRecommender\BookRecommender\src\bookrecommender\Client.java. Using fallback presentation compiler.
mag 02, 2026 4:04:11 AM org.eclipse.lsp4j.jsonrpc.RemoteEndpoint handleCancellation
AVVERTENZA: Unmatched cancel notification for request id 2817
2026.05.02 04:04:10 INFO  no build target found for C:\Users\Mouhammad Toure\Videos\BookRecommender\BookRecommender\src\bookrecommender\Client.java. Using fallback presentation compiler.
mag 02, 2026 4:04:11 AM org.eclipse.lsp4j.jsonrpc.RemoteEndpoint handleCancellation
AVVERTENZA: Unmatched cancel notification for request id 2819
2026.05.02 04:04:11 INFO  no build target found for C:\Users\Mouhammad Toure\Videos\BookRecommender\BookRecommender\src\bookrecommender\Client.java. Using fallback presentation compiler.
2026.05.02 04:04:13 INFO  no build target found for C:\Users\Mouhammad Toure\Videos\BookRecommender\BookRecommender\src\bookrecommender\Client.java. Using fallback presentation compiler.
2026.05.02 04:04:13 INFO  no build target found for C:\Users\Mouhammad Toure\Videos\BookRecommender\BookRecommender\src\bookrecommender\Client.java. Using fallback presentation compiler.
2026.05.02 04:04:14 INFO  no build target found for C:\Users\Mouhammad Toure\Videos\BookRecommender\BookRecommender\src\bookrecommender\Client.java. Using fallback presentation compiler.
mag 02, 2026 4:04:15 AM org.eclipse.lsp4j.jsonrpc.RemoteEndpoint handleCancellation
AVVERTENZA: Unmatched cancel notification for request id 2825
2026.05.02 04:04:15 WARN  no build target for: C:\Users\Mouhammad Toure\Videos\BookRecommender\BookRecommender\src\bookrecommender\Client.java
2026.05.02 04:04:15 INFO  no build target found for C:\Users\Mouhammad Toure\Videos\BookRecommender\BookRecommender\src\bookrecommender\Client.java. Using fallback presentation compiler.
mag 02, 2026 4:04:15 AM org.eclipse.lsp4j.jsonrpc.RemoteEndpoint handleCancellation
AVVERTENZA: Unmatched cancel notification for request id 2822
2026.05.02 04:04:15 INFO  no build target found for C:\Users\Mouhammad Toure\Videos\BookRecommender\BookRecommender\src\bookrecommender\Client.java. Using fallback presentation compiler.
2026.05.02 04:04:16 WARN  Running javac-semanticdb failed for file:///C:/Users/Mouhammad%20Toure/Videos/BookRecommender/BookRecommender/src/bookrecommender/Client.java. Output:

2026.05.02 04:04:17 INFO  no build target found for C:\Users\Mouhammad Toure\Videos\BookRecommender\BookRecommender\src\bookrecommender\Client.java. Using fallback presentation compiler.
2026.05.02 04:04:17 INFO  no build target found for C:\Users\Mouhammad Toure\Videos\BookRecommender\BookRecommender\src\bookrecommender\Client.java. Using fallback presentation compiler.
2026.05.02 04:04:18 INFO  no build target found for C:\Users\Mouhammad Toure\Videos\BookRecommender\BookRecommender\src\bookrecommender\Client.java. Using fallback presentation compiler.
mag 02, 2026 4:04:18 AM org.eclipse.lsp4j.jsonrpc.RemoteEndpoint handleCancellation
AVVERTENZA: Unmatched cancel notification for request id 2833
2026.05.02 04:04:19 INFO  no build target found for C:\Users\Mouhammad Toure\Videos\BookRecommender\BookRecommender\src\bookrecommender\Client.java. Using fallback presentation compiler.
mag 02, 2026 4:04:20 AM org.eclipse.lsp4j.jsonrpc.RemoteEndpoint handleCancellation
AVVERTENZA: Unmatched cancel notification for request id 2832
mag 02, 2026 4:04:20 AM org.eclipse.lsp4j.jsonrpc.RemoteEndpoint handleCancellation
AVVERTENZA: Unmatched cancel notification for request id 2835
2026.05.02 04:04:20 WARN  no build target for: C:\Users\Mouhammad Toure\Videos\BookRecommender\BookRecommender\src\bookrecommender\Client.java
2026.05.02 04:04:19 INFO  no build target found for C:\Users\Mouhammad Toure\Videos\BookRecommender\BookRecommender\src\bookrecommender\Client.java. Using fallback presentation compiler.
2026.05.02 04:04:20 WARN  Running javac-semanticdb failed for file:///C:/Users/Mouhammad%20Toure/Videos/BookRecommender/BookRecommender/src/bookrecommender/Client.java. Output:

2026.05.02 04:04:21 INFO  no build target found for C:\Users\Mouhammad Toure\Videos\BookRecommender\BookRecommender\src\bookrecommender\Client.java. Using fallback presentation compiler.
2026.05.02 04:04:21 WARN  no build target for: C:\Users\Mouhammad Toure\Videos\BookRecommender\BookRecommender\src\bookrecommender\Client.java
mag 02, 2026 4:04:21 AM org.eclipse.lsp4j.jsonrpc.RemoteEndpoint handleCancellation
AVVERTENZA: Unmatched cancel notification for request id 2839
2026.05.02 04:04:20 INFO  no build target found for C:\Users\Mouhammad Toure\Videos\BookRecommender\BookRecommender\src\bookrecommender\Client.java. Using fallback presentation compiler.
mag 02, 2026 4:04:21 AM org.eclipse.lsp4j.jsonrpc.RemoteEndpoint handleCancellation
AVVERTENZA: Unmatched cancel notification for request id 2837
2026.05.02 04:04:21 INFO  no build target found for C:\Users\Mouhammad Toure\Videos\BookRecommender\BookRecommender\src\bookrecommender\Client.java. Using fallback presentation compiler.
2026.05.02 04:04:21 INFO  no build target found for C:\Users\Mouhammad Toure\Videos\BookRecommender\BookRecommender\src\bookrecommender\Client.java. Using fallback presentation compiler.
2026.05.02 04:04:24 INFO  no build target found for C:\Users\Mouhammad Toure\Videos\BookRecommender\BookRecommender\src\bookrecommender\Client.java. Using fallback presentation compiler.
2026.05.02 04:04:31 INFO  no build target found for C:\Users\Mouhammad Toure\Videos\BookRecommender\BookRecommender\src\bookrecommender\Client.java. Using fallback presentation compiler.
2026.05.02 04:04:31 INFO  no build target found for C:\Users\Mouhammad Toure\Videos\BookRecommender\BookRecommender\src\bookrecommender\Client.java. Using fallback presentation compiler.
mag 02, 2026 4:04:31 AM org.eclipse.lsp4j.jsonrpc.RemoteEndpoint handleCancellation
AVVERTENZA: Unmatched cancel notification for request id 2853
2026.05.02 04:04:31 INFO  no build target found for C:\Users\Mouhammad Toure\Videos\BookRecommender\BookRecommender\src\bookrecommender\Client.java. Using fallback presentation compiler.
2026.05.02 04:04:34 INFO  no build target found for C:\Users\Mouhammad Toure\Videos\BookRecommender\BookRecommender\src\bookrecommender\Client.java. Using fallback presentation compiler.
2026.05.02 04:04:34 INFO  no build target found for C:\Users\Mouhammad Toure\Videos\BookRecommender\BookRecommender\src\bookrecommender\Client.java. Using fallback presentation compiler.
2026.05.02 04:04:34 INFO  no build target found for C:\Users\Mouhammad Toure\Videos\BookRecommender\BookRecommender\src\bookrecommender\Client.java. Using fallback presentation compiler.
mag 02, 2026 4:04:35 AM org.eclipse.lsp4j.jsonrpc.RemoteEndpoint handleCancellation
AVVERTENZA: Unmatched cancel notification for request id 2854
2026.05.02 04:04:34 INFO  no build target found for C:\Users\Mouhammad Toure\Videos\BookRecommender\BookRecommender\src\bookrecommender\Client.java. Using fallback presentation compiler.
2026.05.02 04:04:35 INFO  no build target found for C:\Users\Mouhammad Toure\Videos\BookRecommender\BookRecommender\src\bookrecommender\Client.java. Using fallback presentation compiler.
2026.05.02 04:04:35 INFO  no build target found for C:\Users\Mouhammad Toure\Videos\BookRecommender\BookRecommender\src\bookrecommender\Client.java. Using fallback presentation compiler.
2026.05.02 04:04:35 INFO  no build target found for C:\Users\Mouhammad Toure\Videos\BookRecommender\BookRecommender\src\bookrecommender\Client.java. Using fallback presentation compiler.
mag 02, 2026 4:04:36 AM org.eclipse.lsp4j.jsonrpc.RemoteEndpoint handleCancellation
AVVERTENZA: Unmatched cancel notification for request id 2855
mag 02, 2026 4:04:36 AM org.eclipse.lsp4j.jsonrpc.RemoteEndpoint handleCancellation
AVVERTENZA: Unmatched cancel notification for request id 2857
mag 02, 2026 4:04:36 AM org.eclipse.lsp4j.jsonrpc.RemoteEndpoint handleCancellation
AVVERTENZA: Unmatched cancel notification for request id 2858
2026.05.02 04:04:36 WARN  no build target for: C:\Users\Mouhammad Toure\Videos\BookRecommender\BookRecommender\src\bookrecommender\Client.java
mag 02, 2026 4:04:36 AM org.eclipse.lsp4j.jsonrpc.RemoteEndpoint handleCancellation
AVVERTENZA: Unmatched cancel notification for request id 2860
2026.05.02 04:04:36 INFO  no build target found for C:\Users\Mouhammad Toure\Videos\BookRecommender\BookRecommender\src\bookrecommender\Client.java. Using fallback presentation compiler.
2026.05.02 04:04:36 WARN  Running javac-semanticdb failed for file:///C:/Users/Mouhammad%20Toure/Videos/BookRecommender/BookRecommender/src/bookrecommender/Client.java. Output:

2026.05.02 04:04:37 INFO  no build target found for C:\Users\Mouhammad Toure\Videos\BookRecommender\BookRecommender\src\bookrecommender\Client.java. Using fallback presentation compiler.
2026.05.02 04:04:37 INFO  no build target found for C:\Users\Mouhammad Toure\Videos\BookRecommender\BookRecommender\src\bookrecommender\Client.java. Using fallback presentation compiler.
2026.05.02 04:04:40 INFO  no build target found for C:\Users\Mouhammad Toure\Videos\BookRecommender\BookRecommender\src\bookrecommender\Client.java. Using fallback presentation compiler.
2026.05.02 04:04:40 INFO  no build target found for C:\Users\Mouhammad Toure\Videos\BookRecommender\BookRecommender\src\bookrecommender\Client.java. Using fallback presentation compiler.
mag 02, 2026 4:04:40 AM org.eclipse.lsp4j.jsonrpc.RemoteEndpoint handleCancellation
AVVERTENZA: Unmatched cancel notification for request id 2870
2026.05.02 04:04:41 WARN  no build target for: C:\Users\Mouhammad Toure\Videos\BookRecommender\BookRecommender\src\bookrecommender\Client.java
2026.05.02 04:04:41 INFO  no build target found for C:\Users\Mouhammad Toure\Videos\BookRecommender\BookRecommender\src\bookrecommender\Client.java. Using fallback presentation compiler.
2026.05.02 04:04:41 INFO  no build target found for C:\Users\Mouhammad Toure\Videos\BookRecommender\BookRecommender\src\bookrecommender\Client.java. Using fallback presentation compiler.
2026.05.02 04:04:41 WARN  Running javac-semanticdb failed for file:///C:/Users/Mouhammad%20Toure/Videos/BookRecommender/BookRecommender/src/bookrecommender/Client.java. Output:

2026.05.02 04:04:42 INFO  no build target found for C:\Users\Mouhammad Toure\Videos\BookRecommender\BookRecommender\src\bookrecommender\Client.java. Using fallback presentation compiler.
2026.05.02 04:04:42 INFO  no build target found for C:\Users\Mouhammad Toure\Videos\BookRecommender\BookRecommender\src\bookrecommender\Client.java. Using fallback presentation compiler.
2026.05.02 04:04:44 WARN  no build target for: C:\Users\Mouhammad Toure\Videos\BookRecommender\BookRecommender\src\bookrecommender\Client.java
2026.05.02 04:04:44 INFO  no build target found for C:\Users\Mouhammad Toure\Videos\BookRecommender\BookRecommender\src\bookrecommender\Client.java. Using fallback presentation compiler.
2026.05.02 04:04:44 INFO  no build target found for C:\Users\Mouhammad Toure\Videos\BookRecommender\BookRecommender\src\bookrecommender\Client.java. Using fallback presentation compiler.
2026.05.02 04:04:45 WARN  Running javac-semanticdb failed for file:///C:/Users/Mouhammad%20Toure/Videos/BookRecommender/BookRecommender/src/bookrecommender/Client.java. Output:

2026.05.02 04:04:45 INFO  no build target found for C:\Users\Mouhammad Toure\Videos\BookRecommender\BookRecommender\src\bookrecommender\Client.java. Using fallback presentation compiler.
2026.05.02 04:04:46 INFO  no build target found for C:\Users\Mouhammad Toure\Videos\BookRecommender\BookRecommender\src\bookrecommender\Client.java. Using fallback presentation compiler.
2026.05.02 04:04:53 INFO  no build target found for C:\Users\Mouhammad Toure\Videos\BookRecommender\BookRecommender\src\bookrecommender\Client.java. Using fallback presentation compiler.
2026.05.02 04:04:53 INFO  no build target found for C:\Users\Mouhammad Toure\Videos\BookRecommender\BookRecommender\src\bookrecommender\Client.java. Using fallback presentation compiler.
2026.05.02 04:04:53 INFO  no build target found for C:\Users\Mouhammad Toure\Videos\BookRecommender\BookRecommender\src\bookrecommender\Client.java. Using fallback presentation compiler.
2026.05.02 04:04:54 INFO  no build target found for C:\Users\Mouhammad Toure\Videos\BookRecommender\BookRecommender\src\bookrecommender\Client.java. Using fallback presentation compiler.
2026.05.02 04:04:54 WARN  no build target for: C:\Users\Mouhammad Toure\Videos\BookRecommender\BookRecommender\src\bookrecommender\Client.java
2026.05.02 04:04:54 INFO  no build target found for C:\Users\Mouhammad Toure\Videos\BookRecommender\BookRecommender\src\bookrecommender\Client.java. Using fallback presentation compiler.
2026.05.02 04:04:54 WARN  Running javac-semanticdb failed for file:///C:/Users/Mouhammad%20Toure/Videos/BookRecommender/BookRecommender/src/bookrecommender/Client.java. Output:

2026.05.02 04:04:56 INFO  no build target found for C:\Users\Mouhammad Toure\Videos\BookRecommender\BookRecommender\src\bookrecommender\Client.java. Using fallback presentation compiler.
2026.05.02 04:05:02 INFO  no build target found for C:\Users\Mouhammad Toure\Videos\BookRecommender\BookRecommender\src\bookrecommender\Client.java. Using fallback presentation compiler.
2026.05.02 04:05:02 INFO  no build target found for C:\Users\Mouhammad Toure\Videos\BookRecommender\BookRecommender\src\bookrecommender\Client.java. Using fallback presentation compiler.
2026.05.02 04:05:03 INFO  no build target found for C:\Users\Mouhammad Toure\Videos\BookRecommender\BookRecommender\src\bookrecommender\Client.java. Using fallback presentation compiler.
2026.05.02 04:05:03 WARN  no build target for: C:\Users\Mouhammad Toure\Videos\BookRecommender\BookRecommender\src\bookrecommender\Client.java
2026.05.02 04:05:03 INFO  no build target found for C:\Users\Mouhammad Toure\Videos\BookRecommender\BookRecommender\src\bookrecommender\Client.java. Using fallback presentation compiler.
2026.05.02 04:05:04 INFO  no build target found for C:\Users\Mouhammad Toure\Videos\BookRecommender\BookRecommender\src\bookrecommender\Client.java. Using fallback presentation compiler.
2026.05.02 04:05:04 WARN  Running javac-semanticdb failed for file:///C:/Users/Mouhammad%20Toure/Videos/BookRecommender/BookRecommender/src/bookrecommender/Client.java. Output:

mag 02, 2026 4:05:04 AM org.eclipse.lsp4j.jsonrpc.RemoteEndpoint handleCancellation
AVVERTENZA: Unmatched cancel notification for request id 2906
2026.05.02 04:05:05 INFO  no build target found for C:\Users\Mouhammad Toure\Videos\BookRecommender\BookRecommender\src\bookrecommender\Client.java. Using fallback presentation compiler.
mag 02, 2026 4:05:05 AM org.eclipse.lsp4j.jsonrpc.RemoteEndpoint handleCancellation
AVVERTENZA: Unmatched cancel notification for request id 2907
2026.05.02 04:05:05 INFO  no build target found for C:\Users\Mouhammad Toure\Videos\BookRecommender\BookRecommender\src\bookrecommender\Client.java. Using fallback presentation compiler.
2026.05.02 04:05:05 INFO  no build target found for C:\Users\Mouhammad Toure\Videos\BookRecommender\BookRecommender\src\bookrecommender\Client.java. Using fallback presentation compiler.
2026.05.02 04:05:05 WARN  no build target for: C:\Users\Mouhammad Toure\Videos\BookRecommender\BookRecommender\src\bookrecommender\Client.java
2026.05.02 04:05:05 WARN  Running javac-semanticdb failed for file:///C:/Users/Mouhammad%20Toure/Videos/BookRecommender/BookRecommender/src/bookrecommender/Client.java. Output:

2026.05.02 04:05:06 INFO  no build target found for C:\Users\Mouhammad Toure\Videos\BookRecommender\BookRecommender\src\bookrecommender\Client.java. Using fallback presentation compiler.
2026.05.02 04:05:06 INFO  no build target found for C:\Users\Mouhammad Toure\Videos\BookRecommender\BookRecommender\src\bookrecommender\Client.java. Using fallback presentation compiler.
2026.05.02 04:05:07 INFO  no build target found for C:\Users\Mouhammad Toure\Videos\BookRecommender\BookRecommender\src\bookrecommender\Client.java. Using fallback presentation compiler.
2026.05.02 04:05:07 INFO  no build target found for C:\Users\Mouhammad Toure\Videos\BookRecommender\BookRecommender\src\bookrecommender\Client.java. Using fallback presentation compiler.
mag 02, 2026 4:05:08 AM org.eclipse.lsp4j.jsonrpc.RemoteEndpoint handleCancellation
AVVERTENZA: Unmatched cancel notification for request id 2919
mag 02, 2026 4:05:08 AM org.eclipse.lsp4j.jsonrpc.RemoteEndpoint handleCancellation
AVVERTENZA: Unmatched cancel notification for request id 2923
mag 02, 2026 4:05:08 AM org.eclipse.lsp4j.jsonrpc.RemoteEndpoint handleCancellation
AVVERTENZA: Unmatched cancel notification for request id 2924
2026.05.02 04:05:08 WARN  no build target for: C:\Users\Mouhammad Toure\Videos\BookRecommender\BookRecommender\src\bookrecommender\Client.java
2026.05.02 04:05:09 WARN  Running javac-semanticdb failed for file:///C:/Users/Mouhammad%20Toure/Videos/BookRecommender/BookRecommender/src/bookrecommender/Client.java. Output:

2026.05.02 04:05:09 INFO  no build target found for C:\Users\Mouhammad Toure\Videos\BookRecommender\BookRecommender\src\bookrecommender\Client.java. Using fallback presentation compiler.
2026.05.02 04:05:09 INFO  time: code lens generation in 1.25s
2026.05.02 04:05:09 INFO  no build target found for C:\Users\Mouhammad Toure\Videos\BookRecommender\BookRecommender\src\bookrecommender\Client.java. Using fallback presentation compiler.
2026.05.02 04:05:10 INFO  no build target found for C:\Users\Mouhammad Toure\Videos\BookRecommender\BookRecommender\src\bookrecommender\Client.java. Using fallback presentation compiler.
2026.05.02 04:05:16 INFO  no build target found for C:\Users\Mouhammad Toure\Videos\BookRecommender\BookRecommender\src\bookrecommender\Client.java. Using fallback presentation compiler.
2026.05.02 04:05:16 INFO  no build target found for C:\Users\Mouhammad Toure\Videos\BookRecommender\BookRecommender\src\bookrecommender\Client.java. Using fallback presentation compiler.
mag 02, 2026 4:05:16 AM org.eclipse.lsp4j.jsonrpc.RemoteEndpoint handleCancellation
AVVERTENZA: Unmatched cancel notification for request id 2937
mag 02, 2026 4:05:16 AM org.eclipse.lsp4j.jsonrpc.RemoteEndpoint handleCancellation
AVVERTENZA: Unmatched cancel notification for request id 2938
2026.05.02 04:05:16 INFO  no build target found for C:\Users\Mouhammad Toure\Videos\BookRecommender\BookRecommender\src\bookrecommender\Client.java. Using fallback presentation compiler.
2026.05.02 04:05:17 INFO  no build target found for C:\Users\Mouhammad Toure\Videos\BookRecommender\BookRecommender\src\bookrecommender\Client.java. Using fallback presentation compiler.
mag 02, 2026 4:05:17 AM org.eclipse.lsp4j.jsonrpc.RemoteEndpoint handleCancellation
AVVERTENZA: Unmatched cancel notification for request id 2939
2026.05.02 04:05:17 INFO  no build target found for C:\Users\Mouhammad Toure\Videos\BookRecommender\BookRecommender\src\bookrecommender\Client.java. Using fallback presentation compiler.
mag 02, 2026 4:05:20 AM org.eclipse.lsp4j.jsonrpc.RemoteEndpoint handleCancellation
AVVERTENZA: Unmatched cancel notification for request id 2940
2026.05.02 04:05:20 INFO  no build target found for C:\Users\Mouhammad Toure\Videos\BookRecommender\BookRecommender\src\bookrecommender\Client.java. Using fallback presentation compiler.
2026.05.02 04:05:21 INFO  no build target found for C:\Users\Mouhammad Toure\Videos\BookRecommender\BookRecommender\src\bookrecommender\Client.java. Using fallback presentation compiler.
2026.05.02 04:05:20 INFO  no build target found for C:\Users\Mouhammad Toure\Videos\BookRecommender\BookRecommender\src\bookrecommender\Client.java. Using fallback presentation compiler.
mag 02, 2026 4:05:21 AM org.eclipse.lsp4j.jsonrpc.RemoteEndpoint handleCancellation
AVVERTENZA: Unmatched cancel notification for request id 2942
mag 02, 2026 4:05:21 AM org.eclipse.lsp4j.jsonrpc.RemoteEndpoint handleCancellation
AVVERTENZA: Unmatched cancel notification for request id 2943
mag 02, 2026 4:05:21 AM org.eclipse.lsp4j.jsonrpc.RemoteEndpoint handleCancellation
AVVERTENZA: Unmatched cancel notification for request id 2946
mag 02, 2026 4:05:21 AM org.eclipse.lsp4j.jsonrpc.RemoteEndpoint handleCancellation
AVVERTENZA: Unmatched cancel notification for request id 2947
2026.05.02 04:05:20 INFO  no build target found for C:\Users\Mouhammad Toure\Videos\BookRecommender\BookRecommender\src\bookrecommender\Client.java. Using fallback presentation compiler.
mag 02, 2026 4:05:21 AM org.eclipse.lsp4j.jsonrpc.RemoteEndpoint handleCancellation
AVVERTENZA: Unmatched cancel notification for request id 2949
mag 02, 2026 4:05:21 AM org.eclipse.lsp4j.jsonrpc.RemoteEndpoint handleCancellation
AVVERTENZA: Unmatched cancel notification for request id 2950
mag 02, 2026 4:05:21 AM org.eclipse.lsp4j.jsonrpc.RemoteEndpoint handleCancellation
AVVERTENZA: Unmatched cancel notification for request id 2951
mag 02, 2026 4:05:21 AM org.eclipse.lsp4j.jsonrpc.RemoteEndpoint handleCancellation
AVVERTENZA: Unmatched cancel notification for request id 2953
mag 02, 2026 4:05:21 AM org.eclipse.lsp4j.jsonrpc.RemoteEndpoint handleCancellation
AVVERTENZA: Unmatched cancel notification for request id 2954
2026.05.02 04:05:20 INFO  no build target found for C:\Users\Mouhammad Toure\Videos\BookRecommender\BookRecommender\src\bookrecommender\Client.java. Using fallback presentation compiler.
2026.05.02 04:05:22 WARN  no build target for: C:\Users\Mouhammad Toure\Videos\BookRecommender\BookRecommender\src\bookrecommender\Client.java
mag 02, 2026 4:05:22 AM org.eclipse.lsp4j.jsonrpc.RemoteEndpoint handleCancellation
AVVERTENZA: Unmatched cancel notification for request id 2955
2026.05.02 04:05:22 INFO  no build target found for C:\Users\Mouhammad Toure\Videos\BookRecommender\BookRecommender\src\bookrecommender\Client.java. Using fallback presentation compiler.
mag 02, 2026 4:05:22 AM org.eclipse.lsp4j.jsonrpc.RemoteEndpoint handleCancellation
AVVERTENZA: Unmatched cancel notification for request id 2960
2026.05.02 04:05:23 WARN  Running javac-semanticdb failed for file:///C:/Users/Mouhammad%20Toure/Videos/BookRecommender/BookRecommender/src/bookrecommender/Client.java. Output:

mag 02, 2026 4:05:23 AM org.eclipse.lsp4j.jsonrpc.RemoteEndpoint handleCancellation
AVVERTENZA: Unmatched cancel notification for request id 2956
mag 02, 2026 4:05:24 AM org.eclipse.lsp4j.jsonrpc.RemoteEndpoint handleCancellation
AVVERTENZA: Unmatched cancel notification for request id 2958
2026.05.02 04:05:24 INFO  no build target found for C:\Users\Mouhammad Toure\Videos\BookRecommender\BookRecommender\src\bookrecommender\Client.java. Using fallback presentation compiler.
mag 02, 2026 4:05:24 AM org.eclipse.lsp4j.jsonrpc.RemoteEndpoint handleCancellation
AVVERTENZA: Unmatched cancel notification for request id 2957
2026.05.02 04:05:24 INFO  no build target found for C:\Users\Mouhammad Toure\Videos\BookRecommender\BookRecommender\src\bookrecommender\Client.java. Using fallback presentation compiler.
mag 02, 2026 4:05:25 AM org.eclipse.lsp4j.jsonrpc.RemoteEndpoint handleCancellation
AVVERTENZA: Unmatched cancel notification for request id 2961
2026.05.02 04:05:25 INFO  no build target found for C:\Users\Mouhammad Toure\Videos\BookRecommender\BookRecommender\src\bookrecommender\Client.java. Using fallback presentation compiler.
2026.05.02 04:05:24 INFO  no build target found for C:\Users\Mouhammad Toure\Videos\BookRecommender\BookRecommender\src\bookrecommender\Client.java. Using fallback presentation compiler.
2026.05.02 04:05:26 INFO  no build target found for C:\Users\Mouhammad Toure\Videos\BookRecommender\BookRecommender\src\bookrecommender\Client.java. Using fallback presentation compiler.
mag 02, 2026 4:05:26 AM org.eclipse.lsp4j.jsonrpc.RemoteEndpoint handleCancellation
AVVERTENZA: Unmatched cancel notification for request id 2967
mag 02, 2026 4:05:26 AM org.eclipse.lsp4j.jsonrpc.RemoteEndpoint handleCancellation
AVVERTENZA: Unmatched cancel notification for request id 2968
mag 02, 2026 4:05:26 AM org.eclipse.lsp4j.jsonrpc.RemoteEndpoint handleCancellation
AVVERTENZA: Unmatched cancel notification for request id 2969
mag 02, 2026 4:05:26 AM org.eclipse.lsp4j.jsonrpc.RemoteEndpoint handleCancellation
AVVERTENZA: Unmatched cancel notification for request id 2970
2026.05.02 04:05:26 INFO  no build target found for C:\Users\Mouhammad Toure\Videos\BookRecommender\BookRecommender\src\bookrecommender\Client.java. Using fallback presentation compiler.
mag 02, 2026 4:05:27 AM org.eclipse.lsp4j.jsonrpc.RemoteEndpoint handleCancellation
AVVERTENZA: Unmatched cancel notification for request id 2971
mag 02, 2026 4:05:27 AM org.eclipse.lsp4j.jsonrpc.RemoteEndpoint handleCancellation
AVVERTENZA: Unmatched cancel notification for request id 2972
mag 02, 2026 4:05:27 AM org.eclipse.lsp4j.jsonrpc.RemoteEndpoint handleCancellation
AVVERTENZA: Unmatched cancel notification for request id 2975
mag 02, 2026 4:05:27 AM org.eclipse.lsp4j.jsonrpc.RemoteEndpoint handleCancellation
AVVERTENZA: Unmatched cancel notification for request id 2976
2026.05.02 04:05:26 INFO  no build target found for C:\Users\Mouhammad Toure\Videos\BookRecommender\BookRecommender\src\bookrecommender\Client.java. Using fallback presentation compiler.
mag 02, 2026 4:05:27 AM org.eclipse.lsp4j.jsonrpc.RemoteEndpoint handleCancellation
AVVERTENZA: Unmatched cancel notification for request id 2977
mag 02, 2026 4:05:27 AM org.eclipse.lsp4j.jsonrpc.RemoteEndpoint handleCancellation
AVVERTENZA: Unmatched cancel notification for request id 2974
2026.05.02 04:05:27 INFO  no build target found for C:\Users\Mouhammad Toure\Videos\BookRecommender\BookRecommender\src\bookrecommender\Client.java. Using fallback presentation compiler.
mag 02, 2026 4:05:28 AM org.eclipse.lsp4j.jsonrpc.RemoteEndpoint handleCancellation
AVVERTENZA: Unmatched cancel notification for request id 2982
2026.05.02 04:05:27 INFO  no build target found for C:\Users\Mouhammad Toure\Videos\BookRecommender\BookRecommender\src\bookrecommender\Client.java. Using fallback presentation compiler.
2026.05.02 04:05:29 INFO  no build target found for C:\Users\Mouhammad Toure\Videos\BookRecommender\BookRecommender\src\bookrecommender\Client.java. Using fallback presentation compiler.
2026.05.02 04:05:30 WARN  no build target for: C:\Users\Mouhammad Toure\Videos\BookRecommender\BookRecommender\src\bookrecommender\Client.java
2026.05.02 04:05:30 WARN  Running javac-semanticdb failed for file:///C:/Users/Mouhammad%20Toure/Videos/BookRecommender/BookRecommender/src/bookrecommender/Client.java. Output:

mag 02, 2026 4:05:30 AM org.eclipse.lsp4j.jsonrpc.RemoteEndpoint handleCancellation
AVVERTENZA: Unmatched cancel notification for request id 2986
mag 02, 2026 4:05:30 AM org.eclipse.lsp4j.jsonrpc.RemoteEndpoint handleCancellation
AVVERTENZA: Unmatched cancel notification for request id 2984
2026.05.02 04:05:30 INFO  no build target found for C:\Users\Mouhammad Toure\Videos\BookRecommender\BookRecommender\src\bookrecommender\Client.java. Using fallback presentation compiler.
mag 02, 2026 4:05:30 AM org.eclipse.lsp4j.jsonrpc.RemoteEndpoint handleCancellation
AVVERTENZA: Unmatched cancel notification for request id 2989
2026.05.02 04:05:30 INFO  time: code lens generation in 2.23s
mag 02, 2026 4:05:31 AM org.eclipse.lsp4j.jsonrpc.RemoteEndpoint handleCancellation
AVVERTENZA: Unmatched cancel notification for request id 2992
mag 02, 2026 4:05:31 AM org.eclipse.lsp4j.jsonrpc.RemoteEndpoint handleCancellation
AVVERTENZA: Unmatched cancel notification for request id 2994
mag 02, 2026 4:05:31 AM org.eclipse.lsp4j.jsonrpc.RemoteEndpoint handleCancellation
AVVERTENZA: Unmatched cancel notification for request id 2996
mag 02, 2026 4:05:31 AM org.eclipse.lsp4j.jsonrpc.RemoteEndpoint handleCancellation
AVVERTENZA: Unmatched cancel notification for request id 2997
mag 02, 2026 4:05:31 AM org.eclipse.lsp4j.jsonrpc.RemoteEndpoint handleCancellation
AVVERTENZA: Unmatched cancel notification for request id 2998
mag 02, 2026 4:05:31 AM org.eclipse.lsp4j.jsonrpc.RemoteEndpoint handleCancellation
AVVERTENZA: Unmatched cancel notification for request id 2988
2026.05.02 04:05:31 INFO  no build target found for C:\Users\Mouhammad Toure\Videos\BookRecommender\BookRecommender\src\bookrecommender\Client.java. Using fallback presentation compiler.
mag 02, 2026 4:05:31 AM org.eclipse.lsp4j.jsonrpc.RemoteEndpoint handleCancellation
AVVERTENZA: Unmatched cancel notification for request id 2999
2026.05.02 04:05:32 INFO  no build target found for C:\Users\Mouhammad Toure\Videos\BookRecommender\BookRecommender\src\bookrecommender\Client.java. Using fallback presentation compiler.
2026.05.02 04:05:42 INFO  no build target found for C:\Users\Mouhammad Toure\Videos\BookRecommender\BookRecommender\src\bookrecommender\Client.java. Using fallback presentation compiler.
2026.05.02 04:05:42 INFO  no build target found for C:\Users\Mouhammad Toure\Videos\BookRecommender\BookRecommender\src\bookrecommender\Client.java. Using fallback presentation compiler.
2026.05.02 04:05:42 INFO  no build target found for C:\Users\Mouhammad Toure\Videos\BookRecommender\BookRecommender\src\bookrecommender\Client.java. Using fallback presentation compiler.
2026.05.02 04:05:44 WARN  no build target for: C:\Users\Mouhammad Toure\Videos\BookRecommender\BookRecommender\src\bookrecommender\Client.java
2026.05.02 04:05:44 INFO  no build target found for C:\Users\Mouhammad Toure\Videos\BookRecommender\BookRecommender\src\bookrecommender\Client.java. Using fallback presentation compiler.
2026.05.02 04:05:44 INFO  no build target found for C:\Users\Mouhammad Toure\Videos\BookRecommender\BookRecommender\src\bookrecommender\Client.java. Using fallback presentation compiler.
2026.05.02 04:05:45 WARN  Running javac-semanticdb failed for file:///C:/Users/Mouhammad%20Toure/Videos/BookRecommender/BookRecommender/src/bookrecommender/Client.java. Output:

2026.05.02 04:05:45 INFO  no build target found for C:\Users\Mouhammad Toure\Videos\BookRecommender\BookRecommender\src\bookrecommender\Client.java. Using fallback presentation compiler.
2026.05.02 04:05:45 INFO  no build target found for C:\Users\Mouhammad Toure\Videos\BookRecommender\BookRecommender\src\bookrecommender\Client.java. Using fallback presentation compiler.
2026.05.02 04:05:45 INFO  no build target found for C:\Users\Mouhammad Toure\Videos\BookRecommender\BookRecommender\src\bookrecommender\Client.java. Using fallback presentation compiler.
mag 02, 2026 4:05:46 AM org.eclipse.lsp4j.jsonrpc.RemoteEndpoint handleCancellation
AVVERTENZA: Unmatched cancel notification for request id 3031
2026.05.02 04:05:45 INFO  no build target found for C:\Users\Mouhammad Toure\Videos\BookRecommender\BookRecommender\src\bookrecommender\Client.java. Using fallback presentation compiler.
mag 02, 2026 4:05:46 AM org.eclipse.lsp4j.jsonrpc.RemoteEndpoint handleCancellation
AVVERTENZA: Unmatched cancel notification for request id 3032
2026.05.02 04:05:46 INFO  no build target found for C:\Users\Mouhammad Toure\Videos\BookRecommender\BookRecommender\src\bookrecommender\Client.java. Using fallback presentation compiler.
2026.05.02 04:05:46 INFO  no build target found for C:\Users\Mouhammad Toure\Videos\BookRecommender\BookRecommender\src\bookrecommender\Client.java. Using fallback presentation compiler.
mag 02, 2026 4:05:47 AM org.eclipse.lsp4j.jsonrpc.RemoteEndpoint handleCancellation
AVVERTENZA: Unmatched cancel notification for request id 3033
2026.05.02 04:05:46 INFO  no build target found for C:\Users\Mouhammad Toure\Videos\BookRecommender\BookRecommender\src\bookrecommender\Client.java. Using fallback presentation compiler.
2026.05.02 04:05:46 INFO  no build target found for C:\Users\Mouhammad Toure\Videos\BookRecommender\BookRecommender\src\bookrecommender\Client.java. Using fallback presentation compiler.
2026.05.02 04:05:46 INFO  no build target found for C:\Users\Mouhammad Toure\Videos\BookRecommender\BookRecommender\src\bookrecommender\Client.java. Using fallback presentation compiler.
2026.05.02 04:05:47 INFO  no build target found for C:\Users\Mouhammad Toure\Videos\BookRecommender\BookRecommender\src\bookrecommender\Client.java. Using fallback presentation compiler.
mag 02, 2026 4:05:48 AM org.eclipse.lsp4j.jsonrpc.RemoteEndpoint handleCancellation
AVVERTENZA: Unmatched cancel notification for request id 3038
2026.05.02 04:05:52 INFO  no build target found for C:\Users\Mouhammad Toure\Videos\BookRecommender\BookRecommender\src\bookrecommender\Client.java. Using fallback presentation compiler.
2026.05.02 04:05:52 INFO  no build target found for C:\Users\Mouhammad Toure\Videos\BookRecommender\BookRecommender\src\bookrecommender\Client.java. Using fallback presentation compiler.
mag 02, 2026 4:05:53 AM org.eclipse.lsp4j.jsonrpc.RemoteEndpoint handleCancellation
AVVERTENZA: Unmatched cancel notification for request id 3041
2026.05.02 04:05:52 INFO  no build target found for C:\Users\Mouhammad Toure\Videos\BookRecommender\BookRecommender\src\bookrecommender\Client.java. Using fallback presentation compiler.
mag 02, 2026 4:05:53 AM org.eclipse.lsp4j.jsonrpc.RemoteEndpoint handleCancellation
AVVERTENZA: Unmatched cancel notification for request id 3042
2026.05.02 04:05:52 INFO  no build target found for C:\Users\Mouhammad Toure\Videos\BookRecommender\BookRecommender\src\bookrecommender\Client.java. Using fallback presentation compiler.
2026.05.02 04:05:52 INFO  no build target found for C:\Users\Mouhammad Toure\Videos\BookRecommender\BookRecommender\src\bookrecommender\Client.java. Using fallback presentation compiler.
2026.05.02 04:05:53 INFO  no build target found for C:\Users\Mouhammad Toure\Videos\BookRecommender\BookRecommender\src\bookrecommender\Client.java. Using fallback presentation compiler.
mag 02, 2026 4:05:54 AM org.eclipse.lsp4j.jsonrpc.RemoteEndpoint handleCancellation
AVVERTENZA: Unmatched cancel notification for request id 3044
2026.05.02 04:05:53 INFO  no build target found for C:\Users\Mouhammad Toure\Videos\BookRecommender\BookRecommender\src\bookrecommender\Client.java. Using fallback presentation compiler.
2026.05.02 04:05:53 INFO  no build target found for C:\Users\Mouhammad Toure\Videos\BookRecommender\BookRecommender\src\bookrecommender\Client.java. Using fallback presentation compiler.
2026.05.02 04:05:53 INFO  no build target found for C:\Users\Mouhammad Toure\Videos\BookRecommender\BookRecommender\src\bookrecommender\Client.java. Using fallback presentation compiler.
2026.05.02 04:05:56 INFO  no build target found for C:\Users\Mouhammad Toure\Videos\BookRecommender\BookRecommender\src\bookrecommender\Client.java. Using fallback presentation compiler.
mag 02, 2026 4:05:56 AM org.eclipse.lsp4j.jsonrpc.RemoteEndpoint handleCancellation
AVVERTENZA: Unmatched cancel notification for request id 3049
2026.05.02 04:05:56 INFO  no build target found for C:\Users\Mouhammad Toure\Videos\BookRecommender\BookRecommender\src\bookrecommender\Client.java. Using fallback presentation compiler.
2026.05.02 04:05:57 INFO  no build target found for C:\Users\Mouhammad Toure\Videos\BookRecommender\BookRecommender\src\bookrecommender\Client.java. Using fallback presentation compiler.
2026.05.02 04:05:57 INFO  no build target found for C:\Users\Mouhammad Toure\Videos\BookRecommender\BookRecommender\src\bookrecommender\Client.java. Using fallback presentation compiler.
2026.05.02 04:05:57 INFO  no build target found for C:\Users\Mouhammad Toure\Videos\BookRecommender\BookRecommender\src\bookrecommender\Client.java. Using fallback presentation compiler.
mag 02, 2026 4:05:58 AM org.eclipse.lsp4j.jsonrpc.RemoteEndpoint handleCancellation
AVVERTENZA: Unmatched cancel notification for request id 3051
2026.05.02 04:05:58 INFO  no build target found for C:\Users\Mouhammad Toure\Videos\BookRecommender\BookRecommender\src\bookrecommender\Client.java. Using fallback presentation compiler.
2026.05.02 04:05:58 INFO  no build target found for C:\Users\Mouhammad Toure\Videos\BookRecommender\BookRecommender\src\bookrecommender\Client.java. Using fallback presentation compiler.
2026.05.02 04:05:58 INFO  no build target found for C:\Users\Mouhammad Toure\Videos\BookRecommender\BookRecommender\src\bookrecommender\Client.java. Using fallback presentation compiler.
mag 02, 2026 4:05:59 AM org.eclipse.lsp4j.jsonrpc.RemoteEndpoint handleCancellation
AVVERTENZA: Unmatched cancel notification for request id 3053
2026.05.02 04:05:58 INFO  no build target found for C:\Users\Mouhammad Toure\Videos\BookRecommender\BookRecommender\src\bookrecommender\Client.java. Using fallback presentation compiler.
mag 02, 2026 4:05:59 AM org.eclipse.lsp4j.jsonrpc.RemoteEndpoint handleCancellation
AVVERTENZA: Unmatched cancel notification for request id 3054
mag 02, 2026 4:05:59 AM org.eclipse.lsp4j.jsonrpc.RemoteEndpoint handleCancellation
AVVERTENZA: Unmatched cancel notification for request id 3056
2026.05.02 04:05:59 INFO  no build target found for C:\Users\Mouhammad Toure\Videos\BookRecommender\BookRecommender\src\bookrecommender\Client.java. Using fallback presentation compiler.
mag 02, 2026 4:06:00 AM org.eclipse.lsp4j.jsonrpc.RemoteEndpoint handleCancellation
AVVERTENZA: Unmatched cancel notification for request id 3059
mag 02, 2026 4:06:00 AM org.eclipse.lsp4j.jsonrpc.RemoteEndpoint handleCancellation
AVVERTENZA: Unmatched cancel notification for request id 3060
mag 02, 2026 4:06:00 AM org.eclipse.lsp4j.jsonrpc.RemoteEndpoint handleCancellation
AVVERTENZA: Unmatched cancel notification for request id 3061
2026.05.02 04:05:59 INFO  no build target found for C:\Users\Mouhammad Toure\Videos\BookRecommender\BookRecommender\src\bookrecommender\Client.java. Using fallback presentation compiler.
2026.05.02 04:06:00 INFO  no build target found for C:\Users\Mouhammad Toure\Videos\BookRecommender\BookRecommender\src\bookrecommender\Client.java. Using fallback presentation compiler.
2026.05.02 04:06:00 INFO  no build target found for C:\Users\Mouhammad Toure\Videos\BookRecommender\BookRecommender\src\bookrecommender\Client.java. Using fallback presentation compiler.
mag 02, 2026 4:06:01 AM org.eclipse.lsp4j.jsonrpc.RemoteEndpoint handleCancellation
AVVERTENZA: Unmatched cancel notification for request id 3067
2026.05.02 04:06:00 INFO  no build target found for C:\Users\Mouhammad Toure\Videos\BookRecommender\BookRecommender\src\bookrecommender\Client.java. Using fallback presentation compiler.
mag 02, 2026 4:06:01 AM org.eclipse.lsp4j.jsonrpc.RemoteEndpoint handleCancellation
AVVERTENZA: Unmatched cancel notification for request id 3069
mag 02, 2026 4:06:01 AM org.eclipse.lsp4j.jsonrpc.RemoteEndpoint handleCancellation
AVVERTENZA: Unmatched cancel notification for request id 3068
2026.05.02 04:06:00 INFO  no build target found for C:\Users\Mouhammad Toure\Videos\BookRecommender\BookRecommender\src\bookrecommender\Client.java. Using fallback presentation compiler.
2026.05.02 04:06:02 WARN  no build target for: C:\Users\Mouhammad Toure\Videos\BookRecommender\BookRecommender\src\bookrecommender\Client.java
2026.05.02 04:06:02 INFO  no build target found for C:\Users\Mouhammad Toure\Videos\BookRecommender\BookRecommender\src\bookrecommender\Client.java. Using fallback presentation compiler.
2026.05.02 04:06:02 INFO  no build target found for C:\Users\Mouhammad Toure\Videos\BookRecommender\BookRecommender\src\bookrecommender\Client.java. Using fallback presentation compiler.
2026.05.02 04:06:02 WARN  Running javac-semanticdb failed for file:///C:/Users/Mouhammad%20Toure/Videos/BookRecommender/BookRecommender/src/bookrecommender/Client.java. Output:

2026.05.02 04:06:02 INFO  no build target found for C:\Users\Mouhammad Toure\Videos\BookRecommender\BookRecommender\src\bookrecommender\Client.java. Using fallback presentation compiler.
2026.05.02 04:06:02 INFO  no build target found for C:\Users\Mouhammad Toure\Videos\BookRecommender\BookRecommender\src\bookrecommender\Client.java. Using fallback presentation compiler.
2026.05.02 04:06:03 INFO  no build target found for C:\Users\Mouhammad Toure\Videos\BookRecommender\BookRecommender\src\bookrecommender\Client.java. Using fallback presentation compiler.
2026.05.02 04:06:05 INFO  no build target found for C:\Users\Mouhammad Toure\Videos\BookRecommender\BookRecommender\src\bookrecommender\Client.java. Using fallback presentation compiler.
2026.05.02 04:06:05 INFO  no build target found for C:\Users\Mouhammad Toure\Videos\BookRecommender\BookRecommender\src\bookrecommender\Client.java. Using fallback presentation compiler.
2026.05.02 04:06:05 INFO  no build target found for C:\Users\Mouhammad Toure\Videos\BookRecommender\BookRecommender\src\bookrecommender\Client.java. Using fallback presentation compiler.
2026.05.02 04:06:06 INFO  no build target found for C:\Users\Mouhammad Toure\Videos\BookRecommender\BookRecommender\src\bookrecommender\Client.java. Using fallback presentation compiler.
2026.05.02 04:06:06 INFO  no build target found for C:\Users\Mouhammad Toure\Videos\BookRecommender\BookRecommender\src\bookrecommender\Client.java. Using fallback presentation compiler.
2026.05.02 04:06:06 INFO  no build target found for C:\Users\Mouhammad Toure\Videos\BookRecommender\BookRecommender\src\bookrecommender\Client.java. Using fallback presentation compiler.
mag 02, 2026 4:06:08 AM org.eclipse.lsp4j.jsonrpc.RemoteEndpoint handleCancellation
AVVERTENZA: Unmatched cancel notification for request id 3087
2026.05.02 04:06:08 INFO  no build target found for C:\Users\Mouhammad Toure\Videos\BookRecommender\BookRecommender\src\bookrecommender\Client.java. Using fallback presentation compiler.
2026.05.02 04:06:08 INFO  no build target found for C:\Users\Mouhammad Toure\Videos\BookRecommender\BookRecommender\src\bookrecommender\Client.java. Using fallback presentation compiler.
mag 02, 2026 4:06:09 AM org.eclipse.lsp4j.jsonrpc.RemoteEndpoint handleCancellation
AVVERTENZA: Unmatched cancel notification for request id 3088
mag 02, 2026 4:06:09 AM org.eclipse.lsp4j.jsonrpc.RemoteEndpoint handleCancellation
AVVERTENZA: Unmatched cancel notification for request id 3089
mag 02, 2026 4:06:09 AM org.eclipse.lsp4j.jsonrpc.RemoteEndpoint handleCancellation
AVVERTENZA: Unmatched cancel notification for request id 3090
mag 02, 2026 4:06:10 AM org.eclipse.lsp4j.jsonrpc.RemoteEndpoint handleCancellation
AVVERTENZA: Unmatched cancel notification for request id 3091
2026.05.02 04:06:10 INFO  no build target found for C:\Users\Mouhammad Toure\Videos\BookRecommender\BookRecommender\src\bookrecommender\Client.java. Using fallback presentation compiler.
2026.05.02 04:06:10 WARN  no build target for: C:\Users\Mouhammad Toure\Videos\BookRecommender\BookRecommender\src\bookrecommender\Client.java
2026.05.02 04:06:10 INFO  no build target found for C:\Users\Mouhammad Toure\Videos\BookRecommender\BookRecommender\src\bookrecommender\Client.java. Using fallback presentation compiler.
mag 02, 2026 4:06:11 AM org.eclipse.lsp4j.jsonrpc.RemoteEndpoint handleCancellation
AVVERTENZA: Unmatched cancel notification for request id 3096
2026.05.02 04:06:10 INFO  no build target found for C:\Users\Mouhammad Toure\Videos\BookRecommender\BookRecommender\src\bookrecommender\Client.java. Using fallback presentation compiler.
mag 02, 2026 4:06:11 AM org.eclipse.lsp4j.jsonrpc.RemoteEndpoint handleCancellation
AVVERTENZA: Unmatched cancel notification for request id 3097
2026.05.02 04:06:10 INFO  no build target found for C:\Users\Mouhammad Toure\Videos\BookRecommender\BookRecommender\src\bookrecommender\Client.java. Using fallback presentation compiler.
2026.05.02 04:06:11 WARN  Running javac-semanticdb failed for file:///C:/Users/Mouhammad%20Toure/Videos/BookRecommender/BookRecommender/src/bookrecommender/Client.java. Output:

2026.05.02 04:06:12 WARN  Running javac-semanticdb failed for file:///C:/Users/Mouhammad%20Toure/Videos/BookRecommender/BookRecommender/src/bookrecommender/Client.java. Output:

2026.05.02 04:06:12 INFO  time: code lens generation in 2.01s
mag 02, 2026 4:06:12 AM org.eclipse.lsp4j.jsonrpc.RemoteEndpoint handleCancellation
AVVERTENZA: Unmatched cancel notification for request id 3103
mag 02, 2026 4:06:12 AM org.eclipse.lsp4j.jsonrpc.RemoteEndpoint handleCancellation
AVVERTENZA: Unmatched cancel notification for request id 3101
2026.05.02 04:06:12 INFO  no build target found for C:\Users\Mouhammad Toure\Videos\BookRecommender\BookRecommender\src\bookrecommender\Client.java. Using fallback presentation compiler.
mag 02, 2026 4:06:12 AM org.eclipse.lsp4j.jsonrpc.RemoteEndpoint handleCancellation
AVVERTENZA: Unmatched cancel notification for request id 3099
2026.05.02 04:06:12 WARN  no build target for: C:\Users\Mouhammad Toure\Videos\BookRecommender\BookRecommender\src\bookrecommender\Client.java
2026.05.02 04:06:13 INFO  no build target found for C:\Users\Mouhammad Toure\Videos\BookRecommender\BookRecommender\src\bookrecommender\Client.java. Using fallback presentation compiler.
2026.05.02 04:06:12 INFO  no build target found for C:\Users\Mouhammad Toure\Videos\BookRecommender\BookRecommender\src\bookrecommender\Client.java. Using fallback presentation compiler.
2026.05.02 04:06:14 INFO  no build target found for C:\Users\Mouhammad Toure\Videos\BookRecommender\BookRecommender\src\bookrecommender\Client.java. Using fallback presentation compiler.
2026.05.02 04:06:14 INFO  no build target found for C:\Users\Mouhammad Toure\Videos\BookRecommender\BookRecommender\src\bookrecommender\Client.java. Using fallback presentation compiler.
2026.05.02 04:06:16 INFO  no build target found for C:\Users\Mouhammad Toure\Videos\BookRecommender\BookRecommender\src\bookrecommender\Client.java. Using fallback presentation compiler.
2026.05.02 04:06:16 INFO  no build target found for C:\Users\Mouhammad Toure\Videos\BookRecommender\BookRecommender\src\bookrecommender\Client.java. Using fallback presentation compiler.
2026.05.02 04:06:16 INFO  no build target found for C:\Users\Mouhammad Toure\Videos\BookRecommender\BookRecommender\src\bookrecommender\Client.java. Using fallback presentation compiler.
2026.05.02 04:06:16 INFO  no build target found for C:\Users\Mouhammad Toure\Videos\BookRecommender\BookRecommender\src\bookrecommender\Client.java. Using fallback presentation compiler.
2026.05.02 04:06:17 INFO  no build target found for C:\Users\Mouhammad Toure\Videos\BookRecommender\BookRecommender\src\bookrecommender\Client.java. Using fallback presentation compiler.
2026.05.02 04:06:17 INFO  no build target found for C:\Users\Mouhammad Toure\Videos\BookRecommender\BookRecommender\src\bookrecommender\Client.java. Using fallback presentation compiler.
2026.05.02 04:06:17 INFO  no build target found for C:\Users\Mouhammad Toure\Videos\BookRecommender\BookRecommender\src\bookrecommender\Client.java. Using fallback presentation compiler.
2026.05.02 04:06:17 INFO  no build target found for C:\Users\Mouhammad Toure\Videos\BookRecommender\BookRecommender\src\bookrecommender\Client.java. Using fallback presentation compiler.
mag 02, 2026 4:06:18 AM org.eclipse.lsp4j.jsonrpc.RemoteEndpoint handleCancellation
AVVERTENZA: Unmatched cancel notification for request id 3120
2026.05.02 04:06:17 INFO  no build target found for C:\Users\Mouhammad Toure\Videos\BookRecommender\BookRecommender\src\bookrecommender\Client.java. Using fallback presentation compiler.
2026.05.02 04:06:18 INFO  no build target found for C:\Users\Mouhammad Toure\Videos\BookRecommender\BookRecommender\src\bookrecommender\Client.java. Using fallback presentation compiler.
mag 02, 2026 4:06:19 AM org.eclipse.lsp4j.jsonrpc.RemoteEndpoint handleCancellation
AVVERTENZA: Unmatched cancel notification for request id 3122
2026.05.02 04:06:18 INFO  no build target found for C:\Users\Mouhammad Toure\Videos\BookRecommender\BookRecommender\src\bookrecommender\Client.java. Using fallback presentation compiler.
2026.05.02 04:06:18 INFO  no build target found for C:\Users\Mouhammad Toure\Videos\BookRecommender\BookRecommender\src\bookrecommender\Client.java. Using fallback presentation compiler.
mag 02, 2026 4:06:20 AM org.eclipse.lsp4j.jsonrpc.RemoteEndpoint handleCancellation
AVVERTENZA: Unmatched cancel notification for request id 3123
2026.05.02 04:06:20 INFO  no build target found for C:\Users\Mouhammad Toure\Videos\BookRecommender\BookRecommender\src\bookrecommender\Client.java. Using fallback presentation compiler.
mag 02, 2026 4:06:20 AM org.eclipse.lsp4j.jsonrpc.RemoteEndpoint handleCancellation
AVVERTENZA: Unmatched cancel notification for request id 3124
2026.05.02 04:06:20 INFO  no build target found for C:\Users\Mouhammad Toure\Videos\BookRecommender\BookRecommender\src\bookrecommender\Client.java. Using fallback presentation compiler.
mag 02, 2026 4:06:21 AM org.eclipse.lsp4j.jsonrpc.RemoteEndpoint handleCancellation
AVVERTENZA: Unmatched cancel notification for request id 3125
2026.05.02 04:06:20 INFO  no build target found for C:\Users\Mouhammad Toure\Videos\BookRecommender\BookRecommender\src\bookrecommender\Client.java. Using fallback presentation compiler.
mag 02, 2026 4:06:21 AM org.eclipse.lsp4j.jsonrpc.RemoteEndpoint handleCancellation
AVVERTENZA: Unmatched cancel notification for request id 3126
2026.05.02 04:06:21 INFO  no build target found for C:\Users\Mouhammad Toure\Videos\BookRecommender\BookRecommender\src\bookrecommender\Client.java. Using fallback presentation compiler.
mag 02, 2026 4:06:21 AM org.eclipse.lsp4j.jsonrpc.RemoteEndpoint handleCancellation
AVVERTENZA: Unmatched cancel notification for request id 3128
2026.05.02 04:06:21 INFO  no build target found for C:\Users\Mouhammad Toure\Videos\BookRecommender\BookRecommender\src\bookrecommender\Client.java. Using fallback presentation compiler.
mag 02, 2026 4:06:22 AM org.eclipse.lsp4j.jsonrpc.RemoteEndpoint handleCancellation
AVVERTENZA: Unmatched cancel notification for request id 3127
2026.05.02 04:06:21 INFO  no build target found for C:\Users\Mouhammad Toure\Videos\BookRecommender\BookRecommender\src\bookrecommender\Client.java. Using fallback presentation compiler.
mag 02, 2026 4:06:22 AM org.eclipse.lsp4j.jsonrpc.RemoteEndpoint handleCancellation
AVVERTENZA: Unmatched cancel notification for request id 3129
2026.05.02 04:06:21 INFO  no build target found for C:\Users\Mouhammad Toure\Videos\BookRecommender\BookRecommender\src\bookrecommender\Client.java. Using fallback presentation compiler.
mag 02, 2026 4:06:22 AM org.eclipse.lsp4j.jsonrpc.RemoteEndpoint handleCancellation
AVVERTENZA: Unmatched cancel notification for request id 3130
2026.05.02 04:06:22 INFO  no build target found for C:\Users\Mouhammad Toure\Videos\BookRecommender\BookRecommender\src\bookrecommender\Client.java. Using fallback presentation compiler.
mag 02, 2026 4:06:23 AM org.eclipse.lsp4j.jsonrpc.RemoteEndpoint handleCancellation
AVVERTENZA: Unmatched cancel notification for request id 3131
mag 02, 2026 4:06:23 AM org.eclipse.lsp4j.jsonrpc.RemoteEndpoint handleCancellation
AVVERTENZA: Unmatched cancel notification for request id 3132
2026.05.02 04:06:35 INFO  no build target found for C:\Users\Mouhammad Toure\Videos\BookRecommender\BookRecommender\src\bookrecommender\Client.java. Using fallback presentation compiler.
2026.05.02 04:06:48 INFO  no build target found for C:\Users\Mouhammad Toure\Videos\BookRecommender\BookRecommender\src\bookrecommender\Client.java. Using fallback presentation compiler.
2026.05.02 04:06:48 INFO  no build target found for C:\Users\Mouhammad Toure\Videos\BookRecommender\BookRecommender\src\bookrecommender\Client.java. Using fallback presentation compiler.
mag 02, 2026 4:06:48 AM org.eclipse.lsp4j.jsonrpc.RemoteEndpoint handleCancellation
AVVERTENZA: Unmatched cancel notification for request id 3165
2026.05.02 04:06:48 INFO  no build target found for C:\Users\Mouhammad Toure\Videos\BookRecommender\BookRecommender\src\bookrecommender\Client.java. Using fallback presentation compiler.
2026.05.02 04:06:48 INFO  no build target found for C:\Users\Mouhammad Toure\Videos\BookRecommender\BookRecommender\src\bookrecommender\Client.java. Using fallback presentation compiler.
2026.05.02 04:06:48 INFO  no build target found for C:\Users\Mouhammad Toure\Videos\BookRecommender\BookRecommender\src\bookrecommender\Client.java. Using fallback presentation compiler.
mag 02, 2026 4:06:49 AM org.eclipse.lsp4j.jsonrpc.RemoteEndpoint handleCancellation
AVVERTENZA: Unmatched cancel notification for request id 3168
2026.05.02 04:06:48 INFO  no build target found for C:\Users\Mouhammad Toure\Videos\BookRecommender\BookRecommender\src\bookrecommender\Client.java. Using fallback presentation compiler.
2026.05.02 04:06:50 INFO  no build target found for C:\Users\Mouhammad Toure\Videos\BookRecommender\BookRecommender\src\bookrecommender\Client.java. Using fallback presentation compiler.
2026.05.02 04:06:51 INFO  no build target found for C:\Users\Mouhammad Toure\Videos\BookRecommender\BookRecommender\src\bookrecommender\Client.java. Using fallback presentation compiler.
2026.05.02 04:06:51 WARN  no build target for: C:\Users\Mouhammad Toure\Videos\BookRecommender\BookRecommender\src\bookrecommender\Client.java
2026.05.02 04:06:51 INFO  no build target found for C:\Users\Mouhammad Toure\Videos\BookRecommender\BookRecommender\src\bookrecommender\Client.java. Using fallback presentation compiler.
mag 02, 2026 4:06:51 AM org.eclipse.lsp4j.jsonrpc.RemoteEndpoint handleCancellation
AVVERTENZA: Unmatched cancel notification for request id 3173
2026.05.02 04:06:51 INFO  no build target found for C:\Users\Mouhammad Toure\Videos\BookRecommender\BookRecommender\src\bookrecommender\Client.java. Using fallback presentation compiler.
2026.05.02 04:06:52 WARN  Running javac-semanticdb failed for file:///C:/Users/Mouhammad%20Toure/Videos/BookRecommender/BookRecommender/src/bookrecommender/Client.java. Output:

2026.05.02 04:06:52 INFO  no build target found for C:\Users\Mouhammad Toure\Videos\BookRecommender\BookRecommender\src\bookrecommender\Client.java. Using fallback presentation compiler.
2026.05.02 04:06:52 INFO  no build target found for C:\Users\Mouhammad Toure\Videos\BookRecommender\BookRecommender\src\bookrecommender\Client.java. Using fallback presentation compiler.
2026.05.02 04:06:52 INFO  no build target found for C:\Users\Mouhammad Toure\Videos\BookRecommender\BookRecommender\src\bookrecommender\Client.java. Using fallback presentation compiler.
2026.05.02 04:06:53 INFO  no build target found for C:\Users\Mouhammad Toure\Videos\BookRecommender\BookRecommender\src\bookrecommender\Client.java. Using fallback presentation compiler.
2026.05.02 04:06:54 WARN  no build target for: C:\Users\Mouhammad Toure\Videos\BookRecommender\BookRecommender\src\bookrecommender\Client.java
2026.05.02 04:06:55 INFO  no build target found for C:\Users\Mouhammad Toure\Videos\BookRecommender\BookRecommender\src\bookrecommender\Client.java. Using fallback presentation compiler.
2026.05.02 04:06:55 INFO  no build target found for C:\Users\Mouhammad Toure\Videos\BookRecommender\BookRecommender\src\bookrecommender\Client.java. Using fallback presentation compiler.
2026.05.02 04:06:56 WARN  Running javac-semanticdb failed for file:///C:/Users/Mouhammad%20Toure/Videos/BookRecommender/BookRecommender/src/bookrecommender/Client.java. Output:

2026.05.02 04:06:56 INFO  no build target found for C:\Users\Mouhammad Toure\Videos\BookRecommender\BookRecommender\src\bookrecommender\Client.java. Using fallback presentation compiler.
2026.05.02 04:06:56 INFO  no build target found for C:\Users\Mouhammad Toure\Videos\BookRecommender\BookRecommender\src\bookrecommender\Client.java. Using fallback presentation compiler.
2026.05.02 04:06:57 WARN  no build target for: C:\Users\Mouhammad Toure\Videos\BookRecommender\BookRecommender\src\bookrecommender\Client.java
2026.05.02 04:06:57 INFO  no build target found for C:\Users\Mouhammad Toure\Videos\BookRecommender\BookRecommender\src\bookrecommender\Client.java. Using fallback presentation compiler.
2026.05.02 04:06:57 WARN  Running javac-semanticdb failed for file:///C:/Users/Mouhammad%20Toure/Videos/BookRecommender/BookRecommender/src/bookrecommender/Client.java. Output:

2026.05.02 04:06:58 INFO  no build target found for C:\Users\Mouhammad Toure\Videos\BookRecommender\BookRecommender\src\bookrecommender\Client.java. Using fallback presentation compiler.
2026.05.02 04:06:58 INFO  no build target found for C:\Users\Mouhammad Toure\Videos\BookRecommender\BookRecommender\src\bookrecommender\Client.java. Using fallback presentation compiler.
2026.05.02 04:10:21 INFO  no build target found for C:\Users\Mouhammad Toure\Videos\BookRecommender\BookRecommender\src\bookrecommender\BookRecommender.java. Using fallback presentation compiler.
2026.05.02 04:10:22 WARN  no build target for: C:\Users\Mouhammad Toure\Videos\BookRecommender\BookRecommender\src\bookrecommender\BookRecommender.java
mag 02, 2026 4:10:22 AM org.eclipse.lsp4j.jsonrpc.RemoteEndpoint handleCancellation
AVVERTENZA: Unmatched cancel notification for request id 3202
2026.05.02 04:10:21 INFO  no build target found for C:\Users\Mouhammad Toure\Videos\BookRecommender\BookRecommender\src\bookrecommender\BookRecommender.java. Using fallback presentation compiler.
mag 02, 2026 4:10:23 AM org.eclipse.lsp4j.jsonrpc.RemoteEndpoint handleCancellation
AVVERTENZA: Unmatched cancel notification for request id 3203
2026.05.02 04:10:23 INFO  no build target found for C:\Users\Mouhammad Toure\Videos\BookRecommender\BookRecommender\src\bookrecommender\BookRecommender.java. Using fallback presentation compiler.
2026.05.02 04:10:23 INFO  no build target found for C:\Users\Mouhammad Toure\Videos\BookRecommender\BookRecommender\src\bookrecommender\BookRecommender.java. Using fallback presentation compiler.
2026.05.02 04:10:24 INFO  no build target found for C:\Users\Mouhammad Toure\Videos\BookRecommender\BookRecommender\src\bookrecommender\BookRecommender.java. Using fallback presentation compiler.
2026.05.02 04:15:45 INFO  no build target found for C:\Users\Mouhammad Toure\Videos\BookRecommender\BookRecommender\src\bookrecommender\BookRecommender.java. Using fallback presentation compiler.
2026.05.02 04:15:47 INFO  no build target found for C:\Users\Mouhammad Toure\Videos\BookRecommender\BookRecommender\src\bookrecommender\BookRecommenderGUI.java. Using fallback presentation compiler.
2026.05.02 04:15:47 WARN  no build target for: C:\Users\Mouhammad Toure\Videos\BookRecommender\BookRecommender\src\bookrecommender\BookRecommenderGUI.java
2026.05.02 04:15:47 INFO  no build target found for C:\Users\Mouhammad Toure\Videos\BookRecommender\BookRecommender\src\bookrecommender\BookRecommenderGUI.java. Using fallback presentation compiler.
mag 02, 2026 4:15:48 AM org.eclipse.lsp4j.jsonrpc.RemoteEndpoint handleCancellation
AVVERTENZA: Unmatched cancel notification for request id 3216
2026.05.02 04:15:47 INFO  no build target found for C:\Users\Mouhammad Toure\Videos\BookRecommender\BookRecommender\src\bookrecommender\BookRecommenderGUI.java. Using fallback presentation compiler.
2026.05.02 04:15:50 INFO  no build target found for C:\Users\Mouhammad Toure\Videos\BookRecommender\BookRecommender\src\bookrecommender\BookRecommenderGUI.java. Using fallback presentation compiler.
2026.05.02 04:15:50 WARN  Running javac-semanticdb failed for file:///C:/Users/Mouhammad%20Toure/Videos/BookRecommender/BookRecommender/src/bookrecommender/BookRecommenderGUI.java. Output:

2026.05.02 04:15:51 INFO  no build target found for C:\Users\Mouhammad Toure\Videos\BookRecommender\BookRecommender\src\bookrecommender\BookRecommenderGUI.java. Using fallback presentation compiler.
2026.05.02 04:15:55 INFO  no build target found for C:\Users\Mouhammad Toure\Videos\BookRecommender\BookRecommender\src\bookrecommender\BookRecommenderGUI.java. Using fallback presentation compiler.
2026.05.02 04:15:55 INFO  no build target found for C:\Users\Mouhammad Toure\Videos\BookRecommender\BookRecommender\src\bookrecommender\BookRecommenderGUI.java. Using fallback presentation compiler.
mag 02, 2026 4:15:56 AM org.eclipse.lsp4j.jsonrpc.RemoteEndpoint handleCancellation
AVVERTENZA: Unmatched cancel notification for request id 3228
2026.05.02 04:15:55 INFO  no build target found for C:\Users\Mouhammad Toure\Videos\BookRecommender\BookRecommender\src\bookrecommender\BookRecommenderGUI.java. Using fallback presentation compiler.
mag 02, 2026 4:15:57 AM org.eclipse.lsp4j.jsonrpc.RemoteEndpoint handleCancellation
AVVERTENZA: Unmatched cancel notification for request id 3229
2026.05.02 04:15:57 INFO  no build target found for C:\Users\Mouhammad Toure\Videos\BookRecommender\BookRecommender\src\bookrecommender\BookRecommenderGUI.java. Using fallback presentation compiler.
2026.05.02 04:15:57 INFO  no build target found for C:\Users\Mouhammad Toure\Videos\BookRecommender\BookRecommender\src\bookrecommender\BookRecommenderGUI.java. Using fallback presentation compiler.
2026.05.02 04:15:57 INFO  no build target found for C:\Users\Mouhammad Toure\Videos\BookRecommender\BookRecommender\src\bookrecommender\BookRecommenderGUI.java. Using fallback presentation compiler.
2026.05.02 04:16:01 INFO  no build target found for C:\Users\Mouhammad Toure\Videos\BookRecommender\BookRecommender\src\bookrecommender\BookRecommenderGUI.java. Using fallback presentation compiler.
mag 02, 2026 4:16:01 AM org.eclipse.lsp4j.jsonrpc.RemoteEndpoint handleCancellation
AVVERTENZA: Unmatched cancel notification for request id 3234
2026.05.02 04:16:01 INFO  no build target found for C:\Users\Mouhammad Toure\Videos\BookRecommender\BookRecommender\src\bookrecommender\BookRecommenderGUI.java. Using fallback presentation compiler.
2026.05.02 04:16:01 INFO  no build target found for C:\Users\Mouhammad Toure\Videos\BookRecommender\BookRecommender\src\bookrecommender\BookRecommenderGUI.java. Using fallback presentation compiler.
2026.05.02 04:16:01 INFO  no build target found for C:\Users\Mouhammad Toure\Videos\BookRecommender\BookRecommender\src\bookrecommender\BookRecommenderGUI.java. Using fallback presentation compiler.
mag 02, 2026 4:16:02 AM org.eclipse.lsp4j.jsonrpc.RemoteEndpoint handleCancellation
AVVERTENZA: Unmatched cancel notification for request id 3236
2026.05.02 04:16:02 INFO  no build target found for C:\Users\Mouhammad Toure\Videos\BookRecommender\BookRecommender\src\bookrecommender\BookRecommenderGUI.java. Using fallback presentation compiler.
2026.05.02 04:16:04 INFO  no build target found for C:\Users\Mouhammad Toure\Videos\BookRecommender\BookRecommender\src\bookrecommender\BookRecommenderGUI.java. Using fallback presentation compiler.
2026.05.02 04:16:04 INFO  no build target found for C:\Users\Mouhammad Toure\Videos\BookRecommender\BookRecommender\src\bookrecommender\BookRecommenderGUI.java. Using fallback presentation compiler.
2026.05.02 04:16:06 WARN  Running javac-semanticdb failed for file:///C:/Users/Mouhammad%20Toure/Videos/BookRecommender/BookRecommender/src/bookrecommender/BookRecommenderGUI.java. Output:

2026.05.02 04:16:06 INFO  time: code lens generation in 1.28s
2026.05.02 04:16:09 INFO  no build target found for C:\Users\Mouhammad Toure\Videos\BookRecommender\BookRecommender\src\bookrecommender\BookRecommenderGUI.java. Using fallback presentation compiler.
mag 02, 2026 4:16:10 AM org.eclipse.lsp4j.jsonrpc.RemoteEndpoint handleCancellation
AVVERTENZA: Unmatched cancel notification for request id 3242
2026.05.02 04:16:09 WARN  no build target for: C:\Users\Mouhammad Toure\Videos\BookRecommender\BookRecommender\src\bookrecommender\BookRecommenderGUI.java
mag 02, 2026 4:16:10 AM org.eclipse.lsp4j.jsonrpc.RemoteEndpoint handleCancellation
AVVERTENZA: Unmatched cancel notification for request id 3244
mag 02, 2026 4:16:10 AM org.eclipse.lsp4j.jsonrpc.RemoteEndpoint handleCancellation
AVVERTENZA: Unmatched cancel notification for request id 3246
2026.05.02 04:16:10 INFO  no build target found for C:\Users\Mouhammad Toure\Videos\BookRecommender\BookRecommender\src\bookrecommender\BookRecommenderGUI.java. Using fallback presentation compiler.
2026.05.02 04:16:10 INFO  no build target found for C:\Users\Mouhammad Toure\Videos\BookRecommender\BookRecommender\src\bookrecommender\BookRecommenderGUI.java. Using fallback presentation compiler.
2026.05.02 04:16:11 WARN  no build target for: C:\Users\Mouhammad Toure\Videos\BookRecommender\BookRecommender\src\bookrecommender\BookRecommenderGUI.java
mag 02, 2026 4:16:11 AM org.eclipse.lsp4j.jsonrpc.RemoteEndpoint handleCancellation
AVVERTENZA: Unmatched cancel notification for request id 3247
2026.05.02 04:16:11 INFO  no build target found for C:\Users\Mouhammad Toure\Videos\BookRecommender\BookRecommender\src\bookrecommender\BookRecommenderGUI.java. Using fallback presentation compiler.
2026.05.02 04:16:10 INFO  no build target found for C:\Users\Mouhammad Toure\Videos\BookRecommender\BookRecommender\src\bookrecommender\BookRecommenderGUI.java. Using fallback presentation compiler.
2026.05.02 04:16:13 WARN  Running javac-semanticdb failed for file:///C:/Users/Mouhammad%20Toure/Videos/BookRecommender/BookRecommender/src/bookrecommender/BookRecommenderGUI.java. Output:

2026.05.02 04:16:13 INFO  time: code lens generation in 2.71s
2026.05.02 04:16:15 INFO  no build target found for C:\Users\Mouhammad Toure\Videos\BookRecommender\BookRecommender\src\bookrecommender\BookRecommenderGUI.java. Using fallback presentation compiler.
2026.05.02 04:16:17 INFO  no build target found for C:\Users\Mouhammad Toure\Videos\BookRecommender\BookRecommender\src\bookrecommender\BookRecommenderGUI.java. Using fallback presentation compiler.
2026.05.02 04:16:17 INFO  no build target found for C:\Users\Mouhammad Toure\Videos\BookRecommender\BookRecommender\src\bookrecommender\BookRecommenderGUI.java. Using fallback presentation compiler.
2026.05.02 04:16:18 INFO  no build target found for C:\Users\Mouhammad Toure\Videos\BookRecommender\BookRecommender\src\bookrecommender\BookRecommenderGUI.java. Using fallback presentation compiler.
2026.05.02 04:16:18 INFO  no build target found for C:\Users\Mouhammad Toure\Videos\BookRecommender\BookRecommender\src\bookrecommender\BookRecommenderGUI.java. Using fallback presentation compiler.
mag 02, 2026 4:16:18 AM org.eclipse.lsp4j.jsonrpc.RemoteEndpoint handleCancellation
AVVERTENZA: Unmatched cancel notification for request id 3260
2026.05.02 04:16:19 INFO  no build target found for C:\Users\Mouhammad Toure\Videos\BookRecommender\BookRecommender\src\bookrecommender\BookRecommenderGUI.java. Using fallback presentation compiler.
2026.05.02 04:16:18 INFO  no build target found for C:\Users\Mouhammad Toure\Videos\BookRecommender\BookRecommender\src\bookrecommender\BookRecommenderGUI.java. Using fallback presentation compiler.
2026.05.02 04:16:20 INFO  no build target found for C:\Users\Mouhammad Toure\Videos\BookRecommender\BookRecommender\src\bookrecommender\BookRecommenderGUI.java. Using fallback presentation compiler.
2026.05.02 04:16:20 INFO  no build target found for C:\Users\Mouhammad Toure\Videos\BookRecommender\BookRecommender\src\bookrecommender\BookRecommenderGUI.java. Using fallback presentation compiler.
2026.05.02 04:16:20 INFO  no build target found for C:\Users\Mouhammad Toure\Videos\BookRecommender\BookRecommender\src\bookrecommender\BookRecommenderGUI.java. Using fallback presentation compiler.
2026.05.02 04:16:20 INFO  no build target found for C:\Users\Mouhammad Toure\Videos\BookRecommender\BookRecommender\src\bookrecommender\BookRecommenderGUI.java. Using fallback presentation compiler.
2026.05.02 04:16:20 INFO  no build target found for C:\Users\Mouhammad Toure\Videos\BookRecommender\BookRecommender\src\bookrecommender\BookRecommenderGUI.java. Using fallback presentation compiler.
2026.05.02 04:16:20 INFO  no build target found for C:\Users\Mouhammad Toure\Videos\BookRecommender\BookRecommender\src\bookrecommender\BookRecommenderGUI.java. Using fallback presentation compiler.
2026.05.02 04:16:22 INFO  no build target found for C:\Users\Mouhammad Toure\Videos\BookRecommender\BookRecommender\src\bookrecommender\BookRecommenderGUI.java. Using fallback presentation compiler.
2026.05.02 04:16:22 INFO  no build target found for C:\Users\Mouhammad Toure\Videos\BookRecommender\BookRecommender\src\bookrecommender\BookRecommenderGUI.java. Using fallback presentation compiler.
2026.05.02 04:16:46 INFO  no build target found for C:\Users\Mouhammad Toure\Videos\BookRecommender\BookRecommender\src\bookrecommender\BookRecommenderGUI.java. Using fallback presentation compiler.
mag 02, 2026 4:16:47 AM org.eclipse.lsp4j.jsonrpc.RemoteEndpoint handleCancellation
AVVERTENZA: Unmatched cancel notification for request id 3274
mag 02, 2026 4:16:47 AM org.eclipse.lsp4j.jsonrpc.RemoteEndpoint handleCancellation
AVVERTENZA: Unmatched cancel notification for request id 3272
mag 02, 2026 4:16:47 AM org.eclipse.lsp4j.jsonrpc.RemoteEndpoint handleCancellation
AVVERTENZA: Unmatched cancel notification for request id 3271
mag 02, 2026 4:16:47 AM org.eclipse.lsp4j.jsonrpc.RemoteEndpoint handleCancellation
AVVERTENZA: Unmatched cancel notification for request id 3273
2026.05.02 04:16:46 INFO  no build target found for C:\Users\Mouhammad Toure\Videos\BookRecommender\BookRecommender\src\bookrecommender\BookRecommenderGUI.java. Using fallback presentation compiler.
mag 02, 2026 4:16:47 AM org.eclipse.lsp4j.jsonrpc.RemoteEndpoint handleCancellation
AVVERTENZA: Unmatched cancel notification for request id 3275
2026.05.02 04:16:47 WARN  no build target for: C:\Users\Mouhammad Toure\Videos\BookRecommender\BookRecommender\src\bookrecommender\BookRecommenderGUI.java
2026.05.02 04:16:46 INFO  no build target found for C:\Users\Mouhammad Toure\Videos\BookRecommender\BookRecommender\src\bookrecommender\BookRecommenderGUI.java. Using fallback presentation compiler.
2026.05.02 04:16:47 INFO  no build target found for C:\Users\Mouhammad Toure\Videos\BookRecommender\BookRecommender\src\bookrecommender\BookRecommenderGUI.java. Using fallback presentation compiler.
2026.05.02 04:16:47 INFO  no build target found for C:\Users\Mouhammad Toure\Videos\BookRecommender\BookRecommender\src\bookrecommender\BookRecommenderGUI.java. Using fallback presentation compiler.
mag 02, 2026 4:16:48 AM org.eclipse.lsp4j.jsonrpc.RemoteEndpoint handleCancellation
AVVERTENZA: Unmatched cancel notification for request id 3276
2026.05.02 04:16:48 INFO  no build target found for C:\Users\Mouhammad Toure\Videos\BookRecommender\BookRecommender\src\bookrecommender\BookRecommenderGUI.java. Using fallback presentation compiler.
mag 02, 2026 4:16:48 AM org.eclipse.lsp4j.jsonrpc.RemoteEndpoint handleCancellation
AVVERTENZA: Unmatched cancel notification for request id 3278
mag 02, 2026 4:16:48 AM org.eclipse.lsp4j.jsonrpc.RemoteEndpoint handleCancellation
AVVERTENZA: Unmatched cancel notification for request id 3279
2026.05.02 04:16:47 INFO  no build target found for C:\Users\Mouhammad Toure\Videos\BookRecommender\BookRecommender\src\bookrecommender\BookRecommenderGUI.java. Using fallback presentation compiler.
mag 02, 2026 4:16:49 AM org.eclipse.lsp4j.jsonrpc.RemoteEndpoint handleCancellation
AVVERTENZA: Unmatched cancel notification for request id 3280
mag 02, 2026 4:16:49 AM org.eclipse.lsp4j.jsonrpc.RemoteEndpoint handleCancellation
AVVERTENZA: Unmatched cancel notification for request id 3281
2026.05.02 04:16:49 WARN  no build target for: C:\Users\Mouhammad Toure\Videos\BookRecommender\BookRecommender\src\bookrecommender\BookRecommenderGUI.java
2026.05.02 04:16:49 INFO  no build target found for C:\Users\Mouhammad Toure\Videos\BookRecommender\BookRecommender\src\bookrecommender\BookRecommenderGUI.java. Using fallback presentation compiler.
2026.05.02 04:16:51 WARN  Running javac-semanticdb failed for file:///C:/Users/Mouhammad%20Toure/Videos/BookRecommender/BookRecommender/src/bookrecommender/BookRecommenderGUI.java. Output:

2026.05.02 04:17:05 INFO  no build target found for C:\Users\Mouhammad Toure\Videos\BookRecommender\BookRecommender\src\bookrecommender\BookRecommenderGUI.java. Using fallback presentation compiler.
mag 02, 2026 4:17:05 AM org.eclipse.lsp4j.jsonrpc.RemoteEndpoint handleCancellation
AVVERTENZA: Unmatched cancel notification for request id 3282
mag 02, 2026 4:17:05 AM org.eclipse.lsp4j.jsonrpc.RemoteEndpoint handleCancellation
AVVERTENZA: Unmatched cancel notification for request id 3283
mag 02, 2026 4:17:05 AM org.eclipse.lsp4j.jsonrpc.RemoteEndpoint handleCancellation
AVVERTENZA: Unmatched cancel notification for request id 3285
2026.05.02 04:17:05 INFO  no build target found for C:\Users\Mouhammad Toure\Videos\BookRecommender\BookRecommender\src\bookrecommender\BookRecommenderGUI.java. Using fallback presentation compiler.
mag 02, 2026 4:17:05 AM org.eclipse.lsp4j.jsonrpc.RemoteEndpoint handleCancellation
AVVERTENZA: Unmatched cancel notification for request id 3286
mag 02, 2026 4:17:05 AM org.eclipse.lsp4j.jsonrpc.RemoteEndpoint handleCancellation
AVVERTENZA: Unmatched cancel notification for request id 3287
mag 02, 2026 4:17:05 AM org.eclipse.lsp4j.jsonrpc.RemoteEndpoint handleCancellation
AVVERTENZA: Unmatched cancel notification for request id 3288
2026.05.02 04:17:05 WARN  no build target for: C:\Users\Mouhammad Toure\Videos\BookRecommender\BookRecommender\src\bookrecommender\BookRecommenderGUI.java
2026.05.02 04:17:05 INFO  no build target found for C:\Users\Mouhammad Toure\Videos\BookRecommender\BookRecommender\src\bookrecommender\BookRecommenderGUI.java. Using fallback presentation compiler.
2026.05.02 04:17:06 INFO  no build target found for C:\Users\Mouhammad Toure\Videos\BookRecommender\BookRecommender\src\bookrecommender\BookRecommenderGUI.java. Using fallback presentation compiler.
mag 02, 2026 4:17:06 AM org.eclipse.lsp4j.jsonrpc.RemoteEndpoint handleCancellation
AVVERTENZA: Unmatched cancel notification for request id 3290
mag 02, 2026 4:17:06 AM org.eclipse.lsp4j.jsonrpc.RemoteEndpoint handleCancellation
AVVERTENZA: Unmatched cancel notification for request id 3291
mag 02, 2026 4:17:06 AM org.eclipse.lsp4j.jsonrpc.RemoteEndpoint handleCancellation
AVVERTENZA: Unmatched cancel notification for request id 3292
mag 02, 2026 4:17:06 AM org.eclipse.lsp4j.jsonrpc.RemoteEndpoint handleCancellation
AVVERTENZA: Unmatched cancel notification for request id 3293
2026.05.02 04:17:06 INFO  no build target found for C:\Users\Mouhammad Toure\Videos\BookRecommender\BookRecommender\src\bookrecommender\BookRecommenderGUI.java. Using fallback presentation compiler.
2026.05.02 04:17:06 INFO  no build target found for C:\Users\Mouhammad Toure\Videos\BookRecommender\BookRecommender\src\bookrecommender\BookRecommenderGUI.java. Using fallback presentation compiler.
mag 02, 2026 4:17:07 AM org.eclipse.lsp4j.jsonrpc.RemoteEndpoint handleCancellation
AVVERTENZA: Unmatched cancel notification for request id 3294
mag 02, 2026 4:17:07 AM org.eclipse.lsp4j.jsonrpc.RemoteEndpoint handleCancellation
AVVERTENZA: Unmatched cancel notification for request id 3295
mag 02, 2026 4:17:07 AM org.eclipse.lsp4j.jsonrpc.RemoteEndpoint handleCancellation
AVVERTENZA: Unmatched cancel notification for request id 3296
mag 02, 2026 4:17:07 AM org.eclipse.lsp4j.jsonrpc.RemoteEndpoint handleCancellation
AVVERTENZA: Unmatched cancel notification for request id 3297
2026.05.02 04:17:06 INFO  no build target found for C:\Users\Mouhammad Toure\Videos\BookRecommender\BookRecommender\src\bookrecommender\BookRecommenderGUI.java. Using fallback presentation compiler.
2026.05.02 04:17:07 INFO  no build target found for C:\Users\Mouhammad Toure\Videos\BookRecommender\BookRecommender\src\bookrecommender\BookRecommenderGUI.java. Using fallback presentation compiler.
mag 02, 2026 4:17:07 AM org.eclipse.lsp4j.jsonrpc.RemoteEndpoint handleCancellation
AVVERTENZA: Unmatched cancel notification for request id 3299
mag 02, 2026 4:17:07 AM org.eclipse.lsp4j.jsonrpc.RemoteEndpoint handleCancellation
AVVERTENZA: Unmatched cancel notification for request id 3300
2026.05.02 04:17:07 INFO  no build target found for C:\Users\Mouhammad Toure\Videos\BookRecommender\BookRecommender\src\bookrecommender\BookRecommender.java. Using fallback presentation compiler.
2026.05.02 04:17:08 WARN  no build target for: C:\Users\Mouhammad Toure\Videos\BookRecommender\BookRecommender\src\bookrecommender\BookRecommender.java
mag 02, 2026 4:17:08 AM org.eclipse.lsp4j.jsonrpc.RemoteEndpoint handleCancellation
AVVERTENZA: Unmatched cancel notification for request id 3301
2026.05.02 04:17:07 INFO  no build target found for C:\Users\Mouhammad Toure\Videos\BookRecommender\BookRecommender\src\bookrecommender\BookRecommender.java. Using fallback presentation compiler.
2026.05.02 04:17:07 INFO  no build target found for C:\Users\Mouhammad Toure\Videos\BookRecommender\BookRecommender\src\bookrecommender\BookRecommender.java. Using fallback presentation compiler.
mag 02, 2026 4:17:08 AM org.eclipse.lsp4j.jsonrpc.RemoteEndpoint handleCancellation
AVVERTENZA: Unmatched cancel notification for request id 3302
mag 02, 2026 4:17:08 AM org.eclipse.lsp4j.jsonrpc.RemoteEndpoint handleCancellation
AVVERTENZA: Unmatched cancel notification for request id 3303
mag 02, 2026 4:17:08 AM org.eclipse.lsp4j.jsonrpc.RemoteEndpoint handleCancellation
AVVERTENZA: Unmatched cancel notification for request id 3305
2026.05.02 04:17:08 INFO  no build target found for C:\Users\Mouhammad Toure\Videos\BookRecommender\BookRecommender\src\bookrecommender\BookRecommender.java. Using fallback presentation compiler.
2026.05.02 04:17:08 INFO  no build target found for C:\Users\Mouhammad Toure\Videos\BookRecommender\BookRecommender\src\bookrecommender\BookRecommender.java. Using fallback presentation compiler.
mag 02, 2026 4:17:08 AM org.eclipse.lsp4j.jsonrpc.RemoteEndpoint handleCancellation
AVVERTENZA: Unmatched cancel notification for request id 3306
mag 02, 2026 4:17:08 AM org.eclipse.lsp4j.jsonrpc.RemoteEndpoint handleCancellation
AVVERTENZA: Unmatched cancel notification for request id 3307
2026.05.02 04:17:08 INFO  no build target found for C:\Users\Mouhammad Toure\Videos\BookRecommender\BookRecommender\src\bookrecommender\BookRecommender.java. Using fallback presentation compiler.
2026.05.02 04:17:08 INFO  no build target found for C:\Users\Mouhammad Toure\Videos\BookRecommender\BookRecommender\src\bookrecommender\BookRecommender.java. Using fallback presentation compiler.
mag 02, 2026 4:17:09 AM org.eclipse.lsp4j.jsonrpc.RemoteEndpoint handleCancellation
AVVERTENZA: Unmatched cancel notification for request id 3308
mag 02, 2026 4:17:09 AM org.eclipse.lsp4j.jsonrpc.RemoteEndpoint handleCancellation
AVVERTENZA: Unmatched cancel notification for request id 3309
2026.05.02 04:17:08 INFO  no build target found for C:\Users\Mouhammad Toure\Videos\BookRecommender\BookRecommender\src\bookrecommender\Client.java. Using fallback presentation compiler.
2026.05.02 04:17:09 WARN  no build target for: C:\Users\Mouhammad Toure\Videos\BookRecommender\BookRecommender\src\bookrecommender\Client.java
2026.05.02 04:17:08 INFO  no build target found for C:\Users\Mouhammad Toure\Videos\BookRecommender\BookRecommender\src\bookrecommender\Client.java. Using fallback presentation compiler.
mag 02, 2026 4:17:09 AM org.eclipse.lsp4j.jsonrpc.RemoteEndpoint handleCancellation
AVVERTENZA: Unmatched cancel notification for request id 3311
mag 02, 2026 4:17:09 AM org.eclipse.lsp4j.jsonrpc.RemoteEndpoint handleCancellation
AVVERTENZA: Unmatched cancel notification for request id 3312
2026.05.02 04:17:08 INFO  no build target found for C:\Users\Mouhammad Toure\Videos\BookRecommender\BookRecommender\src\bookrecommender\Client.java. Using fallback presentation compiler.
2026.05.02 04:17:09 INFO  no build target found for C:\Users\Mouhammad Toure\Videos\BookRecommender\BookRecommender\src\bookrecommender\Client.java. Using fallback presentation compiler.
2026.05.02 04:17:08 INFO  no build target found for C:\Users\Mouhammad Toure\Videos\BookRecommender\BookRecommender\src\bookrecommender\Client.java. Using fallback presentation compiler.
mag 02, 2026 4:17:09 AM org.eclipse.lsp4j.jsonrpc.RemoteEndpoint handleCancellation
AVVERTENZA: Unmatched cancel notification for request id 3318
mag 02, 2026 4:17:09 AM org.eclipse.lsp4j.jsonrpc.RemoteEndpoint handleCancellation
AVVERTENZA: Unmatched cancel notification for request id 3313
mag 02, 2026 4:17:09 AM org.eclipse.lsp4j.jsonrpc.RemoteEndpoint handleCancellation
AVVERTENZA: Unmatched cancel notification for request id 3319
mag 02, 2026 4:17:09 AM org.eclipse.lsp4j.jsonrpc.RemoteEndpoint handleCancellation
AVVERTENZA: Unmatched cancel notification for request id 3321
mag 02, 2026 4:17:09 AM org.eclipse.lsp4j.jsonrpc.RemoteEndpoint handleCancellation
AVVERTENZA: Unmatched cancel notification for request id 3322
mag 02, 2026 4:17:09 AM org.eclipse.lsp4j.jsonrpc.RemoteEndpoint handleCancellation
AVVERTENZA: Unmatched cancel notification for request id 3324
mag 02, 2026 4:17:09 AM org.eclipse.lsp4j.jsonrpc.RemoteEndpoint handleCancellation
AVVERTENZA: Unmatched cancel notification for request id 3314
mag 02, 2026 4:17:09 AM org.eclipse.lsp4j.jsonrpc.RemoteEndpoint handleCancellation
AVVERTENZA: Unmatched cancel notification for request id 3316
mag 02, 2026 4:17:09 AM org.eclipse.lsp4j.jsonrpc.RemoteEndpoint handleCancellation
AVVERTENZA: Unmatched cancel notification for request id 3325
mag 02, 2026 4:17:09 AM org.eclipse.lsp4j.jsonrpc.RemoteEndpoint handleCancellation
AVVERTENZA: Unmatched cancel notification for request id 3315
mag 02, 2026 4:17:09 AM org.eclipse.lsp4j.jsonrpc.RemoteEndpoint handleCancellation
AVVERTENZA: Unmatched cancel notification for request id 3317
2026.05.02 04:17:08 INFO  no build target found for C:\Users\Mouhammad Toure\Videos\BookRecommender\BookRecommender\src\bookrecommender\Client.java. Using fallback presentation compiler.
2026.05.02 04:17:09 INFO  no build target found for C:\Users\Mouhammad Toure\Videos\BookRecommender\BookRecommender\src\models\InterfaceBook.java. Using fallback presentation compiler.
2026.05.02 04:17:10 WARN  no build target for: C:\Users\Mouhammad Toure\Videos\BookRecommender\BookRecommender\src\models\InterfaceBook.java
mag 02, 2026 4:17:10 AM org.eclipse.lsp4j.jsonrpc.RemoteEndpoint handleCancellation
AVVERTENZA: Unmatched cancel notification for request id 3326
2026.05.02 04:17:09 INFO  no build target found for C:\Users\Mouhammad Toure\Videos\BookRecommender\BookRecommender\src\models\InterfaceBook.java. Using fallback presentation compiler.
2026.05.02 04:17:09 INFO  no build target found for C:\Users\Mouhammad Toure\Videos\BookRecommender\BookRecommender\src\models\InterfaceBook.java. Using fallback presentation compiler.
2026.05.02 04:17:10 INFO  no build target found for C:\Users\Mouhammad Toure\Videos\BookRecommender\BookRecommender\src\models\InterfaceBook.java. Using fallback presentation compiler.
2026.05.02 04:17:09 INFO  no build target found for C:\Users\Mouhammad Toure\Videos\BookRecommender\BookRecommender\src\models\InterfaceBook.java. Using fallback presentation compiler.
2026.05.02 04:17:09 INFO  no build target found for C:\Users\Mouhammad Toure\Videos\BookRecommender\BookRecommender\src\server\InterfaceImpl.java. Using fallback presentation compiler.
2026.05.02 04:17:10 WARN  no build target for: C:\Users\Mouhammad Toure\Videos\BookRecommender\BookRecommender\src\server\InterfaceImpl.javamag 02, 2026 4:17:10 AM org.eclipse.lsp4j.jsonrpc.RemoteEndpoint handleCancellation
AVVERTENZA: Unmatched cancel notification for request id 3333

2026.05.02 04:17:09 INFO  no build target found for C:\Users\Mouhammad Toure\Videos\BookRecommender\BookRecommender\src\server\InterfaceImpl.java. Using fallback presentation compiler.
mag 02, 2026 4:17:10 AM org.eclipse.lsp4j.jsonrpc.RemoteEndpoint handleCancellation
AVVERTENZA: Unmatched cancel notification for request id 3334
2026.05.02 04:17:09 INFO  no build target found for C:\Users\Mouhammad Toure\Videos\BookRecommender\BookRecommender\src\server\InterfaceImpl.java. Using fallback presentation compiler.
2026.05.02 04:17:10 INFO  no build target found for C:\Users\Mouhammad Toure\Videos\BookRecommender\BookRecommender\src\server\InterfaceImpl.java. Using fallback presentation compiler.
mag 02, 2026 4:17:10 AM org.eclipse.lsp4j.jsonrpc.RemoteEndpoint handleCancellation
AVVERTENZA: Unmatched cancel notification for request id 3335
mag 02, 2026 4:17:10 AM org.eclipse.lsp4j.jsonrpc.RemoteEndpoint handleCancellation
AVVERTENZA: Unmatched cancel notification for request id 3337
mag 02, 2026 4:17:10 AM org.eclipse.lsp4j.jsonrpc.RemoteEndpoint handleCancellation
AVVERTENZA: Unmatched cancel notification for request id 3336
mag 02, 2026 4:17:10 AM org.eclipse.lsp4j.jsonrpc.RemoteEndpoint handleCancellation
AVVERTENZA: Unmatched cancel notification for request id 3338
2026.05.02 04:17:09 INFO  no build target found for C:\Users\Mouhammad Toure\Videos\BookRecommender\BookRecommender\src\server\InterfaceImpl.java. Using fallback presentation compiler.
2026.05.02 04:17:09 INFO  no build target found for C:\Users\Mouhammad Toure\Videos\BookRecommender\BookRecommender\src\server\Server.java. Using fallback presentation compiler.
mag 02, 2026 4:17:10 AM org.eclipse.lsp4j.jsonrpc.RemoteEndpoint handleCancellation
AVVERTENZA: Unmatched cancel notification for request id 3339
2026.05.02 04:17:10 WARN  no build target for: C:\Users\Mouhammad Toure\Videos\BookRecommender\BookRecommender\src\server\Server.java
2026.05.02 04:17:09 INFO  no build target found for C:\Users\Mouhammad Toure\Videos\BookRecommender\BookRecommender\src\server\Server.java. Using fallback presentation compiler.
2026.05.02 04:17:11 INFO  no build target found for C:\Users\Mouhammad Toure\Videos\BookRecommender\BookRecommender\src\server\Server.java. Using fallback presentation compiler.
mag 02, 2026 4:17:11 AM org.eclipse.lsp4j.jsonrpc.RemoteEndpoint handleCancellation
AVVERTENZA: Unmatched cancel notification for request id 3340
mag 02, 2026 4:17:11 AM org.eclipse.lsp4j.jsonrpc.RemoteEndpoint handleCancellation
AVVERTENZA: Unmatched cancel notification for request id 3341
2026.05.02 04:17:11 INFO  no build target found for C:\Users\Mouhammad Toure\Videos\BookRecommender\BookRecommender\src\server\Server.java. Using fallback presentation compiler.
2026.05.02 04:17:11 INFO  no build target found for C:\Users\Mouhammad Toure\Videos\BookRecommender\BookRecommender\src\server\Server.java. Using fallback presentation compiler.
2026.05.02 04:17:13 INFO  no build target found for C:\Users\Mouhammad Toure\Videos\BookRecommender\BookRecommender\src\server\Server.java. Using fallback presentation compiler.
2026.05.02 04:18:45 INFO  no build target found for C:\Users\Mouhammad Toure\Videos\BookRecommender\BookRecommender\src\bookrecommender\BookRecommender.java. Using fallback presentation compiler.
2026.05.02 04:18:46 WARN  no build target for: C:\Users\Mouhammad Toure\Videos\BookRecommender\BookRecommender\src\bookrecommender\BookRecommender.java
2026.05.02 04:18:47 INFO  no build target found for C:\Users\Mouhammad Toure\Videos\BookRecommender\BookRecommender\src\bookrecommender\BookRecommender.java. Using fallback presentation compiler.
2026.05.02 04:18:47 INFO  no build target found for C:\Users\Mouhammad Toure\Videos\BookRecommender\BookRecommender\src\bookrecommender\BookRecommender.java. Using fallback presentation compiler.
2026.05.02 04:18:49 WARN  Running javac-semanticdb failed for file:///C:/Users/Mouhammad%20Toure/Videos/BookRecommender/BookRecommender/src/bookrecommender/BookRecommender.java. Output:

mag 02, 2026 4:18:50 AM org.eclipse.lsp4j.jsonrpc.RemoteEndpoint handleCancellation
AVVERTENZA: Unmatched cancel notification for request id 3349
2026.05.02 04:18:50 INFO  no build target found for C:\Users\Mouhammad Toure\Videos\BookRecommender\BookRecommender\src\bookrecommender\BookRecommender.java. Using fallback presentation compiler.
2026.05.02 04:18:50 INFO  no build target found for C:\Users\Mouhammad Toure\Videos\BookRecommender\BookRecommender\src\bookrecommender\BookRecommender.java. Using fallback presentation compiler.
2026.05.02 04:18:53 INFO  no build target found for C:\Users\Mouhammad Toure\Videos\BookRecommender\BookRecommender\src\bookrecommender\BookRecommender.java. Using fallback presentation compiler.
2026.05.02 04:25:57 INFO  no build target found for C:\Users\Mouhammad Toure\Videos\BookRecommender\BookRecommender\src\bookrecommender\BookRecommender.java. Using fallback presentation compiler.
2026.05.02 04:25:57 WARN  no build target for: C:\Users\Mouhammad Toure\Videos\BookRecommender\BookRecommender\src\models\UserID.java
2026.05.02 04:25:57 INFO  no build target found for C:\Users\Mouhammad Toure\Videos\BookRecommender\BookRecommender\src\models\UserID.java. Using fallback presentation compiler.
2026.05.02 04:25:57 INFO  no build target found for C:\Users\Mouhammad Toure\Videos\BookRecommender\BookRecommender\src\models\UserID.java. Using fallback presentation compiler.
2026.05.02 04:25:57 WARN  Running javac-semanticdb failed for file:///C:/Users/Mouhammad%20Toure/Videos/BookRecommender/BookRecommender/src/models/UserID.java. Output:

2026.05.02 04:25:57 INFO  no build target found for C:\Users\Mouhammad Toure\Videos\BookRecommender\BookRecommender\src\models\UserID.java. Using fallback presentation compiler.
2026.05.02 04:25:58 INFO  no build target found for C:\Users\Mouhammad Toure\Videos\BookRecommender\BookRecommender\src\models\UserID.java. Using fallback presentation compiler.
2026.05.02 04:25:58 INFO  no build target found for C:\Users\Mouhammad Toure\Videos\BookRecommender\BookRecommender\src\models\UserID.java. Using fallback presentation compiler.
2026.05.02 04:26:07 INFO  no build target found for C:\Users\Mouhammad Toure\Videos\BookRecommender\BookRecommender\src\models\UserID.java. Using fallback presentation compiler.
2026.05.02 04:26:07 INFO  no build target found for C:\Users\Mouhammad Toure\Videos\BookRecommender\BookRecommender\src\models\UserID.java. Using fallback presentation compiler.
2026.05.02 04:26:08 INFO  no build target found for C:\Users\Mouhammad Toure\Videos\BookRecommender\BookRecommender\src\models\UserID.java. Using fallback presentation compiler.
2026.05.02 04:26:08 INFO  no build target found for C:\Users\Mouhammad Toure\Videos\BookRecommender\BookRecommender\src\models\UserID.java. Using fallback presentation compiler.
mag 02, 2026 4:26:09 AM org.eclipse.lsp4j.jsonrpc.RemoteEndpoint handleCancellation
AVVERTENZA: Unmatched cancel notification for request id 3372
2026.05.02 04:26:08 INFO  no build target found for C:\Users\Mouhammad Toure\Videos\BookRecommender\BookRecommender\src\models\UserID.java. Using fallback presentation compiler.
2026.05.02 04:26:09 WARN  Running javac-semanticdb failed for file:///C:/Users/Mouhammad%20Toure/Videos/BookRecommender/BookRecommender/src/models/UserID.java. Output:

2026.05.02 04:26:08 INFO  no build target found for C:\Users\Mouhammad Toure\Videos\BookRecommender\BookRecommender\src\models\UserID.java. Using fallback presentation compiler.
2026.05.02 04:26:09 INFO  no build target found for C:\Users\Mouhammad Toure\Videos\BookRecommender\BookRecommender\src\models\UserID.java. Using fallback presentation compiler.
mag 02, 2026 4:26:09 AM org.eclipse.lsp4j.jsonrpc.RemoteEndpoint handleCancellation
AVVERTENZA: Unmatched cancel notification for request id 3376
2026.05.02 04:26:08 INFO  no build target found for C:\Users\Mouhammad Toure\Videos\BookRecommender\BookRecommender\src\models\UserID.java. Using fallback presentation compiler.
2026.05.02 04:26:09 INFO  no build target found for C:\Users\Mouhammad Toure\Videos\BookRecommender\BookRecommender\src\models\UserID.java. Using fallback presentation compiler.
mag 02, 2026 4:26:10 AM org.eclipse.lsp4j.jsonrpc.RemoteEndpoint handleCancellation
AVVERTENZA: Unmatched cancel notification for request id 3382
mag 02, 2026 4:26:10 AM org.eclipse.lsp4j.jsonrpc.RemoteEndpoint handleCancellation
AVVERTENZA: Unmatched cancel notification for request id 3384
2026.05.02 04:26:10 WARN  Running javac-semanticdb failed for file:///C:/Users/Mouhammad%20Toure/Videos/BookRecommender/BookRecommender/src/models/UserID.java. Output:

2026.05.02 04:26:10 WARN  no build target for: C:\Users\Mouhammad Toure\Videos\BookRecommender\BookRecommender\src\models\UserID.java
2026.05.02 04:26:09 INFO  no build target found for C:\Users\Mouhammad Toure\Videos\BookRecommender\BookRecommender\src\models\UserID.java. Using fallback presentation compiler.
2026.05.02 04:26:10 INFO  Created report: Optional[file:///C:/Users/Mouhammad%20Toure/Videos/BookRecommender/BookRecommender/src/models/UserID.java]
2026.05.02 04:26:10 INFO  QDox parse error in file:///C:/Users/Mouhammad%20Toure/Videos/BookRecommender/BookRecommender/src/models/UserID.java (full report at: "C:\Users\Mouhammad Toure\Videos\BookRecommender\.metals\.reports\metals-full\2026-05-02\r_qdox-error_04-26-10-259.md")
2026.05.02 04:26:11 INFO  no build target found for C:\Users\Mouhammad Toure\Videos\BookRecommender\BookRecommender\src\models\UserID.java. Using fallback presentation compiler.
2026.05.02 04:26:11 INFO  no build target found for C:\Users\Mouhammad Toure\Videos\BookRecommender\BookRecommender\src\models\UserID.java. Using fallback presentation compiler.
2026.05.02 04:26:11 INFO  no build target found for C:\Users\Mouhammad Toure\Videos\BookRecommender\BookRecommender\src\models\UserID.java. Using fallback presentation compiler.
2026.05.02 04:26:11 WARN  Running javac-semanticdb failed for file:///C:/Users/Mouhammad%20Toure/Videos/BookRecommender/BookRecommender/src/models/UserID.java. Output:

2026.05.02 04:26:12 WARN  no build target for: C:\Users\Mouhammad Toure\Videos\BookRecommender\BookRecommender\src\models\UserID.java
2026.05.02 04:26:12 INFO  no build target found for C:\Users\Mouhammad Toure\Videos\BookRecommender\BookRecommender\src\models\UserID.java. Using fallback presentation compiler.
2026.05.02 04:26:13 INFO  no build target found for C:\Users\Mouhammad Toure\Videos\BookRecommender\BookRecommender\src\models\UserID.java. Using fallback presentation compiler.
2026.05.02 04:26:14 INFO  no build target found for C:\Users\Mouhammad Toure\Videos\BookRecommender\BookRecommender\src\models\UserID.java. Using fallback presentation compiler.
mag 02, 2026 4:26:14 AM org.eclipse.lsp4j.jsonrpc.RemoteEndpoint handleCancellation
AVVERTENZA: Unmatched cancel notification for request id 3400
2026.05.02 04:26:14 INFO  no build target found for C:\Users\Mouhammad Toure\Videos\BookRecommender\BookRecommender\src\models\UserID.java. Using fallback presentation compiler.
2026.05.02 04:26:14 INFO  no build target found for C:\Users\Mouhammad Toure\Videos\BookRecommender\BookRecommender\src\models\UserID.java. Using fallback presentation compiler.
mag 02, 2026 4:26:15 AM org.eclipse.lsp4j.jsonrpc.RemoteEndpoint handleCancellation
AVVERTENZA: Unmatched cancel notification for request id 3402
2026.05.02 04:26:16 INFO  no build target found for C:\Users\Mouhammad Toure\Videos\BookRecommender\BookRecommender\src\models\UserID.java. Using fallback presentation compiler.
2026.05.02 04:26:19 INFO  no build target found for C:\Users\Mouhammad Toure\Videos\BookRecommender\BookRecommender\src\models\UserID.java. Using fallback presentation compiler.
2026.05.02 04:26:19 INFO  no build target found for C:\Users\Mouhammad Toure\Videos\BookRecommender\BookRecommender\src\models\UserID.java. Using fallback presentation compiler.
2026.05.02 04:26:19 WARN  Running javac-semanticdb failed for file:///C:/Users/Mouhammad%20Toure/Videos/BookRecommender/BookRecommender/src/models/UserID.java. Output:

2026.05.02 04:26:21 INFO  no build target found for C:\Users\Mouhammad Toure\Videos\BookRecommender\BookRecommender\src\models\UserID.java. Using fallback presentation compiler.
2026.05.02 04:26:21 INFO  no build target found for C:\Users\Mouhammad Toure\Videos\BookRecommender\BookRecommender\src\models\UserID.java. Using fallback presentation compiler.
2026.05.02 04:26:21 WARN  no build target for: C:\Users\Mouhammad Toure\Videos\BookRecommender\BookRecommender\src\models\UserID.java
2026.05.02 04:26:22 INFO  no build target found for C:\Users\Mouhammad Toure\Videos\BookRecommender\BookRecommender\src\models\UserID.java. Using fallback presentation compiler.
2026.05.02 04:26:23 INFO  no build target found for C:\Users\Mouhammad Toure\Videos\BookRecommender\BookRecommender\src\models\UserID.java. Using fallback presentation compiler.
2026.05.02 04:26:23 INFO  no build target found for C:\Users\Mouhammad Toure\Videos\BookRecommender\BookRecommender\src\models\UserID.java. Using fallback presentation compiler.
mag 02, 2026 4:26:23 AM org.eclipse.lsp4j.jsonrpc.RemoteEndpoint handleCancellation
AVVERTENZA: Unmatched cancel notification for request id 3416
2026.05.02 04:26:23 WARN  no build target for: C:\Users\Mouhammad Toure\Videos\BookRecommender\BookRecommender\src\models\UserID.java
2026.05.02 04:26:23 INFO  no build target found for C:\Users\Mouhammad Toure\Videos\BookRecommender\BookRecommender\src\models\UserID.java. Using fallback presentation compiler.
2026.05.02 04:26:23 WARN  Running javac-semanticdb failed for file:///C:/Users/Mouhammad%20Toure/Videos/BookRecommender/BookRecommender/src/models/UserID.java. Output:

2026.05.02 04:26:26 INFO  no build target found for C:\Users\Mouhammad Toure\Videos\BookRecommender\BookRecommender\src\models\UserID.java. Using fallback presentation compiler.
2026.05.02 04:26:26 INFO  no build target found for C:\Users\Mouhammad Toure\Videos\BookRecommender\BookRecommender\src\models\UserID.java. Using fallback presentation compiler.
2026.05.02 04:26:26 INFO  no build target found for C:\Users\Mouhammad Toure\Videos\BookRecommender\BookRecommender\src\models\UserID.java. Using fallback presentation compiler.
mag 02, 2026 4:26:27 AM org.eclipse.lsp4j.jsonrpc.RemoteEndpoint handleCancellation
AVVERTENZA: Unmatched cancel notification for request id 3425
mag 02, 2026 4:26:27 AM org.eclipse.lsp4j.jsonrpc.RemoteEndpoint handleCancellation
AVVERTENZA: Unmatched cancel notification for request id 3423
mag 02, 2026 4:26:27 AM org.eclipse.lsp4j.jsonrpc.RemoteEndpoint handleCancellation
AVVERTENZA: Unmatched cancel notification for request id 3424
2026.05.02 04:26:27 INFO  no build target found for C:\Users\Mouhammad Toure\Videos\BookRecommender\BookRecommender\src\models\UserID.java. Using fallback presentation compiler.
2026.05.02 04:26:27 INFO  no build target found for C:\Users\Mouhammad Toure\Videos\BookRecommender\BookRecommender\src\models\UserID.java. Using fallback presentation compiler.
2026.05.02 04:26:27 INFO  no build target found for C:\Users\Mouhammad Toure\Videos\BookRecommender\BookRecommender\src\models\UserID.java. Using fallback presentation compiler.
2026.05.02 04:26:27 INFO  no build target found for C:\Users\Mouhammad Toure\Videos\BookRecommender\BookRecommender\src\models\UserID.java. Using fallback presentation compiler.
2026.05.02 04:26:28 WARN  Running javac-semanticdb failed for file:///C:/Users/Mouhammad%20Toure/Videos/BookRecommender/BookRecommender/src/models/UserID.java. Output:

2026.05.02 04:26:27 INFO  no build target found for C:\Users\Mouhammad Toure\Videos\BookRecommender\BookRecommender\src\models\UserID.java. Using fallback presentation compiler.
mag 02, 2026 4:26:28 AM org.eclipse.lsp4j.jsonrpc.RemoteEndpoint handleCancellation
AVVERTENZA: Unmatched cancel notification for request id 3426
2026.05.02 04:26:28 INFO  no build target found for C:\Users\Mouhammad Toure\Videos\BookRecommender\BookRecommender\src\models\UserID.java. Using fallback presentation compiler.
2026.05.02 04:26:29 WARN  no build target for: C:\Users\Mouhammad Toure\Videos\BookRecommender\BookRecommender\src\models\UserID.java
2026.05.02 04:26:29 INFO  QDox parse error in file:///C:/Users/Mouhammad%20Toure/Videos/BookRecommender/BookRecommender/src/models/UserID.java (full report at: "C:\Users\Mouhammad Toure\Videos\BookRecommender\.metals\.reports\metals-full\2026-05-02\r_qdox-error_04-26-10-259.md")
2026.05.02 04:26:29 WARN  Running javac-semanticdb failed for file:///C:/Users/Mouhammad%20Toure/Videos/BookRecommender/BookRecommender/src/models/UserID.java. Output:

2026.05.02 04:26:29 INFO  no build target found for C:\Users\Mouhammad Toure\Videos\BookRecommender\BookRecommender\src\models\UserID.java. Using fallback presentation compiler.
2026.05.02 04:26:29 INFO  no build target found for C:\Users\Mouhammad Toure\Videos\BookRecommender\BookRecommender\src\models\UserID.java. Using fallback presentation compiler.
2026.05.02 04:26:29 INFO  no build target found for C:\Users\Mouhammad Toure\Videos\BookRecommender\BookRecommender\src\models\UserID.java. Using fallback presentation compiler.
2026.05.02 04:26:30 WARN  Running javac-semanticdb failed for file:///C:/Users/Mouhammad%20Toure/Videos/BookRecommender/BookRecommender/src/models/UserID.java. Output:

2026.05.02 04:26:31 INFO  no build target found for C:\Users\Mouhammad Toure\Videos\BookRecommender\BookRecommender\src\models\UserID.java. Using fallback presentation compiler.
2026.05.02 04:26:32 INFO  no build target found for C:\Users\Mouhammad Toure\Videos\BookRecommender\BookRecommender\src\models\UserID.java. Using fallback presentation compiler.
2026.05.02 04:26:32 WARN  no build target for: C:\Users\Mouhammad Toure\Videos\BookRecommender\BookRecommender\src\models\UserID.java
mag 02, 2026 4:26:32 AM org.eclipse.lsp4j.jsonrpc.RemoteEndpoint handleCancellation
AVVERTENZA: Unmatched cancel notification for request id 3444
2026.05.02 04:26:31 INFO  no build target found for C:\Users\Mouhammad Toure\Videos\BookRecommender\BookRecommender\src\models\UserID.java. Using fallback presentation compiler.
2026.05.02 04:26:31 INFO  no build target found for C:\Users\Mouhammad Toure\Videos\BookRecommender\BookRecommender\src\models\UserID.java. Using fallback presentation compiler.
mag 02, 2026 4:26:32 AM org.eclipse.lsp4j.jsonrpc.RemoteEndpoint handleCancellation
AVVERTENZA: Unmatched cancel notification for request id 3448
2026.05.02 04:26:33 INFO  no build target found for C:\Users\Mouhammad Toure\Videos\BookRecommender\BookRecommender\src\models\UserID.java. Using fallback presentation compiler.
2026.05.02 04:26:33 WARN  no build target for: C:\Users\Mouhammad Toure\Videos\BookRecommender\BookRecommender\src\models\UserID.java
2026.05.02 04:26:33 INFO  no build target found for C:\Users\Mouhammad Toure\Videos\BookRecommender\BookRecommender\src\models\UserID.java. Using fallback presentation compiler.
2026.05.02 04:26:34 WARN  Running javac-semanticdb failed for file:///C:/Users/Mouhammad%20Toure/Videos/BookRecommender/BookRecommender/src/models/UserID.java. Output:

2026.05.02 04:26:34 INFO  time: code lens generation in 1.02s
2026.05.02 04:26:35 INFO  no build target found for C:\Users\Mouhammad Toure\Videos\BookRecommender\BookRecommender\src\models\UserID.java. Using fallback presentation compiler.
2026.05.02 04:26:39 WARN  no build target for: C:\Users\Mouhammad Toure\Videos\BookRecommender\BookRecommender\src\models\Libro.java
2026.05.02 04:26:39 INFO  no build target found for C:\Users\Mouhammad Toure\Videos\BookRecommender\BookRecommender\src\models\Libro.java. Using fallback presentation compiler.
2026.05.02 04:26:40 INFO  no build target found for C:\Users\Mouhammad Toure\Videos\BookRecommender\BookRecommender\src\models\Libro.java. Using fallback presentation compiler.
2026.05.02 04:26:40 WARN  Running javac-semanticdb failed for file:///C:/Users/Mouhammad%20Toure/Videos/BookRecommender/BookRecommender/src/models/Libro.java. Output:

mag 02, 2026 4:26:40 AM org.eclipse.lsp4j.jsonrpc.RemoteEndpoint handleCancellation
AVVERTENZA: Unmatched cancel notification for request id 3459
2026.05.02 04:26:39 INFO  no build target found for C:\Users\Mouhammad Toure\Videos\BookRecommender\BookRecommender\src\models\Libro.java. Using fallback presentation compiler.
2026.05.02 04:26:41 INFO  no build target found for C:\Users\Mouhammad Toure\Videos\BookRecommender\BookRecommender\src\models\Libro.java. Using fallback presentation compiler.
2026.05.02 04:26:41 INFO  no build target found for C:\Users\Mouhammad Toure\Videos\BookRecommender\BookRecommender\src\models\Libro.java. Using fallback presentation compiler.
2026.05.02 04:26:47 INFO  no build target found for C:\Users\Mouhammad Toure\Videos\BookRecommender\BookRecommender\src\models\Libro.java. Using fallback presentation compiler.
2026.05.02 04:26:47 INFO  no build target found for C:\Users\Mouhammad Toure\Videos\BookRecommender\BookRecommender\src\models\Libro.java. Using fallback presentation compiler.
2026.05.02 04:26:47 WARN  Running javac-semanticdb failed for file:///C:/Users/Mouhammad%20Toure/Videos/BookRecommender/BookRecommender/src/models/Libro.java. Output:

2026.05.02 04:26:48 WARN  no build target for: C:\Users\Mouhammad Toure\Videos\BookRecommender\BookRecommender\src\models\Libro.java
2026.05.02 04:26:49 INFO  no build target found for C:\Users\Mouhammad Toure\Videos\BookRecommender\BookRecommender\src\models\Libro.java. Using fallback presentation compiler.
2026.05.02 04:26:49 INFO  no build target found for C:\Users\Mouhammad Toure\Videos\BookRecommender\BookRecommender\src\models\Libro.java. Using fallback presentation compiler.
2026.05.02 04:26:49 INFO  no build target found for C:\Users\Mouhammad Toure\Videos\BookRecommender\BookRecommender\src\models\Libro.java. Using fallback presentation compiler.
2026.05.02 04:26:51 INFO  no build target found for C:\Users\Mouhammad Toure\Videos\BookRecommender\BookRecommender\src\models\Libro.java. Using fallback presentation compiler.
mag 02, 2026 4:26:51 AM org.eclipse.lsp4j.jsonrpc.RemoteEndpoint handleCancellation
AVVERTENZA: Unmatched cancel notification for request id 3479
2026.05.02 04:26:51 INFO  no build target found for C:\Users\Mouhammad Toure\Videos\BookRecommender\BookRecommender\src\models\Libro.java. Using fallback presentation compiler.
2026.05.02 04:26:51 WARN  Running javac-semanticdb failed for file:///C:/Users/Mouhammad%20Toure/Videos/BookRecommender/BookRecommender/src/models/Libro.java. Output:

mag 02, 2026 4:26:51 AM org.eclipse.lsp4j.jsonrpc.RemoteEndpoint handleCancellation
AVVERTENZA: Unmatched cancel notification for request id 3481
mag 02, 2026 4:26:51 AM org.eclipse.lsp4j.jsonrpc.RemoteEndpoint handleCancellation
AVVERTENZA: Unmatched cancel notification for request id 3482
2026.05.02 04:26:51 INFO  no build target found for C:\Users\Mouhammad Toure\Videos\BookRecommender\BookRecommender\src\models\Libro.java. Using fallback presentation compiler.
mag 02, 2026 4:26:52 AM org.eclipse.lsp4j.jsonrpc.RemoteEndpoint handleCancellation
AVVERTENZA: Unmatched cancel notification for request id 3485
2026.05.02 04:26:52 INFO  Created report: Optional[file:///C:/Users/Mouhammad%20Toure/Videos/BookRecommender/BookRecommender/src/models/Libro.java]mag 02, 2026 4:26:52 AM org.eclipse.lsp4j.jsonrpc.RemoteEndpoint handleCancellation
AVVERTENZA: Unmatched cancel notification for request id 3487

2026.05.02 04:26:52 WARN  no build target for: C:\Users\Mouhammad Toure\Videos\BookRecommender\BookRecommender\src\models\Libro.java
2026.05.02 04:26:52 INFO  QDox parse error in file:///C:/Users/Mouhammad%20Toure/Videos/BookRecommender/BookRecommender/src/models/Libro.java (full report at: "C:\Users\Mouhammad Toure\Videos\BookRecommender\.metals\.reports\metals-full\2026-05-02\r_qdox-error_04-26-52-103.md")
2026.05.02 04:26:51 INFO  no build target found for C:\Users\Mouhammad Toure\Videos\BookRecommender\BookRecommender\src\models\Libro.java. Using fallback presentation compiler.
2026.05.02 04:26:52 INFO  no build target found for C:\Users\Mouhammad Toure\Videos\BookRecommender\BookRecommender\src\models\Libro.java. Using fallback presentation compiler.
2026.05.02 04:26:52 INFO  no build target found for C:\Users\Mouhammad Toure\Videos\BookRecommender\BookRecommender\src\models\Libro.java. Using fallback presentation compiler.
2026.05.02 04:26:54 INFO  no build target found for C:\Users\Mouhammad Toure\Videos\BookRecommender\BookRecommender\src\models\Libro.java. Using fallback presentation compiler.
2026.05.02 04:26:54 INFO  no build target found for C:\Users\Mouhammad Toure\Videos\BookRecommender\BookRecommender\src\models\Libro.java. Using fallback presentation compiler.
2026.05.02 04:26:54 INFO  no build target found for C:\Users\Mouhammad Toure\Videos\BookRecommender\BookRecommender\src\models\Libro.java. Using fallback presentation compiler.
2026.05.02 04:26:55 INFO  no build target found for C:\Users\Mouhammad Toure\Videos\BookRecommender\BookRecommender\src\models\Libro.java. Using fallback presentation compiler.
2026.05.02 04:26:54 INFO  no build target found for C:\Users\Mouhammad Toure\Videos\BookRecommender\BookRecommender\src\models\Libro.java. Using fallback presentation compiler.
mag 02, 2026 4:26:56 AM org.eclipse.lsp4j.jsonrpc.RemoteEndpoint handleCancellation
AVVERTENZA: Unmatched cancel notification for request id 3500
2026.05.02 04:26:56 WARN  Running javac-semanticdb failed for file:///C:/Users/Mouhammad%20Toure/Videos/BookRecommender/BookRecommender/src/models/Libro.java. Output:

2026.05.02 04:26:56 INFO  no build target found for C:\Users\Mouhammad Toure\Videos\BookRecommender\BookRecommender\src\models\Libro.java. Using fallback presentation compiler.
2026.05.02 04:26:55 WARN  no build target for: C:\Users\Mouhammad Toure\Videos\BookRecommender\BookRecommender\src\models\Libro.java
2026.05.02 04:26:56 INFO  no build target found for C:\Users\Mouhammad Toure\Videos\BookRecommender\BookRecommender\src\models\Libro.java. Using fallback presentation compiler.
2026.05.02 04:26:56 INFO  no build target found for C:\Users\Mouhammad Toure\Videos\BookRecommender\BookRecommender\src\models\Libro.java. Using fallback presentation compiler.
2026.05.02 04:26:57 INFO  no build target found for C:\Users\Mouhammad Toure\Videos\BookRecommender\BookRecommender\src\models\Libro.java. Using fallback presentation compiler.
mag 02, 2026 4:26:57 AM org.eclipse.lsp4j.jsonrpc.RemoteEndpoint handleCancellation
AVVERTENZA: Unmatched cancel notification for request id 3508
2026.05.02 04:26:57 INFO  no build target found for C:\Users\Mouhammad Toure\Videos\BookRecommender\BookRecommender\src\models\Libro.java. Using fallback presentation compiler.
2026.05.02 04:26:57 INFO  no build target found for C:\Users\Mouhammad Toure\Videos\BookRecommender\BookRecommender\src\models\Libro.java. Using fallback presentation compiler.
2026.05.02 04:26:59 INFO  no build target found for C:\Users\Mouhammad Toure\Videos\BookRecommender\BookRecommender\src\models\Libro.java. Using fallback presentation compiler.
2026.05.02 04:26:59 INFO  no build target found for C:\Users\Mouhammad Toure\Videos\BookRecommender\BookRecommender\src\models\Libro.java. Using fallback presentation compiler.
2026.05.02 04:26:59 INFO  no build target found for C:\Users\Mouhammad Toure\Videos\BookRecommender\BookRecommender\src\models\Libro.java. Using fallback presentation compiler.
2026.05.02 04:27:01 INFO  no build target found for C:\Users\Mouhammad Toure\Videos\BookRecommender\BookRecommender\src\models\Libro.java. Using fallback presentation compiler.
2026.05.02 04:27:01 INFO  no build target found for C:\Users\Mouhammad Toure\Videos\BookRecommender\BookRecommender\src\models\Libro.java. Using fallback presentation compiler.
mag 02, 2026 4:27:01 AM org.eclipse.lsp4j.jsonrpc.RemoteEndpoint handleCancellation
AVVERTENZA: Unmatched cancel notification for request id 3512
2026.05.02 04:27:01 INFO  no build target found for C:\Users\Mouhammad Toure\Videos\BookRecommender\BookRecommender\src\models\Libro.java. Using fallback presentation compiler.
2026.05.02 04:27:01 INFO  no build target found for C:\Users\Mouhammad Toure\Videos\BookRecommender\BookRecommender\src\models\Libro.java. Using fallback presentation compiler.
mag 02, 2026 4:27:01 AM org.eclipse.lsp4j.jsonrpc.RemoteEndpoint handleCancellation
AVVERTENZA: Unmatched cancel notification for request id 3517
2026.05.02 04:27:01 INFO  QDox parse error in file:///C:/Users/Mouhammad%20Toure/Videos/BookRecommender/BookRecommender/src/models/Libro.java (full report at: "C:\Users\Mouhammad Toure\Videos\BookRecommender\.metals\.reports\metals-full\2026-05-02\r_qdox-error_04-26-52-103.md")
2026.05.02 04:27:01 WARN  no build target for: C:\Users\Mouhammad Toure\Videos\BookRecommender\BookRecommender\src\models\Libro.java
2026.05.02 04:27:01 WARN  Running javac-semanticdb failed for file:///C:/Users/Mouhammad%20Toure/Videos/BookRecommender/BookRecommender/src/models/Libro.java. Output:

2026.05.02 04:27:01 INFO  no build target found for C:\Users\Mouhammad Toure\Videos\BookRecommender\BookRecommender\src\models\Libro.java. Using fallback presentation compiler.
mag 02, 2026 4:27:02 AM org.eclipse.lsp4j.jsonrpc.RemoteEndpoint handleCancellation
AVVERTENZA: Unmatched cancel notification for request id 3521
2026.05.02 04:27:02 INFO  no build target found for C:\Users\Mouhammad Toure\Videos\BookRecommender\BookRecommender\src\models\Libro.java. Using fallback presentation compiler.
2026.05.02 04:27:02 INFO  no build target found for C:\Users\Mouhammad Toure\Videos\BookRecommender\BookRecommender\src\models\Libro.java. Using fallback presentation compiler.
mag 02, 2026 4:27:02 AM org.eclipse.lsp4j.jsonrpc.RemoteEndpoint handleCancellation
AVVERTENZA: Unmatched cancel notification for request id 3522
mag 02, 2026 4:27:03 AM org.eclipse.lsp4j.jsonrpc.RemoteEndpoint handleCancellation
AVVERTENZA: Unmatched cancel notification for request id 3523
2026.05.02 04:27:02 INFO  no build target found for C:\Users\Mouhammad Toure\Videos\BookRecommender\BookRecommender\src\models\Libro.java. Using fallback presentation compiler.
2026.05.02 04:27:03 INFO  no build target found for C:\Users\Mouhammad Toure\Videos\BookRecommender\BookRecommender\src\models\Libro.java. Using fallback presentation compiler.
2026.05.02 04:27:02 INFO  no build target found for C:\Users\Mouhammad Toure\Videos\BookRecommender\BookRecommender\src\models\Libro.java. Using fallback presentation compiler.
2026.05.02 04:27:03 WARN  no build target for: C:\Users\Mouhammad Toure\Videos\BookRecommender\BookRecommender\src\models\Libro.java
2026.05.02 04:27:03 INFO  no build target found for C:\Users\Mouhammad Toure\Videos\BookRecommender\BookRecommender\src\models\Libro.java. Using fallback presentation compiler.
2026.05.02 04:27:03 WARN  Running javac-semanticdb failed for file:///C:/Users/Mouhammad%20Toure/Videos/BookRecommender/BookRecommender/src/models/Libro.java. Output:

2026.05.02 04:27:05 INFO  no build target found for C:\Users\Mouhammad Toure\Videos\BookRecommender\BookRecommender\src\models\Libro.java. Using fallback presentation compiler.
mag 02, 2026 4:27:05 AM org.eclipse.lsp4j.jsonrpc.RemoteEndpoint handleCancellation
AVVERTENZA: Unmatched cancel notification for request id 3533
2026.05.02 04:27:05 INFO  no build target found for C:\Users\Mouhammad Toure\Videos\BookRecommender\BookRecommender\src\models\Libro.java. Using fallback presentation compiler.
2026.05.02 04:27:05 WARN  no build target for: C:\Users\Mouhammad Toure\Videos\BookRecommender\BookRecommender\src\models\Libro.java
2026.05.02 04:27:06 WARN  Running javac-semanticdb failed for file:///C:/Users/Mouhammad%20Toure/Videos/BookRecommender/BookRecommender/src/models/Libro.java. Output:

2026.05.02 04:27:06 INFO  no build target found for C:\Users\Mouhammad Toure\Videos\BookRecommender\BookRecommender\src\models\Libro.java. Using fallback presentation compiler.
2026.05.02 04:27:10 WARN  no build target for: C:\Users\Mouhammad Toure\Videos\BookRecommender\BookRecommender\src\models\Valutazione.java
2026.05.02 04:27:10 INFO  no build target found for C:\Users\Mouhammad Toure\Videos\BookRecommender\BookRecommender\src\models\Valutazione.java. Using fallback presentation compiler.
2026.05.02 04:27:11 WARN  Running javac-semanticdb failed for file:///C:/Users/Mouhammad%20Toure/Videos/BookRecommender/BookRecommender/src/models/Valutazione.java. Output:

2026.05.02 04:27:11 INFO  no build target found for C:\Users\Mouhammad Toure\Videos\BookRecommender\BookRecommender\src\models\Valutazione.java. Using fallback presentation compiler.
mag 02, 2026 4:27:11 AM org.eclipse.lsp4j.jsonrpc.RemoteEndpoint handleCancellation
AVVERTENZA: Unmatched cancel notification for request id 3540
2026.05.02 04:27:10 INFO  no build target found for C:\Users\Mouhammad Toure\Videos\BookRecommender\BookRecommender\src\models\Valutazione.java. Using fallback presentation compiler.
2026.05.02 04:27:12 INFO  no build target found for C:\Users\Mouhammad Toure\Videos\BookRecommender\BookRecommender\src\models\Valutazione.java. Using fallback presentation compiler.
2026.05.02 04:27:13 INFO  no build target found for C:\Users\Mouhammad Toure\Videos\BookRecommender\BookRecommender\src\models\Valutazione.java. Using fallback presentation compiler.
2026.05.02 04:27:14 INFO  no build target found for C:\Users\Mouhammad Toure\Videos\BookRecommender\BookRecommender\src\models\Valutazione.java. Using fallback presentation compiler.
2026.05.02 04:27:14 INFO  no build target found for C:\Users\Mouhammad Toure\Videos\BookRecommender\BookRecommender\src\models\Valutazione.java. Using fallback presentation compiler.
2026.05.02 04:27:14 WARN  Running javac-semanticdb failed for file:///C:/Users/Mouhammad%20Toure/Videos/BookRecommender/BookRecommender/src/models/Valutazione.java. Output:

2026.05.02 04:27:14 WARN  no build target for: C:\Users\Mouhammad Toure\Videos\BookRecommender\BookRecommender\src\models\Valutazione.java
2026.05.02 04:27:17 INFO  no build target found for C:\Users\Mouhammad Toure\Videos\BookRecommender\BookRecommender\src\models\Valutazione.java. Using fallback presentation compiler.
2026.05.02 04:27:17 INFO  no build target found for C:\Users\Mouhammad Toure\Videos\BookRecommender\BookRecommender\src\models\Valutazione.java. Using fallback presentation compiler.
2026.05.02 04:27:17 INFO  no build target found for C:\Users\Mouhammad Toure\Videos\BookRecommender\BookRecommender\src\models\Valutazione.java. Using fallback presentation compiler.
2026.05.02 04:27:17 INFO  no build target found for C:\Users\Mouhammad Toure\Videos\BookRecommender\BookRecommender\src\models\Valutazione.java. Using fallback presentation compiler.
2026.05.02 04:27:17 INFO  no build target found for C:\Users\Mouhammad Toure\Videos\BookRecommender\BookRecommender\src\models\Valutazione.java. Using fallback presentation compiler.
2026.05.02 04:27:17 INFO  no build target found for C:\Users\Mouhammad Toure\Videos\BookRecommender\BookRecommender\src\models\Valutazione.java. Using fallback presentation compiler.
2026.05.02 04:27:18 WARN  Running javac-semanticdb failed for file:///C:/Users/Mouhammad%20Toure/Videos/BookRecommender/BookRecommender/src/models/Valutazione.java. Output:

mag 02, 2026 4:27:18 AM org.eclipse.lsp4j.jsonrpc.RemoteEndpoint handleCancellation
AVVERTENZA: Unmatched cancel notification for request id 3564
mag 02, 2026 4:27:18 AM org.eclipse.lsp4j.jsonrpc.RemoteEndpoint handleCancellation
AVVERTENZA: Unmatched cancel notification for request id 3566
mag 02, 2026 4:27:18 AM org.eclipse.lsp4j.jsonrpc.RemoteEndpoint handleCancellation
AVVERTENZA: Unmatched cancel notification for request id 3567
mag 02, 2026 4:27:18 AM org.eclipse.lsp4j.jsonrpc.RemoteEndpoint handleCancellation
AVVERTENZA: Unmatched cancel notification for request id 3569
2026.05.02 04:27:18 INFO  no build target found for C:\Users\Mouhammad Toure\Videos\BookRecommender\BookRecommender\src\models\Valutazione.java. Using fallback presentation compiler.
mag 02, 2026 4:27:18 AM org.eclipse.lsp4j.jsonrpc.RemoteEndpoint handleCancellation
AVVERTENZA: Unmatched cancel notification for request id 3565
2026.05.02 04:27:18 INFO  no build target found for C:\Users\Mouhammad Toure\Videos\BookRecommender\BookRecommender\src\models\Valutazione.java. Using fallback presentation compiler.
2026.05.02 04:27:18 INFO  no build target found for C:\Users\Mouhammad Toure\Videos\BookRecommender\BookRecommender\src\models\Valutazione.java. Using fallback presentation compiler.
2026.05.02 04:27:18 WARN  Running javac-semanticdb failed for file:///C:/Users/Mouhammad%20Toure/Videos/BookRecommender/BookRecommender/src/models/Valutazione.java. Output:

2026.05.02 04:27:18 INFO  no build target found for C:\Users\Mouhammad Toure\Videos\BookRecommender\BookRecommender\src\models\Valutazione.java. Using fallback presentation compiler.
2026.05.02 04:27:18 WARN  no build target for: C:\Users\Mouhammad Toure\Videos\BookRecommender\BookRecommender\src\models\Valutazione.java
2026.05.02 04:27:19 INFO  Created report: Optional[file:///C:/Users/Mouhammad%20Toure/Videos/BookRecommender/BookRecommender/src/models/Valutazione.java]
2026.05.02 04:27:19 INFO  QDox parse error in file:///C:/Users/Mouhammad%20Toure/Videos/BookRecommender/BookRecommender/src/models/Valutazione.java (full report at: "C:\Users\Mouhammad Toure\Videos\BookRecommender\.metals\.reports\metals-full\2026-05-02\r_qdox-error_04-27-19-341.md")
2026.05.02 04:27:19 INFO  no build target found for C:\Users\Mouhammad Toure\Videos\BookRecommender\BookRecommender\src\models\Valutazione.java. Using fallback presentation compiler.
2026.05.02 04:27:20 INFO  no build target found for C:\Users\Mouhammad Toure\Videos\BookRecommender\BookRecommender\src\models\Valutazione.java. Using fallback presentation compiler.
2026.05.02 04:27:20 INFO  no build target found for C:\Users\Mouhammad Toure\Videos\BookRecommender\BookRecommender\src\models\Valutazione.java. Using fallback presentation compiler.
2026.05.02 04:27:20 WARN  Running javac-semanticdb failed for file:///C:/Users/Mouhammad%20Toure/Videos/BookRecommender/BookRecommender/src/models/Valutazione.java. Output:

2026.05.02 04:27:20 WARN  no build target for: C:\Users\Mouhammad Toure\Videos\BookRecommender\BookRecommender\src\models\Valutazione.java
2026.05.02 04:27:21 INFO  no build target found for C:\Users\Mouhammad Toure\Videos\BookRecommender\BookRecommender\src\models\Valutazione.java. Using fallback presentation compiler.
2026.05.02 04:27:21 INFO  no build target found for C:\Users\Mouhammad Toure\Videos\BookRecommender\BookRecommender\src\models\Valutazione.java. Using fallback presentation compiler.
2026.05.02 04:27:21 INFO  no build target found for C:\Users\Mouhammad Toure\Videos\BookRecommender\BookRecommender\src\models\Valutazione.java. Using fallback presentation compiler.
2026.05.02 04:27:22 INFO  no build target found for C:\Users\Mouhammad Toure\Videos\BookRecommender\BookRecommender\src\models\Valutazione.java. Using fallback presentation compiler.
mag 02, 2026 4:27:22 AM org.eclipse.lsp4j.jsonrpc.RemoteEndpoint handleCancellation
AVVERTENZA: Unmatched cancel notification for request id 3589
2026.05.02 04:27:22 INFO  no build target found for C:\Users\Mouhammad Toure\Videos\BookRecommender\BookRecommender\src\models\Valutazione.java. Using fallback presentation compiler.
2026.05.02 04:27:22 INFO  no build target found for C:\Users\Mouhammad Toure\Videos\BookRecommender\BookRecommender\src\models\Valutazione.java. Using fallback presentation compiler.
2026.05.02 04:27:22 INFO  no build target found for C:\Users\Mouhammad Toure\Videos\BookRecommender\BookRecommender\src\models\Valutazione.java. Using fallback presentation compiler.
2026.05.02 04:27:22 INFO  no build target found for C:\Users\Mouhammad Toure\Videos\BookRecommender\BookRecommender\src\models\Valutazione.java. Using fallback presentation compiler.
2026.05.02 04:27:23 INFO  no build target found for C:\Users\Mouhammad Toure\Videos\BookRecommender\BookRecommender\src\models\Valutazione.java. Using fallback presentation compiler.
mag 02, 2026 4:27:23 AM org.eclipse.lsp4j.jsonrpc.RemoteEndpoint handleCancellation
AVVERTENZA: Unmatched cancel notification for request id 3593
2026.05.02 04:27:23 INFO  no build target found for C:\Users\Mouhammad Toure\Videos\BookRecommender\BookRecommender\src\models\Valutazione.java. Using fallback presentation compiler.
2026.05.02 04:27:23 INFO  no build target found for C:\Users\Mouhammad Toure\Videos\BookRecommender\BookRecommender\src\models\Valutazione.java. Using fallback presentation compiler.
2026.05.02 04:27:24 INFO  no build target found for C:\Users\Mouhammad Toure\Videos\BookRecommender\BookRecommender\src\models\Valutazione.java. Using fallback presentation compiler.
2026.05.02 04:27:24 WARN  Running javac-semanticdb failed for file:///C:/Users/Mouhammad%20Toure/Videos/BookRecommender/BookRecommender/src/models/Valutazione.java. Output:

2026.05.02 04:27:24 INFO  QDox parse error in file:///C:/Users/Mouhammad%20Toure/Videos/BookRecommender/BookRecommender/src/models/Valutazione.java (full report at: "C:\Users\Mouhammad Toure\Videos\BookRecommender\.metals\.reports\metals-full\2026-05-02\r_qdox-error_04-27-19-341.md")
2026.05.02 04:27:24 WARN  no build target for: C:\Users\Mouhammad Toure\Videos\BookRecommender\BookRecommender\src\models\Valutazione.java
2026.05.02 04:27:24 INFO  no build target found for C:\Users\Mouhammad Toure\Videos\BookRecommender\BookRecommender\src\models\Valutazione.java. Using fallback presentation compiler.
2026.05.02 04:27:26 INFO  no build target found for C:\Users\Mouhammad Toure\Videos\BookRecommender\BookRecommender\src\models\Valutazione.java. Using fallback presentation compiler.
2026.05.02 04:27:26 INFO  no build target found for C:\Users\Mouhammad Toure\Videos\BookRecommender\BookRecommender\src\models\Valutazione.java. Using fallback presentation compiler.
2026.05.02 04:27:26 INFO  no build target found for C:\Users\Mouhammad Toure\Videos\BookRecommender\BookRecommender\src\models\Valutazione.java. Using fallback presentation compiler.
mag 02, 2026 4:27:26 AM org.eclipse.lsp4j.jsonrpc.RemoteEndpoint handleCancellation
AVVERTENZA: Unmatched cancel notification for request id 3605
2026.05.02 04:27:26 INFO  no build target found for C:\Users\Mouhammad Toure\Videos\BookRecommender\BookRecommender\src\models\Valutazione.java. Using fallback presentation compiler.
mag 02, 2026 4:27:26 AM org.eclipse.lsp4j.jsonrpc.RemoteEndpoint handleCancellation
AVVERTENZA: Unmatched cancel notification for request id 3607
2026.05.02 04:27:26 INFO  no build target found for C:\Users\Mouhammad Toure\Videos\BookRecommender\BookRecommender\src\models\Valutazione.java. Using fallback presentation compiler.
mag 02, 2026 4:27:27 AM org.eclipse.lsp4j.jsonrpc.RemoteEndpoint handleCancellation
AVVERTENZA: Unmatched cancel notification for request id 3610
2026.05.02 04:27:27 WARN  Running javac-semanticdb failed for file:///C:/Users/Mouhammad%20Toure/Videos/BookRecommender/BookRecommender/src/models/Valutazione.java. Output:

2026.05.02 04:27:27 WARN  no build target for: C:\Users\Mouhammad Toure\Videos\BookRecommender\BookRecommender\src\models\Valutazione.java
2026.05.02 04:27:27 INFO  no build target found for C:\Users\Mouhammad Toure\Videos\BookRecommender\BookRecommender\src\models\Valutazione.java. Using fallback presentation compiler.
2026.05.02 04:27:27 INFO  no build target found for C:\Users\Mouhammad Toure\Videos\BookRecommender\BookRecommender\src\models\Valutazione.java. Using fallback presentation compiler.
2026.05.02 04:27:27 INFO  no build target found for C:\Users\Mouhammad Toure\Videos\BookRecommender\BookRecommender\src\models\Valutazione.java. Using fallback presentation compiler.
2026.05.02 04:27:28 INFO  no build target found for C:\Users\Mouhammad Toure\Videos\BookRecommender\BookRecommender\src\models\Valutazione.java. Using fallback presentation compiler.
2026.05.02 04:27:28 INFO  no build target found for C:\Users\Mouhammad Toure\Videos\BookRecommender\BookRecommender\src\models\Valutazione.java. Using fallback presentation compiler.
2026.05.02 04:27:29 INFO  no build target found for C:\Users\Mouhammad Toure\Videos\BookRecommender\BookRecommender\src\models\Valutazione.java. Using fallback presentation compiler.
2026.05.02 04:27:29 INFO  no build target found for C:\Users\Mouhammad Toure\Videos\BookRecommender\BookRecommender\src\models\Valutazione.java. Using fallback presentation compiler.
2026.05.02 04:27:30 WARN  Running javac-semanticdb failed for file:///C:/Users/Mouhammad%20Toure/Videos/BookRecommender/BookRecommender/src/models/Valutazione.java. Output:

2026.05.02 04:27:30 WARN  no build target for: C:\Users\Mouhammad Toure\Videos\BookRecommender\BookRecommender\src\models\Valutazione.java
2026.05.02 04:27:30 INFO  no build target found for C:\Users\Mouhammad Toure\Videos\BookRecommender\BookRecommender\src\models\Valutazione.java. Using fallback presentation compiler.
2026.05.02 04:27:31 INFO  no build target found for C:\Users\Mouhammad Toure\Videos\BookRecommender\BookRecommender\src\models\Valutazione.java. Using fallback presentation compiler.
2026.05.02 04:27:35 WARN  no build target for: C:\Users\Mouhammad Toure\Videos\BookRecommender\BookRecommender\src\models\Libreria.java
2026.05.02 04:27:35 INFO  no build target found for C:\Users\Mouhammad Toure\Videos\BookRecommender\BookRecommender\src\models\Libreria.java. Using fallback presentation compiler.
2026.05.02 04:27:36 WARN  Running javac-semanticdb failed for file:///C:/Users/Mouhammad%20Toure/Videos/BookRecommender/BookRecommender/src/models/Libreria.java. Output:

2026.05.02 04:27:36 INFO  no build target found for C:\Users\Mouhammad Toure\Videos\BookRecommender\BookRecommender\src\models\Libreria.java. Using fallback presentation compiler.
2026.05.02 04:27:36 INFO  no build target found for C:\Users\Mouhammad Toure\Videos\BookRecommender\BookRecommender\src\models\Libreria.java. Using fallback presentation compiler.
mag 02, 2026 4:27:37 AM org.eclipse.lsp4j.jsonrpc.RemoteEndpoint handleCancellation
AVVERTENZA: Unmatched cancel notification for request id 3629
2026.05.02 04:27:36 INFO  no build target found for C:\Users\Mouhammad Toure\Videos\BookRecommender\BookRecommender\src\models\Libreria.java. Using fallback presentation compiler.
2026.05.02 04:27:38 INFO  no build target found for C:\Users\Mouhammad Toure\Videos\BookRecommender\BookRecommender\src\models\Libreria.java. Using fallback presentation compiler.
2026.05.02 04:27:38 INFO  no build target found for C:\Users\Mouhammad Toure\Videos\BookRecommender\BookRecommender\src\models\Libreria.java. Using fallback presentation compiler.
2026.05.02 04:27:38 INFO  no build target found for C:\Users\Mouhammad Toure\Videos\BookRecommender\BookRecommender\src\models\Libreria.java. Using fallback presentation compiler.
2026.05.02 04:27:38 INFO  no build target found for C:\Users\Mouhammad Toure\Videos\BookRecommender\BookRecommender\src\models\Libreria.java. Using fallback presentation compiler.
2026.05.02 04:27:41 INFO  no build target found for C:\Users\Mouhammad Toure\Videos\BookRecommender\BookRecommender\src\models\Libreria.java. Using fallback presentation compiler.
2026.05.02 04:27:41 INFO  no build target found for C:\Users\Mouhammad Toure\Videos\BookRecommender\BookRecommender\src\models\Libreria.java. Using fallback presentation compiler.
2026.05.02 04:27:42 WARN  Running javac-semanticdb failed for file:///C:/Users/Mouhammad%20Toure/Videos/BookRecommender/BookRecommender/src/models/Libreria.java. Output:

2026.05.02 04:27:42 INFO  no build target found for C:\Users\Mouhammad Toure\Videos\BookRecommender\BookRecommender\src\models\Libreria.java. Using fallback presentation compiler.
2026.05.02 04:27:43 INFO  no build target found for C:\Users\Mouhammad Toure\Videos\BookRecommender\BookRecommender\src\models\Libreria.java. Using fallback presentation compiler.
2026.05.02 04:27:43 WARN  no build target for: C:\Users\Mouhammad Toure\Videos\BookRecommender\BookRecommender\src\models\Libreria.java
2026.05.02 04:27:43 INFO  no build target found for C:\Users\Mouhammad Toure\Videos\BookRecommender\BookRecommender\src\models\Libreria.java. Using fallback presentation compiler.
2026.05.02 04:27:44 WARN  Running javac-semanticdb failed for file:///C:/Users/Mouhammad%20Toure/Videos/BookRecommender/BookRecommender/src/models/Libreria.java. Output:

2026.05.02 04:27:44 WARN  no build target for: C:\Users\Mouhammad Toure\Videos\BookRecommender\BookRecommender\src\models\Libreria.java
2026.05.02 04:27:45 INFO  no build target found for C:\Users\Mouhammad Toure\Videos\BookRecommender\BookRecommender\src\models\Libreria.java. Using fallback presentation compiler.
2026.05.02 04:27:47 INFO  no build target found for C:\Users\Mouhammad Toure\Videos\BookRecommender\BookRecommender\src\models\Libreria.java. Using fallback presentation compiler.
2026.05.02 04:27:48 INFO  no build target found for C:\Users\Mouhammad Toure\Videos\BookRecommender\BookRecommender\src\models\Libreria.java. Using fallback presentation compiler.
2026.05.02 04:27:48 WARN  Running javac-semanticdb failed for file:///C:/Users/Mouhammad%20Toure/Videos/BookRecommender/BookRecommender/src/models/Libreria.java. Output:

2026.05.02 04:27:48 WARN  no build target for: C:\Users\Mouhammad Toure\Videos\BookRecommender\BookRecommender\src\models\Libreria.java
2026.05.02 04:27:49 INFO  no build target found for C:\Users\Mouhammad Toure\Videos\BookRecommender\BookRecommender\src\models\Libreria.java. Using fallback presentation compiler.
2026.05.02 04:27:49 INFO  no build target found for C:\Users\Mouhammad Toure\Videos\BookRecommender\BookRecommender\src\models\Libreria.java. Using fallback presentation compiler.
2026.05.02 04:27:49 INFO  no build target found for C:\Users\Mouhammad Toure\Videos\BookRecommender\BookRecommender\src\models\Libreria.java. Using fallback presentation compiler.
2026.05.02 04:27:50 INFO  no build target found for C:\Users\Mouhammad Toure\Videos\BookRecommender\BookRecommender\src\models\Libreria.java. Using fallback presentation compiler.
mag 02, 2026 4:27:50 AM org.eclipse.lsp4j.jsonrpc.RemoteEndpoint handleCancellation
AVVERTENZA: Unmatched cancel notification for request id 3664
mag 02, 2026 4:27:50 AM org.eclipse.lsp4j.jsonrpc.RemoteEndpoint handleCancellation
AVVERTENZA: Unmatched cancel notification for request id 3663
2026.05.02 04:27:50 INFO  no build target found for C:\Users\Mouhammad Toure\Videos\BookRecommender\BookRecommender\src\models\Libreria.java. Using fallback presentation compiler.
mag 02, 2026 4:27:50 AM org.eclipse.lsp4j.jsonrpc.RemoteEndpoint handleCancellation
AVVERTENZA: Unmatched cancel notification for request id 3665
2026.05.02 04:27:50 WARN  Running javac-semanticdb failed for file:///C:/Users/Mouhammad%20Toure/Videos/BookRecommender/BookRecommender/src/models/Libreria.java. Output:

mag 02, 2026 4:27:51 AM org.eclipse.lsp4j.jsonrpc.RemoteEndpoint handleCancellation
AVVERTENZA: Unmatched cancel notification for request id 3667
mag 02, 2026 4:27:51 AM org.eclipse.lsp4j.jsonrpc.RemoteEndpoint handleCancellation
AVVERTENZA: Unmatched cancel notification for request id 3668
mag 02, 2026 4:27:51 AM org.eclipse.lsp4j.jsonrpc.RemoteEndpoint handleCancellation
AVVERTENZA: Unmatched cancel notification for request id 3669
2026.05.02 04:27:51 WARN  no build target for: C:\Users\Mouhammad Toure\Videos\BookRecommender\BookRecommender\src\models\Libreria.java
2026.05.02 04:27:50 INFO  no build target found for C:\Users\Mouhammad Toure\Videos\BookRecommender\BookRecommender\src\models\Libreria.java. Using fallback presentation compiler.
mag 02, 2026 4:27:51 AM org.eclipse.lsp4j.jsonrpc.RemoteEndpoint handleCancellation
AVVERTENZA: Unmatched cancel notification for request id 3673
mag 02, 2026 4:27:51 AM org.eclipse.lsp4j.jsonrpc.RemoteEndpoint handleCancellation
AVVERTENZA: Unmatched cancel notification for request id 3670
mag 02, 2026 4:27:51 AM org.eclipse.lsp4j.jsonrpc.RemoteEndpoint handleCancellation
AVVERTENZA: Unmatched cancel notification for request id 3671
2026.05.02 04:27:50 INFO  no build target found for C:\Users\Mouhammad Toure\Videos\BookRecommender\BookRecommender\src\models\Libreria.java. Using fallback presentation compiler.
2026.05.02 04:27:52 WARN  no build target for: C:\Users\Mouhammad Toure\Videos\BookRecommender\BookRecommender\src\models\Libreria.java
2026.05.02 04:27:52 INFO  no build target found for C:\Users\Mouhammad Toure\Videos\BookRecommender\BookRecommender\src\models\Libreria.java. Using fallback presentation compiler.
2026.05.02 04:27:52 INFO  no build target found for C:\Users\Mouhammad Toure\Videos\BookRecommender\BookRecommender\src\models\Libreria.java. Using fallback presentation compiler.
mag 02, 2026 4:27:52 AM org.eclipse.lsp4j.jsonrpc.RemoteEndpoint handleCancellation
AVVERTENZA: Unmatched cancel notification for request id 3678
2026.05.02 04:27:53 INFO  no build target found for C:\Users\Mouhammad Toure\Videos\BookRecommender\BookRecommender\src\models\Libreria.java. Using fallback presentation compiler.
2026.05.02 04:27:54 INFO  no build target found for C:\Users\Mouhammad Toure\Videos\BookRecommender\BookRecommender\src\models\Libreria.java. Using fallback presentation compiler.
2026.05.02 04:27:55 WARN  no build target for: C:\Users\Mouhammad Toure\Videos\BookRecommender\BookRecommender\src\models\Consiglio.java
2026.05.02 04:27:55 INFO  no build target found for C:\Users\Mouhammad Toure\Videos\BookRecommender\BookRecommender\src\models\Consiglio.java. Using fallback presentation compiler.
2026.05.02 04:27:56 INFO  no build target found for C:\Users\Mouhammad Toure\Videos\BookRecommender\BookRecommender\src\models\Consiglio.java. Using fallback presentation compiler.
2026.05.02 04:27:56 WARN  Running javac-semanticdb failed for file:///C:/Users/Mouhammad%20Toure/Videos/BookRecommender/BookRecommender/src/models/Consiglio.java. Output:

2026.05.02 04:27:56 INFO  no build target found for C:\Users\Mouhammad Toure\Videos\BookRecommender\BookRecommender\src\models\Consiglio.java. Using fallback presentation compiler.
mag 02, 2026 4:27:56 AM org.eclipse.lsp4j.jsonrpc.RemoteEndpoint handleCancellation
AVVERTENZA: Unmatched cancel notification for request id 3683
2026.05.02 04:27:57 INFO  no build target found for C:\Users\Mouhammad Toure\Videos\BookRecommender\BookRecommender\src\models\Consiglio.java. Using fallback presentation compiler.
2026.05.02 04:27:59 INFO  no build target found for C:\Users\Mouhammad Toure\Videos\BookRecommender\BookRecommender\src\models\Consiglio.java. Using fallback presentation compiler.
2026.05.02 04:27:59 INFO  no build target found for C:\Users\Mouhammad Toure\Videos\BookRecommender\BookRecommender\src\models\Consiglio.java. Using fallback presentation compiler.
2026.05.02 04:28:00 INFO  no build target found for C:\Users\Mouhammad Toure\Videos\BookRecommender\BookRecommender\src\models\Consiglio.java. Using fallback presentation compiler.
2026.05.02 04:28:01 WARN  no build target for: C:\Users\Mouhammad Toure\Videos\BookRecommender\BookRecommender\src\models\Consiglio.java
2026.05.02 04:28:01 WARN  Running javac-semanticdb failed for file:///C:/Users/Mouhammad%20Toure/Videos/BookRecommender/BookRecommender/src/models/Consiglio.java. Output:

2026.05.02 04:28:02 INFO  no build target found for C:\Users\Mouhammad Toure\Videos\BookRecommender\BookRecommender\src\models\Consiglio.java. Using fallback presentation compiler.
2026.05.02 04:28:02 INFO  no build target found for C:\Users\Mouhammad Toure\Videos\BookRecommender\BookRecommender\src\models\Consiglio.java. Using fallback presentation compiler.
2026.05.02 04:28:02 INFO  no build target found for C:\Users\Mouhammad Toure\Videos\BookRecommender\BookRecommender\src\models\Consiglio.java. Using fallback presentation compiler.
2026.05.02 04:28:02 INFO  no build target found for C:\Users\Mouhammad Toure\Videos\BookRecommender\BookRecommender\src\models\Consiglio.java. Using fallback presentation compiler.
mag 02, 2026 4:28:03 AM org.eclipse.lsp4j.jsonrpc.RemoteEndpoint handleCancellation
AVVERTENZA: Unmatched cancel notification for request id 3697
2026.05.02 04:28:03 INFO  no build target found for C:\Users\Mouhammad Toure\Videos\BookRecommender\BookRecommender\src\models\Consiglio.java. Using fallback presentation compiler.
2026.05.02 04:28:02 INFO  no build target found for C:\Users\Mouhammad Toure\Videos\BookRecommender\BookRecommender\src\models\Consiglio.java. Using fallback presentation compiler.
2026.05.02 04:28:02 INFO  no build target found for C:\Users\Mouhammad Toure\Videos\BookRecommender\BookRecommender\src\models\Consiglio.java. Using fallback presentation compiler.
mag 02, 2026 4:28:03 AM org.eclipse.lsp4j.jsonrpc.RemoteEndpoint handleCancellation
AVVERTENZA: Unmatched cancel notification for request id 3702
mag 02, 2026 4:28:03 AM org.eclipse.lsp4j.jsonrpc.RemoteEndpoint handleCancellation
AVVERTENZA: Unmatched cancel notification for request id 3700
mag 02, 2026 4:28:03 AM org.eclipse.lsp4j.jsonrpc.RemoteEndpoint handleCancellation
AVVERTENZA: Unmatched cancel notification for request id 3701
2026.05.02 04:28:02 INFO  no build target found for C:\Users\Mouhammad Toure\Videos\BookRecommender\BookRecommender\src\models\Consiglio.java. Using fallback presentation compiler.
2026.05.02 04:28:03 WARN  no build target for: C:\Users\Mouhammad Toure\Videos\BookRecommender\BookRecommender\src\models\Consiglio.java
2026.05.02 04:28:03 INFO  Created report: Optional[file:///C:/Users/Mouhammad%20Toure/Videos/BookRecommender/BookRecommender/src/models/Consiglio.java]
2026.05.02 04:28:03 INFO  QDox parse error in file:///C:/Users/Mouhammad%20Toure/Videos/BookRecommender/BookRecommender/src/models/Consiglio.java (full report at: "C:\Users\Mouhammad Toure\Videos\BookRecommender\.metals\.reports\metals-full\2026-05-02\r_qdox-error_04-28-03-579.md")
2026.05.02 04:28:03 WARN  Running javac-semanticdb failed for file:///C:/Users/Mouhammad%20Toure/Videos/BookRecommender/BookRecommender/src/models/Consiglio.java. Output:

2026.05.02 04:28:02 INFO  no build target found for C:\Users\Mouhammad Toure\Videos\BookRecommender\BookRecommender\src\models\Consiglio.java. Using fallback presentation compiler.
mag 02, 2026 4:28:03 AM org.eclipse.lsp4j.jsonrpc.RemoteEndpoint handleCancellation
AVVERTENZA: Unmatched cancel notification for request id 3703
2026.05.02 04:28:03 INFO  no build target found for C:\Users\Mouhammad Toure\Videos\BookRecommender\BookRecommender\src\models\Consiglio.java. Using fallback presentation compiler.
2026.05.02 04:28:03 INFO  no build target found for C:\Users\Mouhammad Toure\Videos\BookRecommender\BookRecommender\src\models\Consiglio.java. Using fallback presentation compiler.
2026.05.02 04:28:05 INFO  QDox parse error in file:///C:/Users/Mouhammad%20Toure/Videos/BookRecommender/BookRecommender/src/models/Consiglio.java (full report at: "C:\Users\Mouhammad Toure\Videos\BookRecommender\.metals\.reports\metals-full\2026-05-02\r_qdox-error_04-28-03-579.md")
2026.05.02 04:28:05 WARN  no build target for: C:\Users\Mouhammad Toure\Videos\BookRecommender\BookRecommender\src\models\Consiglio.java
2026.05.02 04:28:05 WARN  Running javac-semanticdb failed for file:///C:/Users/Mouhammad%20Toure/Videos/BookRecommender/BookRecommender/src/models/Consiglio.java. Output:

2026.05.02 04:28:05 INFO  no build target found for C:\Users\Mouhammad Toure\Videos\BookRecommender\BookRecommender\src\models\Consiglio.java. Using fallback presentation compiler.
2026.05.02 04:28:06 INFO  no build target found for C:\Users\Mouhammad Toure\Videos\BookRecommender\BookRecommender\src\models\Consiglio.java. Using fallback presentation compiler.
mag 02, 2026 4:28:06 AM org.eclipse.lsp4j.jsonrpc.RemoteEndpoint handleCancellation
AVVERTENZA: Unmatched cancel notification for request id 3711
2026.05.02 04:28:05 INFO  no build target found for C:\Users\Mouhammad Toure\Videos\BookRecommender\BookRecommender\src\models\Consiglio.java. Using fallback presentation compiler.
mag 02, 2026 4:28:06 AM org.eclipse.lsp4j.jsonrpc.RemoteEndpoint handleCancellation
AVVERTENZA: Unmatched cancel notification for request id 3712
2026.05.02 04:28:05 INFO  no build target found for C:\Users\Mouhammad Toure\Videos\BookRecommender\BookRecommender\src\models\Consiglio.java. Using fallback presentation compiler.
2026.05.02 04:28:07 WARN  no build target for: C:\Users\Mouhammad Toure\Videos\BookRecommender\BookRecommender\src\models\Consiglio.java
2026.05.02 04:28:07 INFO  no build target found for C:\Users\Mouhammad Toure\Videos\BookRecommender\BookRecommender\src\models\Consiglio.java. Using fallback presentation compiler.
2026.05.02 04:28:07 INFO  no build target found for C:\Users\Mouhammad Toure\Videos\BookRecommender\BookRecommender\src\models\Consiglio.java. Using fallback presentation compiler.
2026.05.02 04:28:07 INFO  no build target found for C:\Users\Mouhammad Toure\Videos\BookRecommender\BookRecommender\src\models\Consiglio.java. Using fallback presentation compiler.
2026.05.02 04:28:07 WARN  Running javac-semanticdb failed for file:///C:/Users/Mouhammad%20Toure/Videos/BookRecommender/BookRecommender/src/models/Consiglio.java. Output:

2026.05.02 04:28:07 INFO  no build target found for C:\Users\Mouhammad Toure\Videos\BookRecommender\BookRecommender\src\models\Consiglio.java. Using fallback presentation compiler.
2026.05.02 04:28:08 INFO  no build target found for C:\Users\Mouhammad Toure\Videos\BookRecommender\BookRecommender\src\models\Consiglio.java. Using fallback presentation compiler.
2026.05.02 04:28:08 INFO  no build target found for C:\Users\Mouhammad Toure\Videos\BookRecommender\BookRecommender\src\models\Consiglio.java. Using fallback presentation compiler.
2026.05.02 04:28:08 INFO  no build target found for C:\Users\Mouhammad Toure\Videos\BookRecommender\BookRecommender\src\models\Consiglio.java. Using fallback presentation compiler.
2026.05.02 04:28:10 INFO  no build target found for C:\Users\Mouhammad Toure\Videos\BookRecommender\BookRecommender\src\models\Consiglio.java. Using fallback presentation compiler.
2026.05.02 04:28:10 INFO  no build target found for C:\Users\Mouhammad Toure\Videos\BookRecommender\BookRecommender\src\models\Consiglio.java. Using fallback presentation compiler.
2026.05.02 04:28:11 INFO  no build target found for C:\Users\Mouhammad Toure\Videos\BookRecommender\BookRecommender\src\models\Consiglio.java. Using fallback presentation compiler.
2026.05.02 04:28:11 WARN  no build target for: C:\Users\Mouhammad Toure\Videos\BookRecommender\BookRecommender\src\models\Consiglio.java
2026.05.02 04:28:11 INFO  no build target found for C:\Users\Mouhammad Toure\Videos\BookRecommender\BookRecommender\src\models\Consiglio.java. Using fallback presentation compiler.
2026.05.02 04:28:11 WARN  Running javac-semanticdb failed for file:///C:/Users/Mouhammad%20Toure/Videos/BookRecommender/BookRecommender/src/models/Consiglio.java. Output:

2026.05.02 04:28:12 INFO  no build target found for C:\Users\Mouhammad Toure\Videos\BookRecommender\BookRecommender\src\models\Consiglio.java. Using fallback presentation compiler.
2026.05.02 04:28:12 INFO  no build target found for C:\Users\Mouhammad Toure\Videos\BookRecommender\BookRecommender\src\models\Consiglio.java. Using fallback presentation compiler.
2026.05.02 04:28:12 INFO  no build target found for C:\Users\Mouhammad Toure\Videos\BookRecommender\BookRecommender\src\models\Consiglio.java. Using fallback presentation compiler.
2026.05.02 04:28:13 WARN  no build target for: C:\Users\Mouhammad Toure\Videos\BookRecommender\BookRecommender\src\models\Consiglio.java
2026.05.02 04:28:13 INFO  no build target found for C:\Users\Mouhammad Toure\Videos\BookRecommender\BookRecommender\src\models\Consiglio.java. Using fallback presentation compiler.
2026.05.02 04:28:13 WARN  Running javac-semanticdb failed for file:///C:/Users/Mouhammad%20Toure/Videos/BookRecommender/BookRecommender/src/models/Consiglio.java. Output:

2026.05.02 04:28:14 INFO  no build target found for C:\Users\Mouhammad Toure\Videos\BookRecommender\BookRecommender\src\models\Consiglio.java. Using fallback presentation compiler.
2026.05.02 04:28:15 INFO  no build target found for C:\Users\Mouhammad Toure\Videos\BookRecommender\BookRecommender\src\models\Consiglio.java. Using fallback presentation compiler.
2026.05.02 04:28:16 INFO  no build target found for C:\Users\Mouhammad Toure\Videos\BookRecommender\BookRecommender\src\models\Consiglio.java. Using fallback presentation compiler.
2026.05.02 04:28:21 INFO  no build target found for C:\Users\Mouhammad Toure\Videos\BookRecommender\BookRecommender\src\bookrecommender\Trasferimento.java. Using fallback presentation compiler.
2026.05.02 04:28:21 WARN  no build target for: C:\Users\Mouhammad Toure\Videos\BookRecommender\BookRecommender\src\bookrecommender\Trasferimento.java
mag 02, 2026 4:28:21 AM org.eclipse.lsp4j.jsonrpc.RemoteEndpoint handleCancellation
AVVERTENZA: Unmatched cancel notification for request id 3747
2026.05.02 04:28:21 INFO  no build target found for C:\Users\Mouhammad Toure\Videos\BookRecommender\BookRecommender\src\bookrecommender\Trasferimento.java. Using fallback presentation compiler.
2026.05.02 04:28:21 INFO  no build target found for C:\Users\Mouhammad Toure\Videos\BookRecommender\BookRecommender\src\bookrecommender\Trasferimento.java. Using fallback presentation compiler.
2026.05.02 04:28:22 WARN  Running javac-semanticdb failed for file:///C:/Users/Mouhammad%20Toure/Videos/BookRecommender/BookRecommender/src/bookrecommender/Trasferimento.java. Output:

2026.05.02 04:28:23 INFO  no build target found for C:\Users\Mouhammad Toure\Videos\BookRecommender\BookRecommender\src\bookrecommender\Trasferimento.java. Using fallback presentation compiler.
2026.05.02 04:28:26 INFO  no build target found for C:\Users\Mouhammad Toure\Videos\BookRecommender\BookRecommender\src\bookrecommender\Trasferimento.java. Using fallback presentation compiler.
2026.05.02 04:28:28 INFO  no build target found for C:\Users\Mouhammad Toure\Videos\BookRecommender\BookRecommender\src\bookrecommender\Trasferimento.java. Using fallback presentation compiler.
2026.05.02 04:28:28 WARN  Running javac-semanticdb failed for file:///C:/Users/Mouhammad%20Toure/Videos/BookRecommender/BookRecommender/src/bookrecommender/Trasferimento.java. Output:

2026.05.02 04:28:28 INFO  no build target found for C:\Users\Mouhammad Toure\Videos\BookRecommender\BookRecommender\src\bookrecommender\Trasferimento.java. Using fallback presentation compiler.
2026.05.02 04:28:29 WARN  no build target for: C:\Users\Mouhammad Toure\Videos\BookRecommender\BookRecommender\src\bookrecommender\Trasferimento.java
2026.05.02 04:28:30 INFO  no build target found for C:\Users\Mouhammad Toure\Videos\BookRecommender\BookRecommender\src\bookrecommender\Trasferimento.java. Using fallback presentation compiler.
2026.05.02 04:28:31 INFO  no build target found for C:\Users\Mouhammad Toure\Videos\BookRecommender\BookRecommender\src\models\Consiglio.java. Using fallback presentation compiler.
2026.05.02 04:28:31 WARN  no build target for: C:\Users\Mouhammad Toure\Videos\BookRecommender\BookRecommender\src\models\Consiglio.java
2026.05.02 04:28:31 INFO  no build target found for C:\Users\Mouhammad Toure\Videos\BookRecommender\BookRecommender\src\models\Consiglio.java. Using fallback presentation compiler.
2026.05.02 04:28:33 INFO  no build target found for C:\Users\Mouhammad Toure\Videos\BookRecommender\BookRecommender\src\models\Consiglio.java. Using fallback presentation compiler.
2026.05.02 04:28:33 INFO  no build target found for C:\Users\Mouhammad Toure\Videos\BookRecommender\BookRecommender\src\models\Consiglio.java. Using fallback presentation compiler.
2026.05.02 04:28:34 INFO  no build target found for C:\Users\Mouhammad Toure\Videos\BookRecommender\BookRecommender\src\models\Consiglio.java. Using fallback presentation compiler.
2026.05.02 04:28:34 WARN  Running javac-semanticdb failed for file:///C:/Users/Mouhammad%20Toure/Videos/BookRecommender/BookRecommender/src/models/Consiglio.java. Output:

2026.05.02 04:28:35 WARN  no build target for: C:\Users\Mouhammad Toure\Videos\BookRecommender\BookRecommender\src\models\Consiglio.java
2026.05.02 04:28:36 INFO  no build target found for C:\Users\Mouhammad Toure\Videos\BookRecommender\BookRecommender\src\models\Consiglio.java. Using fallback presentation compiler.
mag 02, 2026 4:28:36 AM org.eclipse.lsp4j.jsonrpc.RemoteEndpoint handleCancellation
AVVERTENZA: Unmatched cancel notification for request id 3778
2026.05.02 04:28:35 INFO  no build target found for C:\Users\Mouhammad Toure\Videos\BookRecommender\BookRecommender\src\models\Consiglio.java. Using fallback presentation compiler.
2026.05.02 04:28:37 INFO  no build target found for C:\Users\Mouhammad Toure\Videos\BookRecommender\BookRecommender\src\models\Libreria.java. Using fallback presentation compiler.
2026.05.02 04:28:37 WARN  no build target for: C:\Users\Mouhammad Toure\Videos\BookRecommender\BookRecommender\src\models\Libreria.java
2026.05.02 04:28:37 INFO  no build target found for C:\Users\Mouhammad Toure\Videos\BookRecommender\BookRecommender\src\models\Libreria.java. Using fallback presentation compiler.
mag 02, 2026 4:28:38 AM org.eclipse.lsp4j.jsonrpc.RemoteEndpoint handleCancellation
AVVERTENZA: Unmatched cancel notification for request id 3782
2026.05.02 04:28:37 INFO  no build target found for C:\Users\Mouhammad Toure\Videos\BookRecommender\BookRecommender\src\models\Libreria.java. Using fallback presentation compiler.
2026.05.02 04:28:38 INFO  no build target found for C:\Users\Mouhammad Toure\Videos\BookRecommender\BookRecommender\src\models\Libreria.java. Using fallback presentation compiler.
2026.05.02 04:28:42 INFO  no build target found for C:\Users\Mouhammad Toure\Videos\BookRecommender\BookRecommender\src\models\Libro.java. Using fallback presentation compiler.
2026.05.02 04:28:42 WARN  no build target for: C:\Users\Mouhammad Toure\Videos\BookRecommender\BookRecommender\src\models\Libro.java
2026.05.02 04:28:42 INFO  no build target found for C:\Users\Mouhammad Toure\Videos\BookRecommender\BookRecommender\src\models\Libro.java. Using fallback presentation compiler.
2026.05.02 04:28:42 INFO  no build target found for C:\Users\Mouhammad Toure\Videos\BookRecommender\BookRecommender\src\models\Libreria.java. Using fallback presentation compiler.
2026.05.02 04:28:45 INFO  no build target found for C:\Users\Mouhammad Toure\Videos\BookRecommender\BookRecommender\src\models\Libreria.java. Using fallback presentation compiler.
2026.05.02 04:28:45 WARN  no build target for: C:\Users\Mouhammad Toure\Videos\BookRecommender\BookRecommender\src\models\Libreria.java
2026.05.02 04:28:45 INFO  no build target found for C:\Users\Mouhammad Toure\Videos\BookRecommender\BookRecommender\src\models\Libreria.java. Using fallback presentation compiler.
2026.05.02 04:28:45 INFO  no build target found for C:\Users\Mouhammad Toure\Videos\BookRecommender\BookRecommender\src\models\Libreria.java. Using fallback presentation compiler.
mag 02, 2026 4:28:46 AM org.eclipse.lsp4j.jsonrpc.RemoteEndpoint handleCancellation
AVVERTENZA: Unmatched cancel notification for request id 3797
2026.05.02 04:28:46 INFO  no build target found for C:\Users\Mouhammad Toure\Videos\BookRecommender\BookRecommender\src\models\Libreria.java. Using fallback presentation compiler.
2026.05.02 04:28:51 INFO  no build target found for C:\Users\Mouhammad Toure\Videos\BookRecommender\BookRecommender\src\models\Libreria.java. Using fallback presentation compiler.
2026.05.02 04:28:52 INFO  no build target found for C:\Users\Mouhammad Toure\Videos\BookRecommender\BookRecommender\src\models\Libreria.java. Using fallback presentation compiler.
2026.05.02 04:28:52 WARN  no build target for: C:\Users\Mouhammad Toure\Videos\BookRecommender\BookRecommender\src\models\Libreria.java
2026.05.02 04:28:52 INFO  no build target found for C:\Users\Mouhammad Toure\Videos\BookRecommender\BookRecommender\src\models\Libreria.java. Using fallback presentation compiler.
2026.05.02 04:28:52 WARN  Running javac-semanticdb failed for file:///C:/Users/Mouhammad%20Toure/Videos/BookRecommender/BookRecommender/src/models/Libreria.java. Output:

2026.05.02 04:28:54 INFO  no build target found for C:\Users\Mouhammad Toure\Videos\BookRecommender\BookRecommender\src\models\Libro.java. Using fallback presentation compiler.
2026.05.02 04:28:55 WARN  no build target for: C:\Users\Mouhammad Toure\Videos\BookRecommender\BookRecommender\src\models\Libro.java
2026.05.02 04:28:55 INFO  no build target found for C:\Users\Mouhammad Toure\Videos\BookRecommender\BookRecommender\src\models\Libro.java. Using fallback presentation compiler.
2026.05.02 04:28:55 INFO  no build target found for C:\Users\Mouhammad Toure\Videos\BookRecommender\BookRecommender\src\models\Libreria.java. Using fallback presentation compiler.
2026.05.02 04:28:58 INFO  no build target found for C:\Users\Mouhammad Toure\Videos\BookRecommender\BookRecommender\src\models\UserID.java. Using fallback presentation compiler.
2026.05.02 04:28:58 WARN  no build target for: C:\Users\Mouhammad Toure\Videos\BookRecommender\BookRecommender\src\models\UserID.java
2026.05.02 04:28:58 INFO  no build target found for C:\Users\Mouhammad Toure\Videos\BookRecommender\BookRecommender\src\models\UserID.java. Using fallback presentation compiler.
mag 02, 2026 4:28:59 AM org.eclipse.lsp4j.jsonrpc.RemoteEndpoint handleCancellation
AVVERTENZA: Unmatched cancel notification for request id 3819
2026.05.02 04:28:59 INFO  no build target found for C:\Users\Mouhammad Toure\Videos\BookRecommender\BookRecommender\src\models\UserID.java. Using fallback presentation compiler.
2026.05.02 04:28:59 INFO  no build target found for C:\Users\Mouhammad Toure\Videos\BookRecommender\BookRecommender\src\models\UserID.java. Using fallback presentation compiler.
2026.05.02 04:29:00 INFO  no build target found for C:\Users\Mouhammad Toure\Videos\BookRecommender\BookRecommender\src\models\Libreria.java. Using fallback presentation compiler.
2026.05.02 04:29:02 INFO  no build target found for C:\Users\Mouhammad Toure\Videos\BookRecommender\BookRecommender\src\models\Valutazione.java. Using fallback presentation compiler.
2026.05.02 04:29:02 WARN  no build target for: C:\Users\Mouhammad Toure\Videos\BookRecommender\BookRecommender\src\models\Valutazione.java
mag 02, 2026 4:29:02 AM org.eclipse.lsp4j.jsonrpc.RemoteEndpoint handleCancellation
AVVERTENZA: Unmatched cancel notification for request id 3826
2026.05.02 04:29:02 INFO  no build target found for C:\Users\Mouhammad Toure\Videos\BookRecommender\BookRecommender\src\models\Valutazione.java. Using fallback presentation compiler.
2026.05.02 04:29:02 INFO  no build target found for C:\Users\Mouhammad Toure\Videos\BookRecommender\BookRecommender\src\models\Libreria.java. Using fallback presentation compiler.
2026.05.02 04:29:02 INFO  no build target found for C:\Users\Mouhammad Toure\Videos\BookRecommender\BookRecommender\src\models\Valutazione.java. Using fallback presentation compiler.
2026.05.02 04:29:06 INFO  no build target found for C:\Users\Mouhammad Toure\Videos\BookRecommender\BookRecommender\src\models\Valutazione.java. Using fallback presentation compiler.
2026.05.02 04:29:06 INFO  no build target found for C:\Users\Mouhammad Toure\Videos\BookRecommender\BookRecommender\src\models\UserID.java. Using fallback presentation compiler.
2026.05.02 04:29:07 WARN  no build target for: C:\Users\Mouhammad Toure\Videos\BookRecommender\BookRecommender\src\models\UserID.java
mag 02, 2026 4:29:08 AM org.eclipse.lsp4j.jsonrpc.RemoteEndpoint handleCancellation
AVVERTENZA: Unmatched cancel notification for request id 3833
2026.05.02 04:29:08 INFO  no build target found for C:\Users\Mouhammad Toure\Videos\BookRecommender\BookRecommender\src\models\UserID.java. Using fallback presentation compiler.
2026.05.02 04:29:08 INFO  no build target found for C:\Users\Mouhammad Toure\Videos\BookRecommender\BookRecommender\src\models\UserID.java. Using fallback presentation compiler.
mag 02, 2026 4:29:08 AM org.eclipse.lsp4j.jsonrpc.RemoteEndpoint handleCancellation
AVVERTENZA: Unmatched cancel notification for request id 3835
2026.05.02 04:29:09 INFO  no build target found for C:\Users\Mouhammad Toure\Videos\BookRecommender\BookRecommender\src\models\UserID.java. Using fallback presentation compiler.
2026.05.02 04:29:09 INFO  no build target found for C:\Users\Mouhammad Toure\Videos\BookRecommender\BookRecommender\src\models\Libreria.java. Using fallback presentation compiler.
2026.05.02 04:29:08 INFO  no build target found for C:\Users\Mouhammad Toure\Videos\BookRecommender\BookRecommender\src\models\Consiglio.java. Using fallback presentation compiler.
2026.05.02 04:29:10 INFO  no build target found for C:\Users\Mouhammad Toure\Videos\BookRecommender\BookRecommender\src\bookrecommender\Trasferimento.java. Using fallback presentation compiler.
2026.05.02 04:29:10 INFO  no build target found for C:\Users\Mouhammad Toure\Videos\BookRecommender\BookRecommender\src\models\UserID.java. Using fallback presentation compiler.
2026.05.02 04:29:14 INFO  no build target found for C:\Users\Mouhammad Toure\Videos\BookRecommender\BookRecommender\src\models\UserID.java. Using fallback presentation compiler.
2026.05.02 04:29:14 INFO  no build target found for C:\Users\Mouhammad Toure\Videos\BookRecommender\BookRecommender\src\models\Libro.java. Using fallback presentation compiler.
2026.05.02 04:29:14 WARN  no build target for: C:\Users\Mouhammad Toure\Videos\BookRecommender\BookRecommender\src\models\Libro.java
2026.05.02 04:29:15 INFO  no build target found for C:\Users\Mouhammad Toure\Videos\BookRecommender\BookRecommender\src\models\Libro.java. Using fallback presentation compiler.
2026.05.02 04:29:14 INFO  no build target found for C:\Users\Mouhammad Toure\Videos\BookRecommender\BookRecommender\src\models\Libreria.java. Using fallback presentation compiler.
2026.05.02 04:29:17 WARN  no build target for: C:\Users\Mouhammad Toure\Videos\BookRecommender\BookRecommender\src\bookrecommender\DatabaseInitializer.java
2026.05.02 04:29:17 INFO  no build target found for C:\Users\Mouhammad Toure\Videos\BookRecommender\BookRecommender\src\bookrecommender\DatabaseInitializer.java. Using fallback presentation compiler.
2026.05.02 04:29:18 WARN  Running javac-semanticdb failed for file:///C:/Users/Mouhammad%20Toure/Videos/BookRecommender/BookRecommender/src/bookrecommender/DatabaseInitializer.java. Output:

2026.05.02 04:29:18 INFO  no build target found for C:\Users\Mouhammad Toure\Videos\BookRecommender\BookRecommender\src\bookrecommender\DatabaseInitializer.java. Using fallback presentation compiler.
2026.05.02 04:29:17 INFO  no build target found for C:\Users\Mouhammad Toure\Videos\BookRecommender\BookRecommender\src\bookrecommender\DatabaseInitializer.java. Using fallback presentation compiler.
2026.05.02 04:29:19 INFO  no build target found for C:\Users\Mouhammad Toure\Videos\BookRecommender\BookRecommender\src\models\Libreria.java. Using fallback presentation compiler.
2026.05.02 04:29:19 INFO  no build target found for C:\Users\Mouhammad Toure\Videos\BookRecommender\BookRecommender\src\bookrecommender\DatabaseInitializer.java. Using fallback presentation compiler.
2026.05.02 04:29:25 INFO  no build target found for C:\Users\Mouhammad Toure\Videos\BookRecommender\BookRecommender\src\bookrecommender\DatabaseInitializer.java. Using fallback presentation compiler.
mag 02, 2026 4:29:26 AM org.eclipse.lsp4j.jsonrpc.RemoteEndpoint handleCancellation
AVVERTENZA: Unmatched cancel notification for request id 3862
2026.05.02 04:29:25 INFO  no build target found for C:\Users\Mouhammad Toure\Videos\BookRecommender\BookRecommender\src\bookrecommender\DatabaseInitializer.java. Using fallback presentation compiler.
2026.05.02 04:29:28 INFO  no build target found for C:\Users\Mouhammad Toure\Videos\BookRecommender\BookRecommender\src\bookrecommender\DatabaseInitializer.java. Using fallback presentation compiler.
2026.05.02 04:29:28 INFO  no build target found for C:\Users\Mouhammad Toure\Videos\BookRecommender\BookRecommender\src\models\Libro.java. Using fallback presentation compiler.
2026.05.02 04:29:28 WARN  no build target for: C:\Users\Mouhammad Toure\Videos\BookRecommender\BookRecommender\src\models\Libro.java
2026.05.02 04:29:28 INFO  no build target found for C:\Users\Mouhammad Toure\Videos\BookRecommender\BookRecommender\src\models\Libro.java. Using fallback presentation compiler.
2026.05.02 04:29:29 INFO  no build target found for C:\Users\Mouhammad Toure\Videos\BookRecommender\BookRecommender\src\models\Libreria.java. Using fallback presentation compiler.
2026.05.02 04:29:31 INFO  no build target found for C:\Users\Mouhammad Toure\Videos\BookRecommender\BookRecommender\src\models\Libro.java. Using fallback presentation compiler.
2026.05.02 04:29:31 INFO  no build target found for C:\Users\Mouhammad Toure\Videos\BookRecommender\BookRecommender\src\models\Libreria.java. Using fallback presentation compiler.
2026.05.02 04:29:31 WARN  no build target for: C:\Users\Mouhammad Toure\Videos\BookRecommender\BookRecommender\src\models\Libreria.java
2026.05.02 04:29:32 INFO  no build target found for C:\Users\Mouhammad Toure\Videos\BookRecommender\BookRecommender\src\models\Libreria.java. Using fallback presentation compiler.
mag 02, 2026 4:29:32 AM org.eclipse.lsp4j.jsonrpc.RemoteEndpoint handleCancellation
AVVERTENZA: Unmatched cancel notification for request id 3875
2026.05.02 04:29:33 INFO  no build target found for C:\Users\Mouhammad Toure\Videos\BookRecommender\BookRecommender\src\models\Libreria.java. Using fallback presentation compiler.
2026.05.02 04:29:33 INFO  no build target found for C:\Users\Mouhammad Toure\Videos\BookRecommender\BookRecommender\src\server\Server.java. Using fallback presentation compiler.
2026.05.02 04:29:32 WARN  no build target for: C:\Users\Mouhammad Toure\Videos\BookRecommender\BookRecommender\src\server\Server.java
2026.05.02 04:29:33 INFO  no build target found for C:\Users\Mouhammad Toure\Videos\BookRecommender\BookRecommender\src\server\Server.java. Using fallback presentation compiler.
mag 02, 2026 4:29:33 AM org.eclipse.lsp4j.jsonrpc.RemoteEndpoint handleCancellation
AVVERTENZA: Unmatched cancel notification for request id 3877
2026.05.02 04:29:33 INFO  no build target found for C:\Users\Mouhammad Toure\Videos\BookRecommender\BookRecommender\src\server\Server.java. Using fallback presentation compiler.
2026.05.02 04:29:33 INFO  no build target found for C:\Users\Mouhammad Toure\Videos\BookRecommender\BookRecommender\src\server\Server.java. Using fallback presentation compiler.
2026.05.02 04:29:34 INFO  no build target found for C:\Users\Mouhammad Toure\Videos\BookRecommender\BookRecommender\src\server\Server.java. Using fallback presentation compiler.
2026.05.02 04:47:44 INFO  no build target found for C:\Users\Mouhammad Toure\Videos\BookRecommender\BookRecommender\src\server\Server.java. Using fallback presentation compiler.
2026.05.02 04:47:46 INFO  no build target found for C:\Users\Mouhammad Toure\Videos\BookRecommender\BookRecommender\src\server\Server.java. Using fallback presentation compiler.
2026.05.02 04:47:46 INFO  no build target found for C:\Users\Mouhammad Toure\Videos\BookRecommender\BookRecommender\src\server\Server.java. Using fallback presentation compiler.
2026.05.02 04:47:46 INFO  no build target found for C:\Users\Mouhammad Toure\Videos\BookRecommender\BookRecommender\src\server\Server.java. Using fallback presentation compiler.
2026.05.02 04:47:47 INFO  no build target found for C:\Users\Mouhammad Toure\Videos\BookRecommender\BookRecommender\src\server\Server.java. Using fallback presentation compiler.
2026.05.02 04:47:47 INFO  no build target found for C:\Users\Mouhammad Toure\Videos\BookRecommender\BookRecommender\src\server\Server.java. Using fallback presentation compiler.
2026.05.02 04:47:47 INFO  no build target found for C:\Users\Mouhammad Toure\Videos\BookRecommender\BookRecommender\src\server\Server.java. Using fallback presentation compiler.
2026.05.02 04:47:47 INFO  no build target found for C:\Users\Mouhammad Toure\Videos\BookRecommender\BookRecommender\src\server\Server.java. Using fallback presentation compiler.
2026.05.02 04:47:48 INFO  no build target found for C:\Users\Mouhammad Toure\Videos\BookRecommender\BookRecommender\src\server\Server.java. Using fallback presentation compiler.
2026.05.02 04:47:48 INFO  no build target found for C:\Users\Mouhammad Toure\Videos\BookRecommender\BookRecommender\src\server\Server.java. Using fallback presentation compiler.
2026.05.02 04:47:48 INFO  no build target found for C:\Users\Mouhammad Toure\Videos\BookRecommender\BookRecommender\src\server\Server.java. Using fallback presentation compiler.
2026.05.02 04:47:50 INFO  no build target found for C:\Users\Mouhammad Toure\Videos\BookRecommender\BookRecommender\src\server\Server.java. Using fallback presentation compiler.
2026.05.02 04:47:50 INFO  no build target found for C:\Users\Mouhammad Toure\Videos\BookRecommender\BookRecommender\src\server\Server.java. Using fallback presentation compiler.
2026.05.02 04:47:51 INFO  no build target found for C:\Users\Mouhammad Toure\Videos\BookRecommender\BookRecommender\src\server\Server.java. Using fallback presentation compiler.
2026.05.02 04:47:57 INFO  no build target found for C:\Users\Mouhammad Toure\Videos\BookRecommender\BookRecommender\src\bookrecommender\BookRecommender.java. Using fallback presentation compiler.
2026.05.02 04:47:58 WARN  no build target for: C:\Users\Mouhammad Toure\Videos\BookRecommender\BookRecommender\src\bookrecommender\BookRecommender.java
mag 02, 2026 4:47:58 AM org.eclipse.lsp4j.jsonrpc.RemoteEndpoint handleCancellation
AVVERTENZA: Unmatched cancel notification for request id 3911
2026.05.02 04:47:57 INFO  no build target found for C:\Users\Mouhammad Toure\Videos\BookRecommender\BookRecommender\src\bookrecommender\BookRecommender.java. Using fallback presentation compiler.
2026.05.02 04:47:59 WARN  Running javac-semanticdb failed for file:///C:/Users/Mouhammad%20Toure/Videos/BookRecommender/BookRecommender/src/bookrecommender/BookRecommender.java. Output:

mag 02, 2026 4:48:00 AM org.eclipse.lsp4j.jsonrpc.RemoteEndpoint handleCancellation
AVVERTENZA: Unmatched cancel notification for request id 3913
2026.05.02 04:48:00 INFO  no build target found for C:\Users\Mouhammad Toure\Videos\BookRecommender\BookRecommender\src\bookrecommender\BookRecommender.java. Using fallback presentation compiler.
2026.05.02 04:48:00 INFO  no build target found for C:\Users\Mouhammad Toure\Videos\BookRecommender\BookRecommender\src\bookrecommender\BookRecommender.java. Using fallback presentation compiler.
2026.05.02 04:48:00 INFO  no build target found for C:\Users\Mouhammad Toure\Videos\BookRecommender\BookRecommender\src\bookrecommender\BookRecommender.java. Using fallback presentation compiler.
2026.05.02 04:48:02 INFO  no build target found for C:\Users\Mouhammad Toure\Videos\BookRecommender\BookRecommender\src\bookrecommender\BookRecommender.java. Using fallback presentation compiler.
2026.05.02 04:48:03 INFO  no build target found for C:\Users\Mouhammad Toure\Videos\BookRecommender\BookRecommender\src\bookrecommender\BookRecommender.java. Using fallback presentation compiler.
2026.05.02 04:48:03 INFO  no build target found for C:\Users\Mouhammad Toure\Videos\BookRecommender\BookRecommender\src\bookrecommender\BookRecommender.java. Using fallback presentation compiler.
mag 02, 2026 4:48:04 AM org.eclipse.lsp4j.jsonrpc.RemoteEndpoint handleCancellation
AVVERTENZA: Unmatched cancel notification for request id 3923
2026.05.02 04:48:12 INFO  no build target found for C:\Users\Mouhammad Toure\Videos\BookRecommender\BookRecommender\src\bookrecommender\BookRecommender.java. Using fallback presentation compiler.
2026.05.02 04:48:20 INFO  no build target found for C:\Users\Mouhammad Toure\Videos\BookRecommender\BookRecommender\src\bookrecommender\BookRecommender.java. Using fallback presentation compiler.
2026.05.02 04:48:27 INFO  no build target found for C:\Users\Mouhammad Toure\Videos\BookRecommender\BookRecommender\src\bookrecommender\BookRecommender.java. Using fallback presentation compiler.
2026.05.02 04:48:28 INFO  no build target found for C:\Users\Mouhammad Toure\Videos\BookRecommender\BookRecommender\src\bookrecommender\BookRecommender.java. Using fallback presentation compiler.
2026.05.02 04:48:28 INFO  no build target found for C:\Users\Mouhammad Toure\Videos\BookRecommender\BookRecommender\src\bookrecommender\BookRecommender.java. Using fallback presentation compiler.
2026.05.02 04:57:43 INFO  Shutting down server
2026.05.02 04:57:43 INFO  Memory monitor stopped
2026.05.02 04:57:43 INFO  shutting down Metals
2026.05.02 05:07:17 INFO  tracing is disabled for protocol LSP, to enable tracing of incoming and outgoing JSON messages create an empty file at c:\Users\Mouhammad Toure\OneDrive - Università degli Studi dell'Insubria\Documents\GitHub\BookRecommender\BookRecommender\.metals\lsp.trace.json or C:\Users\Mouhammad Toure\AppData\Local\scalameta\metals\cache\lsp.trace.json
2026.05.02 05:07:37 INFO  logging to files C:\Users\Mouhammad Toure\OneDrive - Università degli Studi dell'Insubria\Documents\GitHub\BookRecommender\BookRecommender\.metals\metals.log
2026.05.02 05:07:37 INFO  Started: Metals version 1.6.7 in folders 'C:\Users\Mouhammad Toure\OneDrive - Università degli Studi dell'Insubria\Documents\GitHub\BookRecommender\BookRecommender' for client Visual Studio Code 1.117.0.
2026.05.02 05:07:38 INFO  time: initialize in 0.58s
2026.05.02 05:07:42 INFO  Memory monitor started
2026.05.02 05:07:56 WARN  Using H2 2.4.240 which is newer than the version Flyway has been verified with. The latest verified version of H2 is 2.3.232.
2026.05.02 05:07:59 INFO  no build target found for C:\Users\Mouhammad Toure\OneDrive - Università degli Studi dell'Insubria\Documents\GitHub\BookRecommender\BookRecommender\BookRecommender\src\bookrecommender\Client.java. Using fallback presentation compiler.
2026.05.02 05:08:01 WARN  no build tool detected in workspace 'C:\Users\Mouhammad Toure\OneDrive - Università degli Studi dell'Insubria\Documents\GitHub\BookRecommender\BookRecommender'. The most common cause for this problem is that the editor was opened in the wrong working directory, for example if you use sbt then the workspace directory should contain build.sbt. 
2026.05.02 05:08:01 WARN  Build server is not auto-connectable.
2026.05.02 05:08:02 WARN  no build target for: C:\Users\Mouhammad Toure\OneDrive - Università degli Studi dell'Insubria\Documents\GitHub\BookRecommender\BookRecommender\BookRecommender\src\bookrecommender\Client.java
2026.05.02 05:08:09 INFO  no build target found for C:\Users\Mouhammad Toure\OneDrive - Università degli Studi dell'Insubria\Documents\GitHub\BookRecommender\BookRecommender\BookRecommender\src\bookrecommender\Client.java. Using fallback presentation compiler.
mag 02, 2026 5:08:09 AM org.eclipse.lsp4j.jsonrpc.RemoteEndpoint handleCancellation
AVVERTENZA: Unmatched cancel notification for request id 2
2026.05.02 05:08:09 INFO  no build target found for C:\Users\Mouhammad Toure\OneDrive - Università degli Studi dell'Insubria\Documents\GitHub\BookRecommender\BookRecommender\BookRecommender\src\bookrecommender\Client.java. Using fallback presentation compiler.
2026.05.02 05:08:11 INFO  no build target found for C:\Users\Mouhammad Toure\OneDrive - Università degli Studi dell'Insubria\Documents\GitHub\BookRecommender\BookRecommender\BookRecommender\src\bookrecommender\Client.java. Using fallback presentation compiler.
2026.05.02 05:08:20 WARN  Running javac-semanticdb failed for file:///C:/Users/Mouhammad%20Toure/OneDrive%20-%20Università%20degli%20Studi%20dell'Insubria/Documents/GitHub/BookRecommender/BookRecommender/BookRecommender/src/bookrecommender/Client.java. Output:

2026.05.02 05:08:20 INFO  time: code lens generation in 9.32s
2026.05.02 05:08:22 INFO  no build target found for C:\Users\Mouhammad Toure\OneDrive - Università degli Studi dell'Insubria\Documents\GitHub\BookRecommender\BookRecommender\BookRecommender\src\bookrecommender\Client.java. Using fallback presentation compiler.
2026.05.02 05:08:45 INFO  no build target found for C:\Users\Mouhammad Toure\OneDrive - Università degli Studi dell'Insubria\Documents\GitHub\BookRecommender\BookRecommender\BookRecommender\src\bookrecommender\Client.java. Using fallback presentation compiler.
2026.05.02 05:08:52 WARN  no build target for: C:\Users\Mouhammad Toure\OneDrive - Università degli Studi dell'Insubria\Documents\GitHub\BookRecommender\BookRecommender\BookRecommender\src\server\Server.java
2026.05.02 05:08:52 INFO  no build target found for C:\Users\Mouhammad Toure\OneDrive - Università degli Studi dell'Insubria\Documents\GitHub\BookRecommender\BookRecommender\BookRecommender\src\server\Server.java. Using fallback presentation compiler.
2026.05.02 05:08:57 WARN  Running javac-semanticdb failed for file:///C:/Users/Mouhammad%20Toure/OneDrive%20-%20Università%20degli%20Studi%20dell'Insubria/Documents/GitHub/BookRecommender/BookRecommender/BookRecommender/src/server/Server.java. Output:

2026.05.02 05:08:58 WARN  no build target for: C:\Users\Mouhammad Toure\OneDrive - Università degli Studi dell'Insubria\Documents\GitHub\BookRecommender\BookRecommender\BookRecommender\src\server\Server.java
2026.05.02 05:08:58 INFO  no build target found for C:\Users\Mouhammad Toure\OneDrive - Università degli Studi dell'Insubria\Documents\GitHub\BookRecommender\BookRecommender\BookRecommender\src\server\Server.java. Using fallback presentation compiler.
2026.05.02 05:08:58 INFO  no build target found for C:\Users\Mouhammad Toure\OneDrive - Università degli Studi dell'Insubria\Documents\GitHub\BookRecommender\BookRecommender\BookRecommender\src\server\Server.java. Using fallback presentation compiler.
mag 02, 2026 5:09:00 AM org.eclipse.lsp4j.jsonrpc.RemoteEndpoint handleCancellation
AVVERTENZA: Unmatched cancel notification for request id 13
2026.05.02 05:09:01 INFO  no build target found for C:\Users\Mouhammad Toure\OneDrive - Università degli Studi dell'Insubria\Documents\GitHub\BookRecommender\BookRecommender\BookRecommender\src\bookrecommender\Client.java. Using fallback presentation compiler.
2026.05.02 05:09:19 INFO  no build target found for C:\Users\Mouhammad Toure\OneDrive - Università degli Studi dell'Insubria\Documents\GitHub\BookRecommender\BookRecommender\BookRecommender\src\server\Server.java. Using fallback presentation compiler.
2026.05.02 05:09:34 WARN  no build target for: C:\Users\Mouhammad Toure\OneDrive - Università degli Studi dell'Insubria\Documents\GitHub\BookRecommender\BookRecommender\BookRecommender\src\bookrecommender\BookRecommender.java
2026.05.02 05:09:35 INFO  no build target found for C:\Users\Mouhammad Toure\OneDrive - Università degli Studi dell'Insubria\Documents\GitHub\BookRecommender\BookRecommender\BookRecommender\src\bookrecommender\BookRecommender.java. Using fallback presentation compiler.
2026.05.02 05:09:46 INFO  no build target found for C:\Users\Mouhammad Toure\OneDrive - Università degli Studi dell'Insubria\Documents\GitHub\BookRecommender\BookRecommender\BookRecommender\src\bookrecommender\BookRecommender.java. Using fallback presentation compiler.
2026.05.02 05:09:47 INFO  no build target found for C:\Users\Mouhammad Toure\OneDrive - Università degli Studi dell'Insubria\Documents\GitHub\BookRecommender\BookRecommender\BookRecommender\src\bookrecommender\BookRecommender.java. Using fallback presentation compiler.
2026.05.02 05:09:47 WARN  no build target for: C:\Users\Mouhammad Toure\OneDrive - Università degli Studi dell'Insubria\Documents\GitHub\BookRecommender\BookRecommender\BookRecommender\src\bookrecommender\BookRecommender.java
2026.05.02 05:09:51 WARN  Running javac-semanticdb failed for file:///C:/Users/Mouhammad%20Toure/OneDrive%20-%20Università%20degli%20Studi%20dell'Insubria/Documents/GitHub/BookRecommender/BookRecommender/BookRecommender/src/bookrecommender/BookRecommender.java. Output:

mag 02, 2026 5:09:51 AM org.eclipse.lsp4j.jsonrpc.RemoteEndpoint handleCancellation
AVVERTENZA: Unmatched cancel notification for request id 23
2026.05.02 05:09:51 INFO  no build target found for C:\Users\Mouhammad Toure\OneDrive - Università degli Studi dell'Insubria\Documents\GitHub\BookRecommender\BookRecommender\BookRecommender\src\bookrecommender\BookRecommender.java. Using fallback presentation compiler.
mag 02, 2026 5:09:56 AM org.eclipse.lsp4j.jsonrpc.RemoteEndpoint handleCancellation
AVVERTENZA: Unmatched cancel notification for request id 30
mag 02, 2026 5:09:56 AM org.eclipse.lsp4j.jsonrpc.RemoteEndpoint handleCancellation
AVVERTENZA: Unmatched cancel notification for request id 26
2026.05.02 05:09:56 INFO  no build target found for C:\Users\Mouhammad Toure\OneDrive - Università degli Studi dell'Insubria\Documents\GitHub\BookRecommender\BookRecommender\BookRecommender\src\bookrecommender\BookRecommender.java. Using fallback presentation compiler.
mag 02, 2026 5:10:02 AM org.eclipse.lsp4j.jsonrpc.RemoteEndpoint handleCancellation
AVVERTENZA: Unmatched cancel notification for request id 32
mag 02, 2026 5:10:15 AM org.eclipse.lsp4j.jsonrpc.RemoteEndpoint handleCancellation
AVVERTENZA: Unmatched cancel notification for request id 33
mag 02, 2026 5:10:16 AM org.eclipse.lsp4j.jsonrpc.RemoteEndpoint handleCancellation
AVVERTENZA: Unmatched cancel notification for request id 27
mag 02, 2026 5:10:16 AM org.eclipse.lsp4j.jsonrpc.RemoteEndpoint handleCancellation
AVVERTENZA: Unmatched cancel notification for request id 29
2026.05.02 05:10:17 INFO  no build target found for C:\Users\Mouhammad Toure\OneDrive - Università degli Studi dell'Insubria\Documents\GitHub\BookRecommender\BookRecommender\BookRecommender\src\bookrecommender\BookRecommender.java. Using fallback presentation compiler.
2026.05.02 05:10:19 INFO  no build target found for C:\Users\Mouhammad Toure\OneDrive - Università degli Studi dell'Insubria\Documents\GitHub\BookRecommender\BookRecommender\BookRecommender\src\bookrecommender\BookRecommender.java. Using fallback presentation compiler.
2026.05.02 05:10:24 INFO  no build target found for C:\Users\Mouhammad Toure\OneDrive - Università degli Studi dell'Insubria\Documents\GitHub\BookRecommender\BookRecommender\BookRecommender\src\bookrecommender\BookRecommender.java. Using fallback presentation compiler.
2026.05.02 05:10:29 INFO  no build target found for C:\Users\Mouhammad Toure\OneDrive - Università degli Studi dell'Insubria\Documents\GitHub\BookRecommender\BookRecommender\BookRecommender\src\server\Server.java. Using fallback presentation compiler.
2026.05.02 05:10:30 INFO  no build target found for C:\Users\Mouhammad Toure\OneDrive - Università degli Studi dell'Insubria\Documents\GitHub\BookRecommender\BookRecommender\BookRecommender\src\server\Server.java. Using fallback presentation compiler.
2026.05.02 05:10:31 WARN  no build target for: C:\Users\Mouhammad Toure\OneDrive - Università degli Studi dell'Insubria\Documents\GitHub\BookRecommender\BookRecommender\BookRecommender\src\server\Server.java
2026.05.02 05:10:33 INFO  no build target found for C:\Users\Mouhammad Toure\OneDrive - Università degli Studi dell'Insubria\Documents\GitHub\BookRecommender\BookRecommender\BookRecommender\src\server\Server.java. Using fallback presentation compiler.
2026.05.02 05:10:34 INFO  no build target found for C:\Users\Mouhammad Toure\OneDrive - Università degli Studi dell'Insubria\Documents\GitHub\BookRecommender\BookRecommender\BookRecommender\src\server\Server.java. Using fallback presentation compiler.
2026.05.02 05:10:34 INFO  no build target found for C:\Users\Mouhammad Toure\OneDrive - Università degli Studi dell'Insubria\Documents\GitHub\BookRecommender\BookRecommender\BookRecommender\src\server\Server.java. Using fallback presentation compiler.
mag 02, 2026 5:10:35 AM org.eclipse.lsp4j.jsonrpc.RemoteEndpoint handleCancellation
AVVERTENZA: Unmatched cancel notification for request id 34
mag 02, 2026 5:10:35 AM org.eclipse.lsp4j.jsonrpc.RemoteEndpoint handleCancellation
AVVERTENZA: Unmatched cancel notification for request id 35
mag 02, 2026 5:10:35 AM org.eclipse.lsp4j.jsonrpc.RemoteEndpoint handleCancellation
AVVERTENZA: Unmatched cancel notification for request id 36
mag 02, 2026 5:10:35 AM org.eclipse.lsp4j.jsonrpc.RemoteEndpoint handleCancellation
AVVERTENZA: Unmatched cancel notification for request id 37
mag 02, 2026 5:10:35 AM org.eclipse.lsp4j.jsonrpc.RemoteEndpoint handleCancellation
AVVERTENZA: Unmatched cancel notification for request id 38
mag 02, 2026 5:10:35 AM org.eclipse.lsp4j.jsonrpc.RemoteEndpoint handleCancellation
AVVERTENZA: Unmatched cancel notification for request id 39
mag 02, 2026 5:10:35 AM org.eclipse.lsp4j.jsonrpc.RemoteEndpoint handleCancellation
AVVERTENZA: Unmatched cancel notification for request id 43
mag 02, 2026 5:10:35 AM org.eclipse.lsp4j.jsonrpc.RemoteEndpoint handleCancellation
AVVERTENZA: Unmatched cancel notification for request id 44
2026.05.02 05:10:36 INFO  no build target found for C:\Users\Mouhammad Toure\OneDrive - Università degli Studi dell'Insubria\Documents\GitHub\BookRecommender\BookRecommender\BookRecommender\src\server\Server.java. Using fallback presentation compiler.
2026.05.02 05:10:36 INFO  no build target found for C:\Users\Mouhammad Toure\OneDrive - Università degli Studi dell'Insubria\Documents\GitHub\BookRecommender\BookRecommender\BookRecommender\src\server\Server.java. Using fallback presentation compiler.
2026.05.02 05:10:37 INFO  no build target found for C:\Users\Mouhammad Toure\OneDrive - Università degli Studi dell'Insubria\Documents\GitHub\BookRecommender\BookRecommender\BookRecommender\src\server\Server.java. Using fallback presentation compiler.
2026.05.02 05:10:37 INFO  no build target found for C:\Users\Mouhammad Toure\OneDrive - Università degli Studi dell'Insubria\Documents\GitHub\BookRecommender\BookRecommender\BookRecommender\src\server\Server.java. Using fallback presentation compiler.
mag 02, 2026 5:10:38 AM org.eclipse.lsp4j.jsonrpc.RemoteEndpoint handleCancellation
AVVERTENZA: Unmatched cancel notification for request id 51
mag 02, 2026 5:10:38 AM org.eclipse.lsp4j.jsonrpc.RemoteEndpoint handleCancellation
AVVERTENZA: Unmatched cancel notification for request id 52
mag 02, 2026 5:10:38 AM org.eclipse.lsp4j.jsonrpc.RemoteEndpoint handleCancellation
AVVERTENZA: Unmatched cancel notification for request id 42
mag 02, 2026 5:10:38 AM org.eclipse.lsp4j.jsonrpc.RemoteEndpoint handleCancellation
AVVERTENZA: Unmatched cancel notification for request id 40
mag 02, 2026 5:10:38 AM org.eclipse.lsp4j.jsonrpc.RemoteEndpoint handleCancellation
AVVERTENZA: Unmatched cancel notification for request id 48
2026.05.02 05:10:38 INFO  no build target found for C:\Users\Mouhammad Toure\OneDrive - Università degli Studi dell'Insubria\Documents\GitHub\BookRecommender\BookRecommender\BookRecommender\src\bookrecommender\BookRecommender.java. Using fallback presentation compiler.
2026.05.02 05:10:41 WARN  no build target for: C:\Users\Mouhammad Toure\OneDrive - Università degli Studi dell'Insubria\Documents\GitHub\BookRecommender\BookRecommender\BookRecommender\src\bookrecommender\BookRecommender.java
mag 02, 2026 5:10:41 AM org.eclipse.lsp4j.jsonrpc.RemoteEndpoint handleCancellation
AVVERTENZA: Unmatched cancel notification for request id 53
2026.05.02 05:10:41 INFO  no build target found for C:\Users\Mouhammad Toure\OneDrive - Università degli Studi dell'Insubria\Documents\GitHub\BookRecommender\BookRecommender\BookRecommender\src\bookrecommender\BookRecommender.java. Using fallback presentation compiler.
mag 02, 2026 5:10:44 AM org.eclipse.lsp4j.jsonrpc.RemoteEndpoint handleCancellation
AVVERTENZA: Unmatched cancel notification for request id 57
2026.05.02 05:10:44 INFO  no build target found for C:\Users\Mouhammad Toure\OneDrive - Università degli Studi dell'Insubria\Documents\GitHub\BookRecommender\BookRecommender\BookRecommender\src\bookrecommender\BookRecommender.java. Using fallback presentation compiler.
2026.05.02 05:10:44 INFO  no build target found for C:\Users\Mouhammad Toure\OneDrive - Università degli Studi dell'Insubria\Documents\GitHub\BookRecommender\BookRecommender\BookRecommender\src\bookrecommender\BookRecommender.java. Using fallback presentation compiler.
mag 02, 2026 5:10:44 AM org.eclipse.lsp4j.jsonrpc.RemoteEndpoint handleCancellation
AVVERTENZA: Unmatched cancel notification for request id 59
mag 02, 2026 5:10:44 AM org.eclipse.lsp4j.jsonrpc.RemoteEndpoint handleCancellation
AVVERTENZA: Unmatched cancel notification for request id 55
mag 02, 2026 5:10:44 AM org.eclipse.lsp4j.jsonrpc.RemoteEndpoint handleCancellation
AVVERTENZA: Unmatched cancel notification for request id 56
2026.05.02 05:10:44 INFO  no build target found for C:\Users\Mouhammad Toure\OneDrive - Università degli Studi dell'Insubria\Documents\GitHub\BookRecommender\BookRecommender\BookRecommender\src\server\InterfaceImpl.java. Using fallback presentation compiler.
2026.05.02 05:10:44 WARN  no build target for: C:\Users\Mouhammad Toure\OneDrive - Università degli Studi dell'Insubria\Documents\GitHub\BookRecommender\BookRecommender\BookRecommender\src\server\InterfaceImpl.java
2026.05.02 05:10:45 WARN  Running javac-semanticdb failed for file:///C:/Users/Mouhammad%20Toure/OneDrive%20-%20Università%20degli%20Studi%20dell'Insubria/Documents/GitHub/BookRecommender/BookRecommender/BookRecommender/src/server/InterfaceImpl.java. Output:

2026.05.02 05:10:45 INFO  no build target found for C:\Users\Mouhammad Toure\OneDrive - Università degli Studi dell'Insubria\Documents\GitHub\BookRecommender\BookRecommender\BookRecommender\src\server\InterfaceImpl.java. Using fallback presentation compiler.
2026.05.02 05:10:46 INFO  no build target found for C:\Users\Mouhammad Toure\OneDrive - Università degli Studi dell'Insubria\Documents\GitHub\BookRecommender\BookRecommender\BookRecommender\src\server\InterfaceImpl.java. Using fallback presentation compiler.
mag 02, 2026 5:10:46 AM org.eclipse.lsp4j.jsonrpc.RemoteEndpoint handleCancellation
AVVERTENZA: Unmatched cancel notification for request id 60
mag 02, 2026 5:10:46 AM org.eclipse.lsp4j.jsonrpc.RemoteEndpoint handleCancellation
AVVERTENZA: Unmatched cancel notification for request id 63
2026.05.02 05:10:46 INFO  no build target found for C:\Users\Mouhammad Toure\OneDrive - Università degli Studi dell'Insubria\Documents\GitHub\BookRecommender\BookRecommender\BookRecommender\src\server\InterfaceImpl.java. Using fallback presentation compiler.
mag 02, 2026 5:10:47 AM org.eclipse.lsp4j.jsonrpc.RemoteEndpoint handleCancellation
AVVERTENZA: Unmatched cancel notification for request id 68
2026.05.02 05:10:47 INFO  no build target found for C:\Users\Mouhammad Toure\OneDrive - Università degli Studi dell'Insubria\Documents\GitHub\BookRecommender\BookRecommender\BookRecommender\src\server\InterfaceImpl.java. Using fallback presentation compiler.
2026.05.02 05:10:47 INFO  no build target found for C:\Users\Mouhammad Toure\OneDrive - Università degli Studi dell'Insubria\Documents\GitHub\BookRecommender\BookRecommender\BookRecommender\src\server\InterfaceImpl.java. Using fallback presentation compiler.
2026.05.02 05:10:49 INFO  no build target found for C:\Users\Mouhammad Toure\OneDrive - Università degli Studi dell'Insubria\Documents\GitHub\BookRecommender\BookRecommender\BookRecommender\src\bookrecommender\BookRecommender.java. Using fallback presentation compiler.
mag 02, 2026 5:10:51 AM org.eclipse.lsp4j.jsonrpc.RemoteEndpoint handleCancellation
AVVERTENZA: Unmatched cancel notification for request id 71
2026.05.02 05:10:52 WARN  no build target for: C:\Users\Mouhammad Toure\OneDrive - Università degli Studi dell'Insubria\Documents\GitHub\BookRecommender\BookRecommender\BookRecommender\src\bookrecommender\BookRecommender.java
2026.05.02 05:10:54 INFO  no build target found for C:\Users\Mouhammad Toure\OneDrive - Università degli Studi dell'Insubria\Documents\GitHub\BookRecommender\BookRecommender\BookRecommender\src\bookrecommender\BookRecommender.java. Using fallback presentation compiler.
mag 02, 2026 5:10:57 AM org.eclipse.lsp4j.jsonrpc.RemoteEndpoint handleCancellation
AVVERTENZA: Unmatched cancel notification for request id 75
2026.05.02 05:11:02 INFO  no build target found for C:\Users\Mouhammad Toure\OneDrive - Università degli Studi dell'Insubria\Documents\GitHub\BookRecommender\BookRecommender\BookRecommender\src\bookrecommender\BookRecommender.java. Using fallback presentation compiler.
mag 02, 2026 5:11:02 AM org.eclipse.lsp4j.jsonrpc.RemoteEndpoint handleCancellation
AVVERTENZA: Unmatched cancel notification for request id 77
2026.05.02 05:11:02 INFO  no build target found for C:\Users\Mouhammad Toure\OneDrive - Università degli Studi dell'Insubria\Documents\GitHub\BookRecommender\BookRecommender\BookRecommender\src\bookrecommender\BookRecommender.java. Using fallback presentation compiler.
2026.05.02 05:11:09 INFO  no build target found for C:\Users\Mouhammad Toure\OneDrive - Università degli Studi dell'Insubria\Documents\GitHub\BookRecommender\BookRecommender\BookRecommender\src\bookrecommender\BookRecommender.java. Using fallback presentation compiler.
2026.05.02 05:11:11 INFO  no build target found for C:\Users\Mouhammad Toure\OneDrive - Università degli Studi dell'Insubria\Documents\GitHub\BookRecommender\BookRecommender\BookRecommender\src\bookrecommender\BookRecommender.java. Using fallback presentation compiler.
mag 02, 2026 5:11:14 AM org.eclipse.lsp4j.jsonrpc.RemoteEndpoint handleCancellation
AVVERTENZA: Unmatched cancel notification for request id 82
2026.05.02 05:11:14 INFO  no build target found for C:\Users\Mouhammad Toure\OneDrive - Università degli Studi dell'Insubria\Documents\GitHub\BookRecommender\BookRecommender\BookRecommender\src\bookrecommender\BookRecommender.java. Using fallback presentation compiler.
mag 02, 2026 5:11:17 AM org.eclipse.lsp4j.jsonrpc.RemoteEndpoint handleCancellation
AVVERTENZA: Unmatched cancel notification for request id 83
2026.05.02 05:11:17 INFO  no build target found for C:\Users\Mouhammad Toure\OneDrive - Università degli Studi dell'Insubria\Documents\GitHub\BookRecommender\BookRecommender\BookRecommender\src\bookrecommender\BookRecommender.java. Using fallback presentation compiler.
mag 02, 2026 5:11:18 AM org.eclipse.lsp4j.jsonrpc.RemoteEndpoint handleCancellation
AVVERTENZA: Unmatched cancel notification for request id 84
2026.05.02 05:11:18 INFO  no build target found for C:\Users\Mouhammad Toure\OneDrive - Università degli Studi dell'Insubria\Documents\GitHub\BookRecommender\BookRecommender\BookRecommender\src\bookrecommender\BookRecommender.java. Using fallback presentation compiler.
mag 02, 2026 5:11:19 AM org.eclipse.lsp4j.jsonrpc.RemoteEndpoint handleCancellation
AVVERTENZA: Unmatched cancel notification for request id 85
2026.05.02 05:11:18 INFO  no build target found for C:\Users\Mouhammad Toure\OneDrive - Università degli Studi dell'Insubria\Documents\GitHub\BookRecommender\BookRecommender\BookRecommender\src\bookrecommender\BookRecommender.java. Using fallback presentation compiler.
mag 02, 2026 5:11:20 AM org.eclipse.lsp4j.jsonrpc.RemoteEndpoint handleCancellation
AVVERTENZA: Unmatched cancel notification for request id 86
2026.05.02 05:11:20 INFO  no build target found for C:\Users\Mouhammad Toure\OneDrive - Università degli Studi dell'Insubria\Documents\GitHub\BookRecommender\BookRecommender\BookRecommender\src\bookrecommender\BookRecommender.java. Using fallback presentation compiler.
mag 02, 2026 5:11:22 AM org.eclipse.lsp4j.jsonrpc.RemoteEndpoint handleCancellation
AVVERTENZA: Unmatched cancel notification for request id 87
2026.05.02 05:11:22 INFO  no build target found for C:\Users\Mouhammad Toure\OneDrive - Università degli Studi dell'Insubria\Documents\GitHub\BookRecommender\BookRecommender\BookRecommender\src\bookrecommender\BookRecommender.java. Using fallback presentation compiler.
mag 02, 2026 5:11:23 AM org.eclipse.lsp4j.jsonrpc.RemoteEndpoint handleCancellation
AVVERTENZA: Unmatched cancel notification for request id 88
2026.05.02 05:11:22 INFO  no build target found for C:\Users\Mouhammad Toure\OneDrive - Università degli Studi dell'Insubria\Documents\GitHub\BookRecommender\BookRecommender\BookRecommender\src\bookrecommender\BookRecommender.java. Using fallback presentation compiler.
mag 02, 2026 5:11:23 AM org.eclipse.lsp4j.jsonrpc.RemoteEndpoint handleCancellation
AVVERTENZA: Unmatched cancel notification for request id 89
2026.05.02 05:11:22 INFO  no build target found for C:\Users\Mouhammad Toure\OneDrive - Università degli Studi dell'Insubria\Documents\GitHub\BookRecommender\BookRecommender\BookRecommender\src\bookrecommender\BookRecommender.java. Using fallback presentation compiler.
2026.05.02 05:11:24 INFO  no build target found for C:\Users\Mouhammad Toure\OneDrive - Università degli Studi dell'Insubria\Documents\GitHub\BookRecommender\BookRecommender\BookRecommender\src\bookrecommender\BookRecommender.java. Using fallback presentation compiler.
2026.05.02 05:11:24 INFO  no build target found for C:\Users\Mouhammad Toure\OneDrive - Università degli Studi dell'Insubria\Documents\GitHub\BookRecommender\BookRecommender\BookRecommender\src\bookrecommender\BookRecommender.java. Using fallback presentation compiler.
mag 02, 2026 5:11:26 AM org.eclipse.lsp4j.jsonrpc.RemoteEndpoint handleCancellation
AVVERTENZA: Unmatched cancel notification for request id 92
2026.05.02 05:11:26 INFO  no build target found for C:\Users\Mouhammad Toure\OneDrive - Università degli Studi dell'Insubria\Documents\GitHub\BookRecommender\BookRecommender\BookRecommender\src\bookrecommender\BookRecommender.java. Using fallback presentation compiler.
2026.05.02 05:11:28 INFO  no build target found for C:\Users\Mouhammad Toure\OneDrive - Università degli Studi dell'Insubria\Documents\GitHub\BookRecommender\BookRecommender\BookRecommender\src\bookrecommender\BookRecommender.java. Using fallback presentation compiler.
2026.05.02 05:11:30 INFO  no build target found for C:\Users\Mouhammad Toure\OneDrive - Università degli Studi dell'Insubria\Documents\GitHub\BookRecommender\BookRecommender\BookRecommender\src\bookrecommender\BookRecommender.java. Using fallback presentation compiler.
mag 02, 2026 5:11:30 AM org.eclipse.lsp4j.jsonrpc.RemoteEndpoint handleCancellation
AVVERTENZA: Unmatched cancel notification for request id 95
2026.05.02 05:11:30 INFO  no build target found for C:\Users\Mouhammad Toure\OneDrive - Università degli Studi dell'Insubria\Documents\GitHub\BookRecommender\BookRecommender\BookRecommender\src\bookrecommender\BookRecommender.java. Using fallback presentation compiler.
2026.05.02 05:11:30 INFO  no build target found for C:\Users\Mouhammad Toure\OneDrive - Università degli Studi dell'Insubria\Documents\GitHub\BookRecommender\BookRecommender\BookRecommender\src\bookrecommender\BookRecommender.java. Using fallback presentation compiler.
mag 02, 2026 5:11:31 AM org.eclipse.lsp4j.jsonrpc.RemoteEndpoint handleCancellation
AVVERTENZA: Unmatched cancel notification for request id 97
2026.05.02 05:11:31 INFO  no build target found for C:\Users\Mouhammad Toure\OneDrive - Università degli Studi dell'Insubria\Documents\GitHub\BookRecommender\BookRecommender\BookRecommender\src\bookrecommender\BookRecommender.java. Using fallback presentation compiler.
mag 02, 2026 5:11:32 AM org.eclipse.lsp4j.jsonrpc.RemoteEndpoint handleCancellation
AVVERTENZA: Unmatched cancel notification for request id 98
2026.05.02 05:11:32 INFO  no build target found for C:\Users\Mouhammad Toure\OneDrive - Università degli Studi dell'Insubria\Documents\GitHub\BookRecommender\BookRecommender\BookRecommender\src\bookrecommender\BookRecommender.java. Using fallback presentation compiler.
mag 02, 2026 5:11:33 AM org.eclipse.lsp4j.jsonrpc.RemoteEndpoint handleCancellation
AVVERTENZA: Unmatched cancel notification for request id 99
2026.05.02 05:11:33 INFO  no build target found for C:\Users\Mouhammad Toure\OneDrive - Università degli Studi dell'Insubria\Documents\GitHub\BookRecommender\BookRecommender\BookRecommender\src\bookrecommender\BookRecommender.java. Using fallback presentation compiler.
mag 02, 2026 5:11:35 AM org.eclipse.lsp4j.jsonrpc.RemoteEndpoint handleCancellation
AVVERTENZA: Unmatched cancel notification for request id 100
2026.05.02 05:11:35 INFO  no build target found for C:\Users\Mouhammad Toure\OneDrive - Università degli Studi dell'Insubria\Documents\GitHub\BookRecommender\BookRecommender\BookRecommender\src\bookrecommender\BookRecommender.java. Using fallback presentation compiler.
mag 02, 2026 5:11:35 AM org.eclipse.lsp4j.jsonrpc.RemoteEndpoint handleCancellation
AVVERTENZA: Unmatched cancel notification for request id 101
2026.05.02 05:11:35 INFO  no build target found for C:\Users\Mouhammad Toure\OneDrive - Università degli Studi dell'Insubria\Documents\GitHub\BookRecommender\BookRecommender\BookRecommender\src\bookrecommender\BookRecommender.java. Using fallback presentation compiler.
2026.05.02 05:11:36 INFO  no build target found for C:\Users\Mouhammad Toure\OneDrive - Università degli Studi dell'Insubria\Documents\GitHub\BookRecommender\BookRecommender\BookRecommender\src\bookrecommender\BookRecommender.java. Using fallback presentation compiler.
2026.05.02 05:11:36 INFO  no build target found for C:\Users\Mouhammad Toure\OneDrive - Università degli Studi dell'Insubria\Documents\GitHub\BookRecommender\BookRecommender\BookRecommender\src\bookrecommender\BookRecommender.java. Using fallback presentation compiler.
mag 02, 2026 5:11:38 AM org.eclipse.lsp4j.jsonrpc.RemoteEndpoint handleCancellation
AVVERTENZA: Unmatched cancel notification for request id 104
2026.05.02 05:11:38 INFO  no build target found for C:\Users\Mouhammad Toure\OneDrive - Università degli Studi dell'Insubria\Documents\GitHub\BookRecommender\BookRecommender\BookRecommender\src\bookrecommender\BookRecommender.java. Using fallback presentation compiler.
2026.05.02 05:11:39 INFO  no build target found for C:\Users\Mouhammad Toure\OneDrive - Università degli Studi dell'Insubria\Documents\GitHub\BookRecommender\BookRecommender\BookRecommender\src\bookrecommender\BookRecommender.java. Using fallback presentation compiler.
mag 02, 2026 5:11:39 AM org.eclipse.lsp4j.jsonrpc.RemoteEndpoint handleCancellation
AVVERTENZA: Unmatched cancel notification for request id 105
mag 02, 2026 5:11:39 AM org.eclipse.lsp4j.jsonrpc.RemoteEndpoint handleCancellation
AVVERTENZA: Unmatched cancel notification for request id 106
2026.05.02 05:11:39 INFO  no build target found for C:\Users\Mouhammad Toure\OneDrive - Università degli Studi dell'Insubria\Documents\GitHub\BookRecommender\BookRecommender\BookRecommender\src\bookrecommender\BookRecommender.java. Using fallback presentation compiler.
mag 02, 2026 5:11:40 AM org.eclipse.lsp4j.jsonrpc.RemoteEndpoint handleCancellation
AVVERTENZA: Unmatched cancel notification for request id 107
2026.05.02 05:11:41 INFO  no build target found for C:\Users\Mouhammad Toure\OneDrive - Università degli Studi dell'Insubria\Documents\GitHub\BookRecommender\BookRecommender\BookRecommender\src\bookrecommender\BookRecommender.java. Using fallback presentation compiler.
mag 02, 2026 5:11:41 AM org.eclipse.lsp4j.jsonrpc.RemoteEndpoint handleCancellation
AVVERTENZA: Unmatched cancel notification for request id 110
2026.05.02 05:11:41 INFO  no build target found for C:\Users\Mouhammad Toure\OneDrive - Università degli Studi dell'Insubria\Documents\GitHub\BookRecommender\BookRecommender\BookRecommender\src\bookrecommender\BookRecommender.java. Using fallback presentation compiler.
2026.05.02 05:11:41 INFO  no build target found for C:\Users\Mouhammad Toure\OneDrive - Università degli Studi dell'Insubria\Documents\GitHub\BookRecommender\BookRecommender\BookRecommender\src\bookrecommender\BookRecommender.java. Using fallback presentation compiler.
mag 02, 2026 5:11:42 AM org.eclipse.lsp4j.jsonrpc.RemoteEndpoint handleCancellation
AVVERTENZA: Unmatched cancel notification for request id 115
mag 02, 2026 5:11:42 AM org.eclipse.lsp4j.jsonrpc.RemoteEndpoint handleCancellation
AVVERTENZA: Unmatched cancel notification for request id 113
2026.05.02 05:11:46 INFO  no build target found for C:\Users\Mouhammad Toure\OneDrive - Università degli Studi dell'Insubria\Documents\GitHub\BookRecommender\BookRecommender\BookRecommender\src\bookrecommender\BookRecommender.java. Using fallback presentation compiler.
2026.05.02 05:12:20 INFO  no build target found for C:\Users\Mouhammad Toure\OneDrive - Università degli Studi dell'Insubria\Documents\GitHub\BookRecommender\BookRecommender\BookRecommender\src\bookrecommender\BookRecommender.java. Using fallback presentation compiler.
mag 02, 2026 5:13:14 AM org.eclipse.lsp4j.jsonrpc.services.GenericEndpoint notify
INFORMAZIONI: Unsupported notification method: $/setTrace
mag 02, 2026 5:13:35 AM org.eclipse.lsp4j.jsonrpc.services.GenericEndpoint notify
INFORMAZIONI: Unsupported notification method: $/setTrace
2026.05.02 05:14:25 INFO  no build target found for C:\Users\Mouhammad Toure\OneDrive - Università degli Studi dell'Insubria\Documents\GitHub\BookRecommender\BookRecommender\BookRecommender\src\bookrecommender\BookRecommender.java. Using fallback presentation compiler.
2026.05.02 05:14:27 INFO  no build target found for C:\Users\Mouhammad Toure\OneDrive - Università degli Studi dell'Insubria\Documents\GitHub\BookRecommender\BookRecommender\BookRecommender\src\bookrecommender\BookRecommender.java. Using fallback presentation compiler.
mag 02, 2026 5:14:29 AM org.eclipse.lsp4j.jsonrpc.RemoteEndpoint handleCancellation
AVVERTENZA: Unmatched cancel notification for request id 126
2026.05.02 05:14:32 INFO  no build target found for C:\Users\Mouhammad Toure\OneDrive - Università degli Studi dell'Insubria\Documents\GitHub\BookRecommender\BookRecommender\BookRecommender\src\bookrecommender\BookRecommender.java. Using fallback presentation compiler.
2026.05.02 05:14:36 INFO  no build target found for C:\Users\Mouhammad Toure\OneDrive - Università degli Studi dell'Insubria\Documents\GitHub\BookRecommender\BookRecommender\BookRecommender\src\bookrecommender\BookRecommender.java. Using fallback presentation compiler.
mag 02, 2026 5:14:37 AM org.eclipse.lsp4j.jsonrpc.RemoteEndpoint handleCancellation
AVVERTENZA: Unmatched cancel notification for request id 129
2026.05.02 05:14:37 INFO  no build target found for C:\Users\Mouhammad Toure\OneDrive - Università degli Studi dell'Insubria\Documents\GitHub\BookRecommender\BookRecommender\BookRecommender\src\bookrecommender\BookRecommender.java. Using fallback presentation compiler.
2026.05.02 05:14:38 INFO  no build target found for C:\Users\Mouhammad Toure\OneDrive - Università degli Studi dell'Insubria\Documents\GitHub\BookRecommender\BookRecommender\BookRecommender\src\bookrecommender\BookRecommender.java. Using fallback presentation compiler.
2026.05.02 05:14:38 INFO  no build target found for C:\Users\Mouhammad Toure\OneDrive - Università degli Studi dell'Insubria\Documents\GitHub\BookRecommender\BookRecommender\BookRecommender\src\bookrecommender\Trasferimento.java. Using fallback presentation compiler.
2026.05.02 05:14:40 WARN  no build target for: C:\Users\Mouhammad Toure\OneDrive - Università degli Studi dell'Insubria\Documents\GitHub\BookRecommender\BookRecommender\BookRecommender\src\bookrecommender\Trasferimento.java
2026.05.02 05:14:41 INFO  no build target found for C:\Users\Mouhammad Toure\OneDrive - Università degli Studi dell'Insubria\Documents\GitHub\BookRecommender\BookRecommender\BookRecommender\src\bookrecommender\Trasferimento.java. Using fallback presentation compiler.
2026.05.02 05:14:41 INFO  no build target found for C:\Users\Mouhammad Toure\OneDrive - Università degli Studi dell'Insubria\Documents\GitHub\BookRecommender\BookRecommender\BookRecommender\src\bookrecommender\Trasferimento.java. Using fallback presentation compiler.
mag 02, 2026 5:14:42 AM org.eclipse.lsp4j.jsonrpc.RemoteEndpoint handleCancellation
AVVERTENZA: Unmatched cancel notification for request id 131
2026.05.02 05:14:42 WARN  Running javac-semanticdb failed for file:///C:/Users/Mouhammad%20Toure/OneDrive%20-%20Università%20degli%20Studi%20dell'Insubria/Documents/GitHub/BookRecommender/BookRecommender/BookRecommender/src/bookrecommender/Trasferimento.java. Output:

2026.05.02 05:14:42 INFO  no build target found for C:\Users\Mouhammad Toure\OneDrive - Università degli Studi dell'Insubria\Documents\GitHub\BookRecommender\BookRecommender\BookRecommender\src\bookrecommender\Trasferimento.java. Using fallback presentation compiler.
2026.05.02 05:14:43 INFO  no build target found for C:\Users\Mouhammad Toure\OneDrive - Università degli Studi dell'Insubria\Documents\GitHub\BookRecommender\BookRecommender\BookRecommender\src\bookrecommender\Trasferimento.java. Using fallback presentation compiler.
2026.05.02 05:14:45 INFO  no build target found for C:\Users\Mouhammad Toure\OneDrive - Università degli Studi dell'Insubria\Documents\GitHub\BookRecommender\BookRecommender\BookRecommender\src\bookrecommender\Trasferimento.java. Using fallback presentation compiler.
2026.05.02 05:14:49 INFO  no build target found for C:\Users\Mouhammad Toure\OneDrive - Università degli Studi dell'Insubria\Documents\GitHub\BookRecommender\BookRecommender\BookRecommender\src\bookrecommender\Trasferimento.java. Using fallback presentation compiler.
2026.05.02 05:15:29 INFO  no build target found for C:\Users\Mouhammad Toure\OneDrive - Università degli Studi dell'Insubria\Documents\GitHub\BookRecommender\BookRecommender\BookRecommender\src\bookrecommender\Trasferimento.java. Using fallback presentation compiler.
mag 02, 2026 5:15:30 AM org.eclipse.lsp4j.jsonrpc.RemoteEndpoint handleCancellation
AVVERTENZA: Unmatched cancel notification for request id 156
2026.05.02 05:15:37 INFO  no build target found for C:\Users\Mouhammad Toure\OneDrive - Università degli Studi dell'Insubria\Documents\GitHub\BookRecommender\BookRecommender\BookRecommender\src\bookrecommender\Trasferimento.java. Using fallback presentation compiler.
2026.05.02 05:15:46 INFO  no build target found for C:\Users\Mouhammad Toure\OneDrive - Università degli Studi dell'Insubria\Documents\GitHub\BookRecommender\BookRecommender\BookRecommender\src\bookrecommender\Trasferimento.java. Using fallback presentation compiler.
mag 02, 2026 5:15:46 AM org.eclipse.lsp4j.jsonrpc.RemoteEndpoint handleCancellation
AVVERTENZA: Unmatched cancel notification for request id 168
mag 02, 2026 5:15:47 AM org.eclipse.lsp4j.jsonrpc.RemoteEndpoint handleCancellation
AVVERTENZA: Unmatched cancel notification for request id 169
mag 02, 2026 5:15:47 AM org.eclipse.lsp4j.jsonrpc.RemoteEndpoint handleCancellation
AVVERTENZA: Unmatched cancel notification for request id 170
2026.05.02 05:15:51 INFO  no build target found for C:\Users\Mouhammad Toure\OneDrive - Università degli Studi dell'Insubria\Documents\GitHub\BookRecommender\BookRecommender\BookRecommender\src\bookrecommender\Trasferimento.java. Using fallback presentation compiler.
2026.05.02 05:15:59 INFO  no build target found for C:\Users\Mouhammad Toure\OneDrive - Università degli Studi dell'Insubria\Documents\GitHub\BookRecommender\BookRecommender\BookRecommender\src\server\InterfaceImpl.java. Using fallback presentation compiler.
2026.05.02 05:16:00 WARN  no build target for: C:\Users\Mouhammad Toure\OneDrive - Università degli Studi dell'Insubria\Documents\GitHub\BookRecommender\BookRecommender\BookRecommender\src\server\InterfaceImpl.java
2026.05.02 05:16:13 INFO  no build target found for C:\Users\Mouhammad Toure\OneDrive - Università degli Studi dell'Insubria\Documents\GitHub\BookRecommender\BookRecommender\BookRecommender\src\server\InterfaceImpl.java. Using fallback presentation compiler.
mag 02, 2026 5:16:14 AM org.eclipse.lsp4j.jsonrpc.RemoteEndpoint handleCancellation
AVVERTENZA: Unmatched cancel notification for request id 186
2026.05.02 05:16:14 INFO  no build target found for C:\Users\Mouhammad Toure\OneDrive - Università degli Studi dell'Insubria\Documents\GitHub\BookRecommender\BookRecommender\BookRecommender\src\server\InterfaceImpl.java. Using fallback presentation compiler.
2026.05.02 05:16:13 INFO  no build target found for C:\Users\Mouhammad Toure\OneDrive - Università degli Studi dell'Insubria\Documents\GitHub\BookRecommender\BookRecommender\BookRecommender\src\bookrecommender\Trasferimento.java. Using fallback presentation compiler.
2026.05.02 05:16:15 WARN  no build target for: C:\Users\Mouhammad Toure\OneDrive - Università degli Studi dell'Insubria\Documents\GitHub\BookRecommender\BookRecommender\BookRecommender\src\bookrecommender\Trasferimento.java
2026.05.02 05:16:15 INFO  no build target found for C:\Users\Mouhammad Toure\OneDrive - Università degli Studi dell'Insubria\Documents\GitHub\BookRecommender\BookRecommender\BookRecommender\src\bookrecommender\Trasferimento.java. Using fallback presentation compiler.
2026.05.02 05:16:16 INFO  no build target found for C:\Users\Mouhammad Toure\OneDrive - Università degli Studi dell'Insubria\Documents\GitHub\BookRecommender\BookRecommender\BookRecommender\src\bookrecommender\Trasferimento.java. Using fallback presentation compiler.
mag 02, 2026 5:16:16 AM org.eclipse.lsp4j.jsonrpc.RemoteEndpoint handleCancellation
AVVERTENZA: Unmatched cancel notification for request id 190
mag 02, 2026 5:16:16 AM org.eclipse.lsp4j.jsonrpc.RemoteEndpoint handleCancellation
AVVERTENZA: Unmatched cancel notification for request id 192
mag 02, 2026 5:16:17 AM org.eclipse.lsp4j.jsonrpc.RemoteEndpoint handleCancellation
AVVERTENZA: Unmatched cancel notification for request id 196
mag 02, 2026 5:16:18 AM org.eclipse.lsp4j.jsonrpc.RemoteEndpoint handleCancellation
AVVERTENZA: Unmatched cancel notification for request id 197
2026.05.02 05:16:19 INFO  no build target found for C:\Users\Mouhammad Toure\OneDrive - Università degli Studi dell'Insubria\Documents\GitHub\BookRecommender\BookRecommender\BookRecommender\src\bookrecommender\Trasferimento.java. Using fallback presentation compiler.
2026.05.02 05:16:20 INFO  no build target found for C:\Users\Mouhammad Toure\OneDrive - Università degli Studi dell'Insubria\Documents\GitHub\BookRecommender\BookRecommender\BookRecommender\src\bookrecommender\Trasferimento.java. Using fallback presentation compiler.
mag 02, 2026 5:16:21 AM org.eclipse.lsp4j.jsonrpc.RemoteEndpoint handleCancellation
AVVERTENZA: Unmatched cancel notification for request id 201
2026.05.02 05:16:20 INFO  no build target found for C:\Users\Mouhammad Toure\OneDrive - Università degli Studi dell'Insubria\Documents\GitHub\BookRecommender\BookRecommender\BookRecommender\src\bookrecommender\Trasferimento.java. Using fallback presentation compiler.
2026.05.02 05:16:22 INFO  no build target found for C:\Users\Mouhammad Toure\OneDrive - Università degli Studi dell'Insubria\Documents\GitHub\BookRecommender\BookRecommender\BookRecommender\src\bookrecommender\Trasferimento.java. Using fallback presentation compiler.
2026.05.02 05:16:22 INFO  no build target found for C:\Users\Mouhammad Toure\OneDrive - Università degli Studi dell'Insubria\Documents\GitHub\BookRecommender\BookRecommender\BookRecommender\src\bookrecommender\Trasferimento.java. Using fallback presentation compiler.
2026.05.02 05:16:23 INFO  no build target found for C:\Users\Mouhammad Toure\OneDrive - Università degli Studi dell'Insubria\Documents\GitHub\BookRecommender\BookRecommender\BookRecommender\src\bookrecommender\Trasferimento.java. Using fallback presentation compiler.
2026.05.02 05:16:23 INFO  no build target found for C:\Users\Mouhammad Toure\OneDrive - Università degli Studi dell'Insubria\Documents\GitHub\BookRecommender\BookRecommender\BookRecommender\src\bookrecommender\Trasferimento.java. Using fallback presentation compiler.
2026.05.02 05:16:24 INFO  no build target found for C:\Users\Mouhammad Toure\OneDrive - Università degli Studi dell'Insubria\Documents\GitHub\BookRecommender\BookRecommender\BookRecommender\src\bookrecommender\Trasferimento.java. Using fallback presentation compiler.
2026.05.02 05:16:24 INFO  no build target found for C:\Users\Mouhammad Toure\OneDrive - Università degli Studi dell'Insubria\Documents\GitHub\BookRecommender\BookRecommender\BookRecommender\src\bookrecommender\Trasferimento.java. Using fallback presentation compiler.
2026.05.02 05:16:25 INFO  no build target found for C:\Users\Mouhammad Toure\OneDrive - Università degli Studi dell'Insubria\Documents\GitHub\BookRecommender\BookRecommender\BookRecommender\src\bookrecommender\Trasferimento.java. Using fallback presentation compiler.
2026.05.02 05:16:29 INFO  no build target found for C:\Users\Mouhammad Toure\OneDrive - Università degli Studi dell'Insubria\Documents\GitHub\BookRecommender\BookRecommender\BookRecommender\src\bookrecommender\Trasferimento.java. Using fallback presentation compiler.
2026.05.02 05:16:29 INFO  no build target found for C:\Users\Mouhammad Toure\OneDrive - Università degli Studi dell'Insubria\Documents\GitHub\BookRecommender\BookRecommender\BookRecommender\src\bookrecommender\Trasferimento.java. Using fallback presentation compiler.
2026.05.02 05:16:29 INFO  no build target found for C:\Users\Mouhammad Toure\OneDrive - Università degli Studi dell'Insubria\Documents\GitHub\BookRecommender\BookRecommender\BookRecommender\src\bookrecommender\Trasferimento.java. Using fallback presentation compiler.
2026.05.02 05:16:30 INFO  no build target found for C:\Users\Mouhammad Toure\OneDrive - Università degli Studi dell'Insubria\Documents\GitHub\BookRecommender\BookRecommender\BookRecommender\src\bookrecommender\Trasferimento.java. Using fallback presentation compiler.
2026.05.02 05:16:30 INFO  no build target found for C:\Users\Mouhammad Toure\OneDrive - Università degli Studi dell'Insubria\Documents\GitHub\BookRecommender\BookRecommender\BookRecommender\src\bookrecommender\Trasferimento.java. Using fallback presentation compiler.
2026.05.02 05:16:30 INFO  no build target found for C:\Users\Mouhammad Toure\OneDrive - Università degli Studi dell'Insubria\Documents\GitHub\BookRecommender\BookRecommender\BookRecommender\src\bookrecommender\Trasferimento.java. Using fallback presentation compiler.
2026.05.02 05:16:33 INFO  no build target found for C:\Users\Mouhammad Toure\OneDrive - Università degli Studi dell'Insubria\Documents\GitHub\BookRecommender\BookRecommender\BookRecommender\src\bookrecommender\Trasferimento.java. Using fallback presentation compiler.
2026.05.02 05:16:33 INFO  no build target found for C:\Users\Mouhammad Toure\OneDrive - Università degli Studi dell'Insubria\Documents\GitHub\BookRecommender\BookRecommender\BookRecommender\src\bookrecommender\Trasferimento.java. Using fallback presentation compiler.
2026.05.02 05:16:33 INFO  no build target found for C:\Users\Mouhammad Toure\OneDrive - Università degli Studi dell'Insubria\Documents\GitHub\BookRecommender\BookRecommender\BookRecommender\src\bookrecommender\Trasferimento.java. Using fallback presentation compiler.
mag 02, 2026 5:17:05 AM org.eclipse.lsp4j.jsonrpc.RemoteEndpoint handleCancellation
AVVERTENZA: Unmatched cancel notification for request id 245
2026.05.02 05:17:06 INFO  no build target found for C:\Users\Mouhammad Toure\OneDrive - Università degli Studi dell'Insubria\Documents\GitHub\BookRecommender\BookRecommender\BookRecommender\src\bookrecommender\Trasferimento.java. Using fallback presentation compiler.
mag 02, 2026 5:17:07 AM org.eclipse.lsp4j.jsonrpc.RemoteEndpoint handleCancellation
AVVERTENZA: Unmatched cancel notification for request id 250
2026.05.02 05:17:07 INFO  no build target found for C:\Users\Mouhammad Toure\OneDrive - Università degli Studi dell'Insubria\Documents\GitHub\BookRecommender\BookRecommender\BookRecommender\src\bookrecommender\Trasferimento.java. Using fallback presentation compiler.
2026.05.02 05:17:09 INFO  no build target found for C:\Users\Mouhammad Toure\OneDrive - Università degli Studi dell'Insubria\Documents\GitHub\BookRecommender\BookRecommender\BookRecommender\src\bookrecommender\Trasferimento.java. Using fallback presentation compiler.
mag 02, 2026 5:17:09 AM org.eclipse.lsp4j.jsonrpc.RemoteEndpoint handleCancellation
AVVERTENZA: Unmatched cancel notification for request id 252
2026.05.02 05:17:09 INFO  no build target found for C:\Users\Mouhammad Toure\OneDrive - Università degli Studi dell'Insubria\Documents\GitHub\BookRecommender\BookRecommender\BookRecommender\src\bookrecommender\Trasferimento.java. Using fallback presentation compiler.
mag 02, 2026 5:17:10 AM org.eclipse.lsp4j.jsonrpc.RemoteEndpoint handleCancellation
AVVERTENZA: Unmatched cancel notification for request id 253
2026.05.02 05:17:10 INFO  no build target found for C:\Users\Mouhammad Toure\OneDrive - Università degli Studi dell'Insubria\Documents\GitHub\BookRecommender\BookRecommender\BookRecommender\src\bookrecommender\Trasferimento.java. Using fallback presentation compiler.
mag 02, 2026 5:17:11 AM org.eclipse.lsp4j.jsonrpc.RemoteEndpoint handleCancellation
AVVERTENZA: Unmatched cancel notification for request id 254
2026.05.02 05:17:10 INFO  no build target found for C:\Users\Mouhammad Toure\OneDrive - Università degli Studi dell'Insubria\Documents\GitHub\BookRecommender\BookRecommender\BookRecommender\src\bookrecommender\Trasferimento.java. Using fallback presentation compiler.
2026.05.02 05:18:10 INFO  no build target found for C:\Users\Mouhammad Toure\OneDrive - Università degli Studi dell'Insubria\Documents\GitHub\BookRecommender\BookRecommender\BookRecommender\src\bookrecommender\Trasferimento.java. Using fallback presentation compiler.
2026.05.02 05:18:56 INFO  no build target found for C:\Users\Mouhammad Toure\OneDrive - Università degli Studi dell'Insubria\Documents\GitHub\BookRecommender\BookRecommender\BookRecommender\src\bookrecommender\Trasferimento.java. Using fallback presentation compiler.
2026.05.02 05:18:56 INFO  no build target found for C:\Users\Mouhammad Toure\OneDrive - Università degli Studi dell'Insubria\Documents\GitHub\BookRecommender\BookRecommender\BookRecommender\src\bookrecommender\Trasferimento.java. Using fallback presentation compiler.
2026.05.02 05:18:56 INFO  no build target found for C:\Users\Mouhammad Toure\OneDrive - Università degli Studi dell'Insubria\Documents\GitHub\BookRecommender\BookRecommender\BookRecommender\src\bookrecommender\Trasferimento.java. Using fallback presentation compiler.
mag 02, 2026 5:18:57 AM org.eclipse.lsp4j.jsonrpc.RemoteEndpoint handleCancellation
AVVERTENZA: Unmatched cancel notification for request id 257
mag 02, 2026 5:18:57 AM org.eclipse.lsp4j.jsonrpc.RemoteEndpoint handleCancellation
AVVERTENZA: Unmatched cancel notification for request id 258
2026.05.02 05:19:06 INFO  no build target found for C:\Users\Mouhammad Toure\OneDrive - Università degli Studi dell'Insubria\Documents\GitHub\BookRecommender\BookRecommender\BookRecommender\src\bookrecommender\Trasferimento.java. Using fallback presentation compiler.
2026.05.02 05:19:08 INFO  no build target found for C:\Users\Mouhammad Toure\OneDrive - Università degli Studi dell'Insubria\Documents\GitHub\BookRecommender\BookRecommender\BookRecommender\src\bookrecommender\Trasferimento.java. Using fallback presentation compiler.
2026.05.02 05:19:27 WARN  no build target for: C:\Users\Mouhammad Toure\OneDrive - Università degli Studi dell'Insubria\Documents\GitHub\BookRecommender\BookRecommender\BookRecommender\src\bookrecommender\BookRecommender.java
2026.05.02 05:19:30 WARN  Running javac-semanticdb failed for file:///C:/Users/Mouhammad%20Toure/OneDrive%20-%20Università%20degli%20Studi%20dell'Insubria/Documents/GitHub/BookRecommender/BookRecommender/BookRecommender/src/bookrecommender/BookRecommender.java. Output:

2026.05.02 05:19:48 INFO  no build target found for C:\Users\Mouhammad Toure\OneDrive - Università degli Studi dell'Insubria\Documents\GitHub\BookRecommender\BookRecommender\BookRecommender\src\bookrecommender\Trasferimento.java. Using fallback presentation compiler.
2026.05.02 05:19:50 INFO  no build target found for C:\Users\Mouhammad Toure\OneDrive - Università degli Studi dell'Insubria\Documents\GitHub\BookRecommender\BookRecommender\BookRecommender\src\bookrecommender\Trasferimento.java. Using fallback presentation compiler.
2026.05.02 05:19:53 INFO  no build target found for C:\Users\Mouhammad Toure\OneDrive - Università degli Studi dell'Insubria\Documents\GitHub\BookRecommender\BookRecommender\BookRecommender\src\bookrecommender\Trasferimento.java. Using fallback presentation compiler.
mag 02, 2026 5:19:53 AM org.eclipse.lsp4j.jsonrpc.RemoteEndpoint handleCancellation
AVVERTENZA: Unmatched cancel notification for request id 268
2026.05.02 05:19:53 INFO  no build target found for C:\Users\Mouhammad Toure\OneDrive - Università degli Studi dell'Insubria\Documents\GitHub\BookRecommender\BookRecommender\BookRecommender\src\bookrecommender\Trasferimento.java. Using fallback presentation compiler.
2026.05.02 05:20:08 INFO  no build target found for C:\Users\Mouhammad Toure\OneDrive - Università degli Studi dell'Insubria\Documents\GitHub\BookRecommender\BookRecommender\BookRecommender\src\bookrecommender\BookRecommender.java. Using fallback presentation compiler.
2026.05.02 05:20:10 INFO  no build target found for C:\Users\Mouhammad Toure\OneDrive - Università degli Studi dell'Insubria\Documents\GitHub\BookRecommender\BookRecommender\BookRecommender\src\bookrecommender\BookRecommender.java. Using fallback presentation compiler.
2026.05.02 05:20:10 INFO  no build target found for C:\Users\Mouhammad Toure\OneDrive - Università degli Studi dell'Insubria\Documents\GitHub\BookRecommender\BookRecommender\BookRecommender\src\bookrecommender\BookRecommender.java. Using fallback presentation compiler.
2026.05.02 05:20:11 INFO  no build target found for C:\Users\Mouhammad Toure\OneDrive - Università degli Studi dell'Insubria\Documents\GitHub\BookRecommender\BookRecommender\BookRecommender\src\bookrecommender\BookRecommender.java. Using fallback presentation compiler.
2026.05.02 05:20:11 INFO  no build target found for C:\Users\Mouhammad Toure\OneDrive - Università degli Studi dell'Insubria\Documents\GitHub\BookRecommender\BookRecommender\BookRecommender\src\bookrecommender\BookRecommender.java. Using fallback presentation compiler.
2026.05.02 05:20:12 INFO  no build target found for C:\Users\Mouhammad Toure\OneDrive - Università degli Studi dell'Insubria\Documents\GitHub\BookRecommender\BookRecommender\BookRecommender\src\bookrecommender\BookRecommender.java. Using fallback presentation compiler.
2026.05.02 05:20:12 INFO  no build target found for C:\Users\Mouhammad Toure\OneDrive - Università degli Studi dell'Insubria\Documents\GitHub\BookRecommender\BookRecommender\BookRecommender\src\bookrecommender\Trasferimento.java. Using fallback presentation compiler.
2026.05.02 05:20:56 INFO  no build target found for C:\Users\Mouhammad Toure\OneDrive - Università degli Studi dell'Insubria\Documents\GitHub\BookRecommender\BookRecommender\BookRecommender\src\bookrecommender\Trasferimento.java. Using fallback presentation compiler.
2026.05.02 05:20:56 INFO  no build target found for C:\Users\Mouhammad Toure\OneDrive - Università degli Studi dell'Insubria\Documents\GitHub\BookRecommender\BookRecommender\BookRecommender\src\bookrecommender\BookRecommender.java. Using fallback presentation compiler.
2026.05.02 05:20:59 INFO  no build target found for C:\Users\Mouhammad Toure\OneDrive - Università degli Studi dell'Insubria\Documents\GitHub\BookRecommender\BookRecommender\BookRecommender\src\bookrecommender\BookRecommender.java. Using fallback presentation compiler.
2026.05.02 05:21:00 WARN  no build target for: C:\Users\Mouhammad Toure\OneDrive - Università degli Studi dell'Insubria\Documents\GitHub\BookRecommender\BookRecommender\BookRecommender\src\bookrecommender\BookRecommender.java
mag 02, 2026 5:21:02 AM org.eclipse.lsp4j.jsonrpc.RemoteEndpoint handleCancellation
AVVERTENZA: Unmatched cancel notification for request id 281
2026.05.02 05:21:02 INFO  no build target found for C:\Users\Mouhammad Toure\OneDrive - Università degli Studi dell'Insubria\Documents\GitHub\BookRecommender\BookRecommender\BookRecommender\src\bookrecommender\BookRecommender.java. Using fallback presentation compiler.
2026.05.02 05:21:03 INFO  no build target found for C:\Users\Mouhammad Toure\OneDrive - Università degli Studi dell'Insubria\Documents\GitHub\BookRecommender\BookRecommender\BookRecommender\src\bookrecommender\BookRecommender.java. Using fallback presentation compiler.
2026.05.02 05:21:05 INFO  no build target found for C:\Users\Mouhammad Toure\OneDrive - Università degli Studi dell'Insubria\Documents\GitHub\BookRecommender\BookRecommender\BookRecommender\src\bookrecommender\BookRecommender.java. Using fallback presentation compiler.
2026.05.02 05:23:45 WARN  no build target for: C:\Users\Mouhammad Toure\OneDrive - Università degli Studi dell'Insubria\Documents\GitHub\BookRecommender\BookRecommender\BookRecommender\src\bookrecommender\DatabaseInitializer.java
2026.05.02 05:23:46 WARN  Running javac-semanticdb failed for file:///C:/Users/Mouhammad%20Toure/OneDrive%20-%20Università%20degli%20Studi%20dell'Insubria/Documents/GitHub/BookRecommender/BookRecommender/BookRecommender/src/bookrecommender/DatabaseInitializer.java. Output:

2026.05.02 05:23:47 INFO  no build target found for C:\Users\Mouhammad Toure\OneDrive - Università degli Studi dell'Insubria\Documents\GitHub\BookRecommender\BookRecommender\BookRecommender\src\bookrecommender\BookRecommender.java. Using fallback presentation compiler.
2026.05.02 05:24:00 INFO  no build target found for C:\Users\Mouhammad Toure\OneDrive - Università degli Studi dell'Insubria\Documents\GitHub\BookRecommender\BookRecommender\BookRecommender\src\server\Server.java. Using fallback presentation compiler.
2026.05.02 05:24:02 WARN  no build target for: C:\Users\Mouhammad Toure\OneDrive - Università degli Studi dell'Insubria\Documents\GitHub\BookRecommender\BookRecommender\BookRecommender\src\bookrecommender\Trasferimento.java
2026.05.02 05:24:03 WARN  Running javac-semanticdb failed for file:///C:/Users/Mouhammad%20Toure/OneDrive%20-%20Università%20degli%20Studi%20dell'Insubria/Documents/GitHub/BookRecommender/BookRecommender/BookRecommender/src/bookrecommender/Trasferimento.java. Output:

2026.05.02 05:24:03 INFO  no build target found for C:\Users\Mouhammad Toure\OneDrive - Università degli Studi dell'Insubria\Documents\GitHub\BookRecommender\BookRecommender\BookRecommender\src\bookrecommender\Trasferimento.java. Using fallback presentation compiler.
2026.05.02 05:24:03 INFO  no build target found for C:\Users\Mouhammad Toure\OneDrive - Università degli Studi dell'Insubria\Documents\GitHub\BookRecommender\BookRecommender\BookRecommender\src\bookrecommender\BookRecommender.java. Using fallback presentation compiler.
2026.05.02 05:24:35 INFO  no build target found for C:\Users\Mouhammad Toure\OneDrive - Università degli Studi dell'Insubria\Documents\GitHub\BookRecommender\BookRecommender\BookRecommender\src\bookrecommender\Trasferimento.java. Using fallback presentation compiler.
2026.05.02 05:24:35 WARN  no build target for: C:\Users\Mouhammad Toure\OneDrive - Università degli Studi dell'Insubria\Documents\GitHub\BookRecommender\BookRecommender\BookRecommender\src\bookrecommender\Trasferimento.java
2026.05.02 05:24:37 WARN  Running javac-semanticdb failed for file:///C:/Users/Mouhammad%20Toure/OneDrive%20-%20Università%20degli%20Studi%20dell'Insubria/Documents/GitHub/BookRecommender/BookRecommender/BookRecommender/src/bookrecommender/Trasferimento.java. Output:

2026.05.02 05:24:39 INFO  no build target found for C:\Users\Mouhammad Toure\OneDrive - Università degli Studi dell'Insubria\Documents\GitHub\BookRecommender\BookRecommender\BookRecommender\src\bookrecommender\BookRecommender.java. Using fallback presentation compiler.
2026.05.02 05:25:04 INFO  no build target found for C:\Users\Mouhammad Toure\OneDrive - Università degli Studi dell'Insubria\Documents\GitHub\BookRecommender\BookRecommender\BookRecommender\src\bookrecommender\Trasferimento.java. Using fallback presentation compiler.
2026.05.02 05:25:04 WARN  no build target for: C:\Users\Mouhammad Toure\OneDrive - Università degli Studi dell'Insubria\Documents\GitHub\BookRecommender\BookRecommender\BookRecommender\src\bookrecommender\Trasferimento.java
2026.05.02 05:25:04 INFO  no build target found for C:\Users\Mouhammad Toure\OneDrive - Università degli Studi dell'Insubria\Documents\GitHub\BookRecommender\BookRecommender\BookRecommender\src\bookrecommender\BookRecommender.java. Using fallback presentation compiler.
2026.05.02 05:25:07 WARN  Running javac-semanticdb failed for file:///C:/Users/Mouhammad%20Toure/OneDrive%20-%20Università%20degli%20Studi%20dell'Insubria/Documents/GitHub/BookRecommender/BookRecommender/BookRecommender/src/bookrecommender/Trasferimento.java. Output:

2026.05.02 05:25:12 INFO  no build target found for C:\Users\Mouhammad Toure\OneDrive - Università degli Studi dell'Insubria\Documents\GitHub\BookRecommender\BookRecommender\BookRecommender\src\bookrecommender\BookRecommender.java. Using fallback presentation compiler.
2026.05.02 05:25:12 INFO  no build target found for C:\Users\Mouhammad Toure\OneDrive - Università degli Studi dell'Insubria\Documents\GitHub\BookRecommender\BookRecommender\BookRecommender\src\bookrecommender\Trasferimento.java. Using fallback presentation compiler.
2026.05.02 05:25:12 WARN  no build target for: C:\Users\Mouhammad Toure\OneDrive - Università degli Studi dell'Insubria\Documents\GitHub\BookRecommender\BookRecommender\BookRecommender\src\bookrecommender\Trasferimento.java
2026.05.02 05:25:15 INFO  no build target found for C:\Users\Mouhammad Toure\OneDrive - Università degli Studi dell'Insubria\Documents\GitHub\BookRecommender\BookRecommender\BookRecommender\src\bookrecommender\Trasferimento.java. Using fallback presentation compiler.
2026.05.02 05:25:16 INFO  no build target found for C:\Users\Mouhammad Toure\OneDrive - Università degli Studi dell'Insubria\Documents\GitHub\BookRecommender\BookRecommender\BookRecommender\src\bookrecommender\Trasferimento.java. Using fallback presentation compiler.
2026.05.02 05:25:22 WARN  no build target for: C:\Users\Mouhammad Toure\OneDrive - Università degli Studi dell'Insubria\Documents\GitHub\BookRecommender\BookRecommender\BookRecommender\src\bookrecommender\Trasferimento.java
2026.05.02 05:25:23 WARN  Running javac-semanticdb failed for file:///C:/Users/Mouhammad%20Toure/OneDrive%20-%20Università%20degli%20Studi%20dell'Insubria/Documents/GitHub/BookRecommender/BookRecommender/BookRecommender/src/bookrecommender/Trasferimento.java. Output:

2026.05.02 05:25:23 INFO  no build target found for C:\Users\Mouhammad Toure\OneDrive - Università degli Studi dell'Insubria\Documents\GitHub\BookRecommender\BookRecommender\BookRecommender\src\bookrecommender\Trasferimento.java. Using fallback presentation compiler.
2026.05.02 05:25:32 INFO  no build target found for C:\Users\Mouhammad Toure\OneDrive - Università degli Studi dell'Insubria\Documents\GitHub\BookRecommender\BookRecommender\BookRecommender\src\bookrecommender\DatabaseInitializer.java. Using fallback presentation compiler.
2026.05.02 05:25:37 INFO  no build target found for C:\Users\Mouhammad Toure\OneDrive - Università degli Studi dell'Insubria\Documents\GitHub\BookRecommender\BookRecommender\BookRecommender\src\bookrecommender\Trasferimento.java. Using fallback presentation compiler.
2026.05.02 05:25:39 INFO  no build target found for C:\Users\Mouhammad Toure\OneDrive - Università degli Studi dell'Insubria\Documents\GitHub\BookRecommender\BookRecommender\BookRecommender\src\server\InterfaceImpl.java. Using fallback presentation compiler.
2026.05.02 05:25:39 INFO  no build target found for C:\Users\Mouhammad Toure\OneDrive - Università degli Studi dell'Insubria\Documents\GitHub\BookRecommender\BookRecommender\BookRecommender\src\server\Server.java. Using fallback presentation compiler.
2026.05.02 05:25:41 INFO  no build target found for C:\Users\Mouhammad Toure\OneDrive - Università degli Studi dell'Insubria\Documents\GitHub\BookRecommender\BookRecommender\BookRecommender\src\server\InterfaceImpl.java. Using fallback presentation compiler.
2026.05.02 05:25:41 INFO  no build target found for C:\Users\Mouhammad Toure\OneDrive - Università degli Studi dell'Insubria\Documents\GitHub\BookRecommender\BookRecommender\BookRecommender\src\bookrecommender\DatabaseInitializer.java. Using fallback presentation compiler.
2026.05.02 05:25:41 WARN  no build target for: C:\Users\Mouhammad Toure\OneDrive - Università degli Studi dell'Insubria\Documents\GitHub\BookRecommender\BookRecommender\BookRecommender\src\bookrecommender\BookRecommender.java
2026.05.02 05:25:44 WARN  Running javac-semanticdb failed for file:///C:/Users/Mouhammad%20Toure/OneDrive%20-%20Università%20degli%20Studi%20dell'Insubria/Documents/GitHub/BookRecommender/BookRecommender/BookRecommender/src/bookrecommender/BookRecommender.java. Output:

2026.05.02 05:25:44 INFO  no build target found for C:\Users\Mouhammad Toure\OneDrive - Università degli Studi dell'Insubria\Documents\GitHub\BookRecommender\BookRecommender\BookRecommender\src\bookrecommender\BookRecommender.java. Using fallback presentation compiler.
2026.05.02 05:25:44 INFO  no build target found for C:\Users\Mouhammad Toure\OneDrive - Università degli Studi dell'Insubria\Documents\GitHub\BookRecommender\BookRecommender\BookRecommender\src\server\InterfaceImpl.java. Using fallback presentation compiler.
2026.05.02 05:25:45 INFO  no build target found for C:\Users\Mouhammad Toure\OneDrive - Università degli Studi dell'Insubria\Documents\GitHub\BookRecommender\BookRecommender\BookRecommender\src\bookrecommender\BookRecommender.java. Using fallback presentation compiler.
mag 02, 2026 5:25:45 AM org.eclipse.lsp4j.jsonrpc.RemoteEndpoint handleCancellation
AVVERTENZA: Unmatched cancel notification for request id 322
2026.05.02 05:25:45 INFO  no build target found for C:\Users\Mouhammad Toure\OneDrive - Università degli Studi dell'Insubria\Documents\GitHub\BookRecommender\BookRecommender\BookRecommender\src\bookrecommender\Trasferimento.java. Using fallback presentation compiler.
2026.05.02 05:25:45 INFO  no build target found for C:\Users\Mouhammad Toure\OneDrive - Università degli Studi dell'Insubria\Documents\GitHub\BookRecommender\BookRecommender\BookRecommender\src\bookrecommender\Trasferimento.java. Using fallback presentation compiler.
2026.05.02 05:25:46 INFO  no build target found for C:\Users\Mouhammad Toure\OneDrive - Università degli Studi dell'Insubria\Documents\GitHub\BookRecommender\BookRecommender\BookRecommender\src\server\Server.java. Using fallback presentation compiler.
2026.05.02 05:25:47 INFO  no build target found for C:\Users\Mouhammad Toure\OneDrive - Università degli Studi dell'Insubria\Documents\GitHub\BookRecommender\BookRecommender\BookRecommender\src\server\Server.java. Using fallback presentation compiler.
2026.05.02 05:25:49 INFO  no build target found for C:\Users\Mouhammad Toure\OneDrive - Università degli Studi dell'Insubria\Documents\GitHub\BookRecommender\BookRecommender\BookRecommender\src\server\InterfaceImpl.java. Using fallback presentation compiler.
2026.05.02 05:25:49 INFO  no build target found for C:\Users\Mouhammad Toure\OneDrive - Università degli Studi dell'Insubria\Documents\GitHub\BookRecommender\BookRecommender\BookRecommender\src\bookrecommender\BookRecommender.java. Using fallback presentation compiler.
2026.05.02 05:25:52 INFO  no build target found for C:\Users\Mouhammad Toure\OneDrive - Università degli Studi dell'Insubria\Documents\GitHub\BookRecommender\BookRecommender\BookRecommender\src\server\Server.java. Using fallback presentation compiler.
2026.05.02 05:25:52 INFO  no build target found for C:\Users\Mouhammad Toure\OneDrive - Università degli Studi dell'Insubria\Documents\GitHub\BookRecommender\BookRecommender\BookRecommender\src\bookrecommender\BookRecommender.java. Using fallback presentation compiler.
2026.05.02 05:26:12 INFO  no build target found for C:\Users\Mouhammad Toure\OneDrive - Università degli Studi dell'Insubria\Documents\GitHub\BookRecommender\BookRecommender\BookRecommender\src\bookrecommender\Trasferimento.java. Using fallback presentation compiler.
2026.05.02 05:26:12 INFO  no build target found for C:\Users\Mouhammad Toure\OneDrive - Università degli Studi dell'Insubria\Documents\GitHub\BookRecommender\BookRecommender\BookRecommender\src\bookrecommender\Trasferimento.java. Using fallback presentation compiler.
mag 02, 2026 5:26:12 AM org.eclipse.lsp4j.jsonrpc.RemoteEndpoint handleCancellation
AVVERTENZA: Unmatched cancel notification for request id 355
2026.05.02 05:26:12 INFO  no build target found for C:\Users\Mouhammad Toure\OneDrive - Università degli Studi dell'Insubria\Documents\GitHub\BookRecommender\BookRecommender\BookRecommender\src\bookrecommender\Trasferimento.java. Using fallback presentation compiler.
mag 02, 2026 5:26:12 AM org.eclipse.lsp4j.jsonrpc.RemoteEndpoint handleCancellation
AVVERTENZA: Unmatched cancel notification for request id 356
2026.05.02 05:26:12 INFO  no build target found for C:\Users\Mouhammad Toure\OneDrive - Università degli Studi dell'Insubria\Documents\GitHub\BookRecommender\BookRecommender\BookRecommender\src\bookrecommender\Trasferimento.java. Using fallback presentation compiler.
mag 02, 2026 5:26:13 AM org.eclipse.lsp4j.jsonrpc.RemoteEndpoint handleCancellation
AVVERTENZA: Unmatched cancel notification for request id 357
2026.05.02 05:26:13 INFO  no build target found for C:\Users\Mouhammad Toure\OneDrive - Università degli Studi dell'Insubria\Documents\GitHub\BookRecommender\BookRecommender\BookRecommender\src\bookrecommender\Trasferimento.java. Using fallback presentation compiler.
2026.05.02 05:26:44 INFO  no build target found for C:\Users\Mouhammad Toure\OneDrive - Università degli Studi dell'Insubria\Documents\GitHub\BookRecommender\BookRecommender\BookRecommender\src\bookrecommender\DatabaseInitializer.java. Using fallback presentation compiler.
2026.05.02 05:26:59 INFO  no build target found for C:\Users\Mouhammad Toure\OneDrive - Università degli Studi dell'Insubria\Documents\GitHub\BookRecommender\BookRecommender\BookRecommender\src\bookrecommender\Trasferimento.java. Using fallback presentation compiler.
2026.05.02 05:27:02 INFO  no build target found for C:\Users\Mouhammad Toure\OneDrive - Università degli Studi dell'Insubria\Documents\GitHub\BookRecommender\BookRecommender\BookRecommender\src\bookrecommender\Trasferimento.java. Using fallback presentation compiler.
mag 02, 2026 5:27:02 AM org.eclipse.lsp4j.jsonrpc.RemoteEndpoint handleCancellation
AVVERTENZA: Unmatched cancel notification for request id 367
2026.05.02 05:27:02 INFO  no build target found for C:\Users\Mouhammad Toure\OneDrive - Università degli Studi dell'Insubria\Documents\GitHub\BookRecommender\BookRecommender\BookRecommender\src\bookrecommender\Trasferimento.java. Using fallback presentation compiler.
2026.05.02 05:27:07 INFO  no build target found for C:\Users\Mouhammad Toure\OneDrive - Università degli Studi dell'Insubria\Documents\GitHub\BookRecommender\BookRecommender\BookRecommender\src\bookrecommender\Trasferimento.java. Using fallback presentation compiler.
2026.05.02 05:27:16 INFO  no build target found for C:\Users\Mouhammad Toure\OneDrive - Università degli Studi dell'Insubria\Documents\GitHub\BookRecommender\BookRecommender\BookRecommender\src\bookrecommender\Trasferimento.java. Using fallback presentation compiler.
2026.05.02 05:27:32 INFO  no build target found for C:\Users\Mouhammad Toure\OneDrive - Università degli Studi dell'Insubria\Documents\GitHub\BookRecommender\BookRecommender\BookRecommender\src\bookrecommender\Trasferimento.java. Using fallback presentation compiler.
mag 02, 2026 5:27:32 AM org.eclipse.lsp4j.jsonrpc.RemoteEndpoint handleCancellation
AVVERTENZA: Unmatched cancel notification for request id 409
2026.05.02 05:27:32 INFO  no build target found for C:\Users\Mouhammad Toure\OneDrive - Università degli Studi dell'Insubria\Documents\GitHub\BookRecommender\BookRecommender\BookRecommender\src\bookrecommender\Trasferimento.java. Using fallback presentation compiler.
2026.05.02 05:27:35 INFO  no build target found for C:\Users\Mouhammad Toure\OneDrive - Università degli Studi dell'Insubria\Documents\GitHub\BookRecommender\BookRecommender\BookRecommender\src\bookrecommender\Trasferimento.java. Using fallback presentation compiler.
2026.05.02 05:27:35 INFO  no build target found for C:\Users\Mouhammad Toure\OneDrive - Università degli Studi dell'Insubria\Documents\GitHub\BookRecommender\BookRecommender\BookRecommender\src\bookrecommender\Trasferimento.java. Using fallback presentation compiler.
2026.05.02 05:28:06 INFO  no build target found for C:\Users\Mouhammad Toure\OneDrive - Università degli Studi dell'Insubria\Documents\GitHub\BookRecommender\BookRecommender\BookRecommender\src\bookrecommender\Trasferimento.java. Using fallback presentation compiler.
mag 02, 2026 5:28:07 AM org.eclipse.lsp4j.jsonrpc.RemoteEndpoint handleCancellation
AVVERTENZA: Unmatched cancel notification for request id 433
2026.05.02 05:28:41 INFO  no build target found for C:\Users\Mouhammad Toure\OneDrive - Università degli Studi dell'Insubria\Documents\GitHub\BookRecommender\BookRecommender\BookRecommender\src\bookrecommender\BookRecommender.java. Using fallback presentation compiler.
2026.05.02 05:32:17 INFO  no build target found for C:\Users\Mouhammad Toure\OneDrive - Università degli Studi dell'Insubria\Documents\GitHub\BookRecommender\BookRecommender\BookRecommender\src\bookrecommender\Client.java. Using fallback presentation compiler.
2026.05.02 05:32:17 WARN  no build target for: C:\Users\Mouhammad Toure\OneDrive - Università degli Studi dell'Insubria\Documents\GitHub\BookRecommender\BookRecommender\BookRecommender\src\bookrecommender\Client.java
2026.05.02 05:32:18 INFO  no build target found for C:\Users\Mouhammad Toure\OneDrive - Università degli Studi dell'Insubria\Documents\GitHub\BookRecommender\BookRecommender\BookRecommender\src\bookrecommender\Client.java. Using fallback presentation compiler.
2026.05.02 05:32:18 WARN  Running javac-semanticdb failed for file:///C:/Users/Mouhammad%20Toure/OneDrive%20-%20Università%20degli%20Studi%20dell'Insubria/Documents/GitHub/BookRecommender/BookRecommender/BookRecommender/src/bookrecommender/Client.java. Output:

2026.05.02 05:32:18 INFO  no build target found for C:\Users\Mouhammad Toure\OneDrive - Università degli Studi dell'Insubria\Documents\GitHub\BookRecommender\BookRecommender\BookRecommender\src\bookrecommender\Client.java. Using fallback presentation compiler.
mag 02, 2026 5:32:19 AM org.eclipse.lsp4j.jsonrpc.RemoteEndpoint handleCancellation
AVVERTENZA: Unmatched cancel notification for request id 521
mag 02, 2026 5:32:19 AM org.eclipse.lsp4j.jsonrpc.RemoteEndpoint handleCancellation
AVVERTENZA: Unmatched cancel notification for request id 524
2026.05.02 05:32:18 INFO  no build target found for C:\Users\Mouhammad Toure\OneDrive - Università degli Studi dell'Insubria\Documents\GitHub\BookRecommender\BookRecommender\BookRecommender\src\bookrecommender\Client.java. Using fallback presentation compiler.
2026.05.02 05:32:20 INFO  no build target found for C:\Users\Mouhammad Toure\OneDrive - Università degli Studi dell'Insubria\Documents\GitHub\BookRecommender\BookRecommender\BookRecommender\src\bookrecommender\Client.java. Using fallback presentation compiler.
2026.05.02 05:32:25 INFO  no build target found for C:\Users\Mouhammad Toure\OneDrive - Università degli Studi dell'Insubria\Documents\GitHub\BookRecommender\BookRecommender\BookRecommender\src\bookrecommender\Client.java. Using fallback presentation compiler.
2026.05.02 05:32:31 INFO  no build target found for C:\Users\Mouhammad Toure\OneDrive - Università degli Studi dell'Insubria\Documents\GitHub\BookRecommender\BookRecommender\BookRecommender\src\bookrecommender\Client.java. Using fallback presentation compiler.
2026.05.02 05:32:31 INFO  no build target found for C:\Users\Mouhammad Toure\OneDrive - Università degli Studi dell'Insubria\Documents\GitHub\BookRecommender\BookRecommender\BookRecommender\src\bookrecommender\Client.java. Using fallback presentation compiler.
2026.05.02 05:32:33 INFO  no build target found for C:\Users\Mouhammad Toure\OneDrive - Università degli Studi dell'Insubria\Documents\GitHub\BookRecommender\BookRecommender\BookRecommender\src\bookrecommender\Client.java. Using fallback presentation compiler.
mag 02, 2026 5:32:33 AM org.eclipse.lsp4j.jsonrpc.RemoteEndpoint handleCancellation
AVVERTENZA: Unmatched cancel notification for request id 536
2026.05.02 05:32:33 INFO  no build target found for C:\Users\Mouhammad Toure\OneDrive - Università degli Studi dell'Insubria\Documents\GitHub\BookRecommender\BookRecommender\BookRecommender\src\bookrecommender\Client.java. Using fallback presentation compiler.
mag 02, 2026 5:32:34 AM org.eclipse.lsp4j.jsonrpc.RemoteEndpoint handleCancellation
AVVERTENZA: Unmatched cancel notification for request id 537
2026.05.02 05:32:34 INFO  no build target found for C:\Users\Mouhammad Toure\OneDrive - Università degli Studi dell'Insubria\Documents\GitHub\BookRecommender\BookRecommender\BookRecommender\src\bookrecommender\Client.java. Using fallback presentation compiler.
mag 02, 2026 5:32:35 AM org.eclipse.lsp4j.jsonrpc.RemoteEndpoint handleCancellation
AVVERTENZA: Unmatched cancel notification for request id 538
2026.05.02 05:32:34 INFO  no build target found for C:\Users\Mouhammad Toure\OneDrive - Università degli Studi dell'Insubria\Documents\GitHub\BookRecommender\BookRecommender\BookRecommender\src\bookrecommender\Client.java. Using fallback presentation compiler.
mag 02, 2026 5:32:35 AM org.eclipse.lsp4j.jsonrpc.RemoteEndpoint handleCancellation
AVVERTENZA: Unmatched cancel notification for request id 539
2026.05.02 05:32:34 INFO  no build target found for C:\Users\Mouhammad Toure\OneDrive - Università degli Studi dell'Insubria\Documents\GitHub\BookRecommender\BookRecommender\BookRecommender\src\bookrecommender\Client.java. Using fallback presentation compiler.
2026.05.02 05:32:35 INFO  no build target found for C:\Users\Mouhammad Toure\OneDrive - Università degli Studi dell'Insubria\Documents\GitHub\BookRecommender\BookRecommender\BookRecommender\src\bookrecommender\Client.java. Using fallback presentation compiler.
mag 02, 2026 5:32:36 AM org.eclipse.lsp4j.jsonrpc.RemoteEndpoint handleCancellation
AVVERTENZA: Unmatched cancel notification for request id 541
2026.05.02 05:32:35 INFO  no build target found for C:\Users\Mouhammad Toure\OneDrive - Università degli Studi dell'Insubria\Documents\GitHub\BookRecommender\BookRecommender\BookRecommender\src\bookrecommender\Client.java. Using fallback presentation compiler.
2026.05.02 05:32:44 INFO  no build target found for C:\Users\Mouhammad Toure\OneDrive - Università degli Studi dell'Insubria\Documents\GitHub\BookRecommender\BookRecommender\BookRecommender\src\bookrecommender\Client.java. Using fallback presentation compiler.
2026.05.02 05:32:45 INFO  no build target found for C:\Users\Mouhammad Toure\OneDrive - Università degli Studi dell'Insubria\Documents\GitHub\BookRecommender\BookRecommender\BookRecommender\src\bookrecommender\Client.java. Using fallback presentation compiler.
2026.05.02 05:32:45 INFO  no build target found for C:\Users\Mouhammad Toure\OneDrive - Università degli Studi dell'Insubria\Documents\GitHub\BookRecommender\BookRecommender\BookRecommender\src\bookrecommender\Client.java. Using fallback presentation compiler.
2026.05.02 05:32:45 INFO  no build target found for C:\Users\Mouhammad Toure\OneDrive - Università degli Studi dell'Insubria\Documents\GitHub\BookRecommender\BookRecommender\BookRecommender\src\bookrecommender\Client.java. Using fallback presentation compiler.
2026.05.02 05:32:46 INFO  no build target found for C:\Users\Mouhammad Toure\OneDrive - Università degli Studi dell'Insubria\Documents\GitHub\BookRecommender\BookRecommender\BookRecommender\src\bookrecommender\Client.java. Using fallback presentation compiler.
2026.05.02 05:32:55 INFO  no build target found for C:\Users\Mouhammad Toure\OneDrive - Università degli Studi dell'Insubria\Documents\GitHub\BookRecommender\BookRecommender\BookRecommender\src\bookrecommender\Client.java. Using fallback presentation compiler.
2026.05.02 05:32:57 INFO  no build target found for C:\Users\Mouhammad Toure\OneDrive - Università degli Studi dell'Insubria\Documents\GitHub\BookRecommender\BookRecommender\BookRecommender\src\bookrecommender\Client.java. Using fallback presentation compiler.
2026.05.02 05:32:57 INFO  no build target found for C:\Users\Mouhammad Toure\OneDrive - Università degli Studi dell'Insubria\Documents\GitHub\BookRecommender\BookRecommender\BookRecommender\src\bookrecommender\Client.java. Using fallback presentation compiler.
2026.05.02 05:33:21 INFO  no build target found for C:\Users\Mouhammad Toure\OneDrive - Università degli Studi dell'Insubria\Documents\GitHub\BookRecommender\BookRecommender\BookRecommender\src\bookrecommender\Client.java. Using fallback presentation compiler.
mag 02, 2026 5:33:21 AM org.eclipse.lsp4j.jsonrpc.RemoteEndpoint handleCancellation
AVVERTENZA: Unmatched cancel notification for request id 555
2026.05.02 05:33:21 INFO  no build target found for C:\Users\Mouhammad Toure\OneDrive - Università degli Studi dell'Insubria\Documents\GitHub\BookRecommender\BookRecommender\BookRecommender\src\bookrecommender\Client.java. Using fallback presentation compiler.
2026.05.02 05:33:22 INFO  no build target found for C:\Users\Mouhammad Toure\OneDrive - Università degli Studi dell'Insubria\Documents\GitHub\BookRecommender\BookRecommender\BookRecommender\src\bookrecommender\Client.java. Using fallback presentation compiler.
mag 02, 2026 5:33:22 AM org.eclipse.lsp4j.jsonrpc.RemoteEndpoint handleCancellation
AVVERTENZA: Unmatched cancel notification for request id 557
2026.05.02 05:33:24 INFO  no build target found for C:\Users\Mouhammad Toure\OneDrive - Università degli Studi dell'Insubria\Documents\GitHub\BookRecommender\BookRecommender\BookRecommender\src\bookrecommender\Client.java. Using fallback presentation compiler.
mag 02, 2026 5:33:24 AM org.eclipse.lsp4j.jsonrpc.RemoteEndpoint handleCancellation
AVVERTENZA: Unmatched cancel notification for request id 560
2026.05.02 05:33:24 INFO  no build target found for C:\Users\Mouhammad Toure\OneDrive - Università degli Studi dell'Insubria\Documents\GitHub\BookRecommender\BookRecommender\BookRecommender\src\bookrecommender\Client.java. Using fallback presentation compiler.
mag 02, 2026 5:33:25 AM org.eclipse.lsp4j.jsonrpc.RemoteEndpoint handleCancellation
AVVERTENZA: Unmatched cancel notification for request id 561
2026.05.02 05:33:25 INFO  no build target found for C:\Users\Mouhammad Toure\OneDrive - Università degli Studi dell'Insubria\Documents\GitHub\BookRecommender\BookRecommender\BookRecommender\src\bookrecommender\Client.java. Using fallback presentation compiler.
2026.05.02 05:33:25 INFO  no build target found for C:\Users\Mouhammad Toure\OneDrive - Università degli Studi dell'Insubria\Documents\GitHub\BookRecommender\BookRecommender\BookRecommender\src\bookrecommender\Client.java. Using fallback presentation compiler.
2026.05.02 05:33:27 INFO  no build target found for C:\Users\Mouhammad Toure\OneDrive - Università degli Studi dell'Insubria\Documents\GitHub\BookRecommender\BookRecommender\BookRecommender\src\bookrecommender\Client.java. Using fallback presentation compiler.
mag 02, 2026 5:33:28 AM org.eclipse.lsp4j.jsonrpc.RemoteEndpoint handleCancellation
AVVERTENZA: Unmatched cancel notification for request id 564
2026.05.02 05:33:27 INFO  no build target found for C:\Users\Mouhammad Toure\OneDrive - Università degli Studi dell'Insubria\Documents\GitHub\BookRecommender\BookRecommender\BookRecommender\src\bookrecommender\Client.java. Using fallback presentation compiler.
2026.05.02 05:33:30 INFO  no build target found for C:\Users\Mouhammad Toure\OneDrive - Università degli Studi dell'Insubria\Documents\GitHub\BookRecommender\BookRecommender\BookRecommender\src\bookrecommender\Client.java. Using fallback presentation compiler.
mag 02, 2026 5:33:31 AM org.eclipse.lsp4j.jsonrpc.RemoteEndpoint handleCancellation
AVVERTENZA: Unmatched cancel notification for request id 566
2026.05.02 05:33:31 INFO  no build target found for C:\Users\Mouhammad Toure\OneDrive - Università degli Studi dell'Insubria\Documents\GitHub\BookRecommender\BookRecommender\BookRecommender\src\bookrecommender\Client.java. Using fallback presentation compiler.
mag 02, 2026 5:33:32 AM org.eclipse.lsp4j.jsonrpc.RemoteEndpoint handleCancellation
AVVERTENZA: Unmatched cancel notification for request id 567
mag 02, 2026 5:33:32 AM org.eclipse.lsp4j.jsonrpc.RemoteEndpoint handleCancellation
AVVERTENZA: Unmatched cancel notification for request id 568
2026.05.02 05:33:31 INFO  no build target found for C:\Users\Mouhammad Toure\OneDrive - Università degli Studi dell'Insubria\Documents\GitHub\BookRecommender\BookRecommender\BookRecommender\src\bookrecommender\Client.java. Using fallback presentation compiler.
2026.05.02 05:33:33 INFO  no build target found for C:\Users\Mouhammad Toure\OneDrive - Università degli Studi dell'Insubria\Documents\GitHub\BookRecommender\BookRecommender\BookRecommender\src\bookrecommender\Client.java. Using fallback presentation compiler.
2026.05.02 05:33:33 INFO  no build target found for C:\Users\Mouhammad Toure\OneDrive - Università degli Studi dell'Insubria\Documents\GitHub\BookRecommender\BookRecommender\BookRecommender\src\bookrecommender\Client.java. Using fallback presentation compiler.
2026.05.02 05:33:34 INFO  no build target found for C:\Users\Mouhammad Toure\OneDrive - Università degli Studi dell'Insubria\Documents\GitHub\BookRecommender\BookRecommender\BookRecommender\src\bookrecommender\Client.java. Using fallback presentation compiler.
mag 02, 2026 5:33:36 AM org.eclipse.lsp4j.jsonrpc.RemoteEndpoint handleCancellation
AVVERTENZA: Unmatched cancel notification for request id 571
2026.05.02 05:33:36 INFO  no build target found for C:\Users\Mouhammad Toure\OneDrive - Università degli Studi dell'Insubria\Documents\GitHub\BookRecommender\BookRecommender\BookRecommender\src\bookrecommender\Client.java. Using fallback presentation compiler.
mag 02, 2026 5:33:37 AM org.eclipse.lsp4j.jsonrpc.RemoteEndpoint handleCancellation
AVVERTENZA: Unmatched cancel notification for request id 577
2026.05.02 05:33:37 WARN  Running javac-semanticdb failed for file:///C:/Users/Mouhammad%20Toure/OneDrive%20-%20Università%20degli%20Studi%20dell'Insubria/Documents/GitHub/BookRecommender/BookRecommender/BookRecommender/src/bookrecommender/Client.java. Output:

2026.05.02 05:33:37 INFO  time: code lens generation in 1.59s
mag 02, 2026 5:33:38 AM org.eclipse.lsp4j.jsonrpc.RemoteEndpoint handleCancellation
AVVERTENZA: Unmatched cancel notification for request id 578
2026.05.02 05:33:38 WARN  no build target for: C:\Users\Mouhammad Toure\OneDrive - Università degli Studi dell'Insubria\Documents\GitHub\BookRecommender\BookRecommender\BookRecommender\src\bookrecommender\Client.java
2026.05.02 05:33:39 INFO  Created report: Optional[file:///C:/Users/Mouhammad%20Toure/OneDrive%20-%20Università%20degli%20Studi%20dell'Insubria/Documents/GitHub/BookRecommender/BookRecommender/BookRecommender/src/bookrecommender/Client.java]
2026.05.02 05:33:39 INFO  QDox parse error in file:///C:/Users/Mouhammad%20Toure/OneDrive%20-%20Università%20degli%20Studi%20dell'Insubria/Documents/GitHub/BookRecommender/BookRecommender/BookRecommender/src/bookrecommender/Client.java (full report at: "C:\Users\Mouhammad Toure\OneDrive - Università degli Studi dell'Insubria\Documents\GitHub\BookRecommender\BookRecommender\.metals\.reports\metals-full\2026-05-02\r_qdox-error_05-33-39-570.md")
2026.05.02 05:33:39 INFO  no build target found for C:\Users\Mouhammad Toure\OneDrive - Università degli Studi dell'Insubria\Documents\GitHub\BookRecommender\BookRecommender\BookRecommender\src\bookrecommender\Client.java. Using fallback presentation compiler.
2026.05.02 05:33:39 INFO  no build target found for C:\Users\Mouhammad Toure\OneDrive - Università degli Studi dell'Insubria\Documents\GitHub\BookRecommender\BookRecommender\BookRecommender\src\bookrecommender\Client.java. Using fallback presentation compiler.
2026.05.02 05:33:39 INFO  no build target found for C:\Users\Mouhammad Toure\OneDrive - Università degli Studi dell'Insubria\Documents\GitHub\BookRecommender\BookRecommender\BookRecommender\src\bookrecommender\Client.java. Using fallback presentation compiler.
2026.05.02 05:33:39 INFO  no build target found for C:\Users\Mouhammad Toure\OneDrive - Università degli Studi dell'Insubria\Documents\GitHub\BookRecommender\BookRecommender\BookRecommender\src\bookrecommender\Client.java. Using fallback presentation compiler.
2026.05.02 05:33:42 INFO  no build target found for C:\Users\Mouhammad Toure\OneDrive - Università degli Studi dell'Insubria\Documents\GitHub\BookRecommender\BookRecommender\BookRecommender\src\bookrecommender\Client.java. Using fallback presentation compiler.
mag 02, 2026 5:33:46 AM org.eclipse.lsp4j.jsonrpc.RemoteEndpoint handleCancellation
AVVERTENZA: Unmatched cancel notification for request id 587
mag 02, 2026 5:33:47 AM org.eclipse.lsp4j.jsonrpc.RemoteEndpoint handleCancellation
AVVERTENZA: Unmatched cancel notification for request id 586
2026.05.02 05:33:48 INFO  no build target found for C:\Users\Mouhammad Toure\OneDrive - Università degli Studi dell'Insubria\Documents\GitHub\BookRecommender\BookRecommender\BookRecommender\src\bookrecommender\Client.java. Using fallback presentation compiler.
mag 02, 2026 5:33:48 AM org.eclipse.lsp4j.jsonrpc.RemoteEndpoint handleCancellation
AVVERTENZA: Unmatched cancel notification for request id 588
mag 02, 2026 5:33:48 AM org.eclipse.lsp4j.jsonrpc.RemoteEndpoint handleCancellation
AVVERTENZA: Unmatched cancel notification for request id 589
2026.05.02 05:33:48 INFO  no build target found for C:\Users\Mouhammad Toure\OneDrive - Università degli Studi dell'Insubria\Documents\GitHub\BookRecommender\BookRecommender\BookRecommender\src\bookrecommender\Client.java. Using fallback presentation compiler.
mag 02, 2026 5:33:48 AM org.eclipse.lsp4j.jsonrpc.RemoteEndpoint handleCancellation
AVVERTENZA: Unmatched cancel notification for request id 590
2026.05.02 05:33:48 INFO  no build target found for C:\Users\Mouhammad Toure\OneDrive - Università degli Studi dell'Insubria\Documents\GitHub\BookRecommender\BookRecommender\BookRecommender\src\bookrecommender\Client.java. Using fallback presentation compiler.
mag 02, 2026 5:33:49 AM org.eclipse.lsp4j.jsonrpc.RemoteEndpoint handleCancellation
AVVERTENZA: Unmatched cancel notification for request id 591
mag 02, 2026 5:33:50 AM org.eclipse.lsp4j.jsonrpc.RemoteEndpoint handleCancellation
AVVERTENZA: Unmatched cancel notification for request id 592
mag 02, 2026 5:33:56 AM org.eclipse.lsp4j.jsonrpc.RemoteEndpoint handleCancellation
AVVERTENZA: Unmatched cancel notification for request id 593
2026.05.02 05:34:01 WARN  no build target for: C:\Users\Mouhammad Toure\OneDrive - Università degli Studi dell'Insubria\Documents\GitHub\BookRecommender\BookRecommender\BookRecommender\src\bookrecommender\Client.java
2026.05.02 05:34:02 WARN  Running javac-semanticdb failed for file:///C:/Users/Mouhammad%20Toure/OneDrive%20-%20Università%20degli%20Studi%20dell'Insubria/Documents/GitHub/BookRecommender/BookRecommender/BookRecommender/src/bookrecommender/Client.java. Output:

mag 02, 2026 5:34:12 AM org.eclipse.lsp4j.jsonrpc.RemoteEndpoint handleCancellation
AVVERTENZA: Unmatched cancel notification for request id 594
2026.05.02 05:34:14 INFO  no build target found for C:\Users\Mouhammad Toure\OneDrive - Università degli Studi dell'Insubria\Documents\GitHub\BookRecommender\BookRecommender\BookRecommender\src\bookrecommender\Client.java. Using fallback presentation compiler.
mag 02, 2026 5:34:17 AM org.eclipse.lsp4j.jsonrpc.RemoteEndpoint handleCancellation
AVVERTENZA: Unmatched cancel notification for request id 595
mag 02, 2026 5:34:18 AM org.eclipse.lsp4j.jsonrpc.RemoteEndpoint handleCancellation
AVVERTENZA: Unmatched cancel notification for request id 596
mag 02, 2026 5:34:18 AM org.eclipse.lsp4j.jsonrpc.RemoteEndpoint handleCancellation
AVVERTENZA: Unmatched cancel notification for request id 598
2026.05.02 05:34:18 INFO  no build target found for C:\Users\Mouhammad Toure\OneDrive - Università degli Studi dell'Insubria\Documents\GitHub\BookRecommender\BookRecommender\BookRecommender\src\bookrecommender\Client.java. Using fallback presentation compiler.
2026.05.02 05:34:18 INFO  no build target found for C:\Users\Mouhammad Toure\OneDrive - Università degli Studi dell'Insubria\Documents\GitHub\BookRecommender\BookRecommender\BookRecommender\src\bookrecommender\Client.java. Using fallback presentation compiler.
mag 02, 2026 5:34:18 AM org.eclipse.lsp4j.jsonrpc.RemoteEndpoint handleCancellation
AVVERTENZA: Unmatched cancel notification for request id 600
2026.05.02 05:34:18 INFO  no build target found for C:\Users\Mouhammad Toure\OneDrive - Università degli Studi dell'Insubria\Documents\GitHub\BookRecommender\BookRecommender\BookRecommender\src\bookrecommender\Client.java. Using fallback presentation compiler.
2026.05.02 05:34:20 WARN  no build target for: C:\Users\Mouhammad Toure\OneDrive - Università degli Studi dell'Insubria\Documents\GitHub\BookRecommender\BookRecommender\BookRecommender\src\bookrecommender\Client.java
2026.05.02 05:34:20 INFO  no build target found for C:\Users\Mouhammad Toure\OneDrive - Università degli Studi dell'Insubria\Documents\GitHub\BookRecommender\BookRecommender\BookRecommender\src\bookrecommender\Client.java. Using fallback presentation compiler.
mag 02, 2026 5:34:21 AM org.eclipse.lsp4j.jsonrpc.RemoteEndpoint handleCancellation
AVVERTENZA: Unmatched cancel notification for request id 606
mag 02, 2026 5:34:21 AM org.eclipse.lsp4j.jsonrpc.RemoteEndpoint handleCancellation
AVVERTENZA: Unmatched cancel notification for request id 597
2026.05.02 05:34:22 INFO  no build target found for C:\Users\Mouhammad Toure\OneDrive - Università degli Studi dell'Insubria\Documents\GitHub\BookRecommender\BookRecommender\BookRecommender\src\bookrecommender\Client.java. Using fallback presentation compiler.
mag 02, 2026 5:34:22 AM org.eclipse.lsp4j.jsonrpc.RemoteEndpoint handleCancellation
AVVERTENZA: Unmatched cancel notification for request id 601
mag 02, 2026 5:34:22 AM org.eclipse.lsp4j.jsonrpc.RemoteEndpoint handleCancellation
AVVERTENZA: Unmatched cancel notification for request id 602
mag 02, 2026 5:34:22 AM org.eclipse.lsp4j.jsonrpc.RemoteEndpoint handleCancellation
AVVERTENZA: Unmatched cancel notification for request id 604
2026.05.02 05:34:22 INFO  no build target found for C:\Users\Mouhammad Toure\OneDrive - Università degli Studi dell'Insubria\Documents\GitHub\BookRecommender\BookRecommender\BookRecommender\src\bookrecommender\Client.java. Using fallback presentation compiler.
2026.05.02 05:34:22 INFO  no build target found for C:\Users\Mouhammad Toure\OneDrive - Università degli Studi dell'Insubria\Documents\GitHub\BookRecommender\BookRecommender\BookRecommender\src\bookrecommender\Client.java. Using fallback presentation compiler.
mag 02, 2026 5:34:24 AM org.eclipse.lsp4j.jsonrpc.RemoteEndpoint handleCancellation
AVVERTENZA: Unmatched cancel notification for request id 611
mag 02, 2026 5:34:24 AM org.eclipse.lsp4j.jsonrpc.RemoteEndpoint handleCancellation
AVVERTENZA: Unmatched cancel notification for request id 612
mag 02, 2026 5:34:24 AM org.eclipse.lsp4j.jsonrpc.RemoteEndpoint handleCancellation
AVVERTENZA: Unmatched cancel notification for request id 614
2026.05.02 05:34:24 INFO  no build target found for C:\Users\Mouhammad Toure\OneDrive - Università degli Studi dell'Insubria\Documents\GitHub\BookRecommender\BookRecommender\BookRecommender\src\bookrecommender\Client.java. Using fallback presentation compiler.
2026.05.02 05:34:25 INFO  no build target found for C:\Users\Mouhammad Toure\OneDrive - Università degli Studi dell'Insubria\Documents\GitHub\BookRecommender\BookRecommender\BookRecommender\src\bookrecommender\Client.java. Using fallback presentation compiler.
mag 02, 2026 5:34:26 AM org.eclipse.lsp4j.jsonrpc.RemoteEndpoint handleCancellation
AVVERTENZA: Unmatched cancel notification for request id 615
mag 02, 2026 5:34:26 AM org.eclipse.lsp4j.jsonrpc.RemoteEndpoint handleCancellation
AVVERTENZA: Unmatched cancel notification for request id 616
mag 02, 2026 5:34:26 AM org.eclipse.lsp4j.jsonrpc.RemoteEndpoint handleCancellation
AVVERTENZA: Unmatched cancel notification for request id 617
mag 02, 2026 5:34:26 AM org.eclipse.lsp4j.jsonrpc.RemoteEndpoint handleCancellation
AVVERTENZA: Unmatched cancel notification for request id 618
mag 02, 2026 5:34:26 AM org.eclipse.lsp4j.jsonrpc.RemoteEndpoint handleCancellation
AVVERTENZA: Unmatched cancel notification for request id 619
2026.05.02 05:34:26 WARN  no build target for: C:\Users\Mouhammad Toure\OneDrive - Università degli Studi dell'Insubria\Documents\GitHub\BookRecommender\BookRecommender\BookRecommender\src\bookrecommender\Client.java
2026.05.02 05:34:27 INFO  no build target found for C:\Users\Mouhammad Toure\OneDrive - Università degli Studi dell'Insubria\Documents\GitHub\BookRecommender\BookRecommender\BookRecommender\src\bookrecommender\Client.java. Using fallback presentation compiler.
mag 02, 2026 5:34:27 AM org.eclipse.lsp4j.jsonrpc.RemoteEndpoint handleCancellation
AVVERTENZA: Unmatched cancel notification for request id 621
mag 02, 2026 5:34:27 AM org.eclipse.lsp4j.jsonrpc.RemoteEndpoint handleCancellation
AVVERTENZA: Unmatched cancel notification for request id 622
mag 02, 2026 5:34:27 AM org.eclipse.lsp4j.jsonrpc.RemoteEndpoint handleCancellation
AVVERTENZA: Unmatched cancel notification for request id 623
2026.05.02 05:34:27 INFO  no build target found for C:\Users\Mouhammad Toure\OneDrive - Università degli Studi dell'Insubria\Documents\GitHub\BookRecommender\BookRecommender\BookRecommender\src\bookrecommender\Client.java. Using fallback presentation compiler.
2026.05.02 05:34:27 WARN  Running javac-semanticdb failed for file:///C:/Users/Mouhammad%20Toure/OneDrive%20-%20Università%20degli%20Studi%20dell'Insubria/Documents/GitHub/BookRecommender/BookRecommender/BookRecommender/src/bookrecommender/Client.java. Output:

mag 02, 2026 5:34:28 AM org.eclipse.lsp4j.jsonrpc.RemoteEndpoint handleCancellation
AVVERTENZA: Unmatched cancel notification for request id 624
2026.05.02 05:34:27 INFO  no build target found for C:\Users\Mouhammad Toure\OneDrive - Università degli Studi dell'Insubria\Documents\GitHub\BookRecommender\BookRecommender\BookRecommender\src\bookrecommender\Client.java. Using fallback presentation compiler.
mag 02, 2026 5:34:29 AM org.eclipse.lsp4j.jsonrpc.RemoteEndpoint handleCancellation
AVVERTENZA: Unmatched cancel notification for request id 627
2026.05.02 05:34:29 INFO  no build target found for C:\Users\Mouhammad Toure\OneDrive - Università degli Studi dell'Insubria\Documents\GitHub\BookRecommender\BookRecommender\BookRecommender\src\bookrecommender\Client.java. Using fallback presentation compiler.
2026.05.02 05:34:29 INFO  no build target found for C:\Users\Mouhammad Toure\OneDrive - Università degli Studi dell'Insubria\Documents\GitHub\BookRecommender\BookRecommender\BookRecommender\src\bookrecommender\Client.java. Using fallback presentation compiler.
mag 02, 2026 5:34:29 AM org.eclipse.lsp4j.jsonrpc.RemoteEndpoint handleCancellation
AVVERTENZA: Unmatched cancel notification for request id 628
mag 02, 2026 5:34:29 AM org.eclipse.lsp4j.jsonrpc.RemoteEndpoint handleCancellation
AVVERTENZA: Unmatched cancel notification for request id 629
mag 02, 2026 5:34:29 AM org.eclipse.lsp4j.jsonrpc.RemoteEndpoint handleCancellation
AVVERTENZA: Unmatched cancel notification for request id 630
mag 02, 2026 5:34:29 AM org.eclipse.lsp4j.jsonrpc.RemoteEndpoint handleCancellation
AVVERTENZA: Unmatched cancel notification for request id 631
2026.05.02 05:34:29 INFO  no build target found for C:\Users\Mouhammad Toure\OneDrive - Università degli Studi dell'Insubria\Documents\GitHub\BookRecommender\BookRecommender\BookRecommender\src\bookrecommender\Client.java. Using fallback presentation compiler.
2026.05.02 05:34:30 INFO  no build target found for C:\Users\Mouhammad Toure\OneDrive - Università degli Studi dell'Insubria\Documents\GitHub\BookRecommender\BookRecommender\BookRecommender\src\bookrecommender\Client.java. Using fallback presentation compiler.
mag 02, 2026 5:34:31 AM org.eclipse.lsp4j.jsonrpc.RemoteEndpoint handleCancellation
AVVERTENZA: Unmatched cancel notification for request id 632
mag 02, 2026 5:34:31 AM org.eclipse.lsp4j.jsonrpc.RemoteEndpoint handleCancellation
AVVERTENZA: Unmatched cancel notification for request id 633
mag 02, 2026 5:34:31 AM org.eclipse.lsp4j.jsonrpc.RemoteEndpoint handleCancellation
AVVERTENZA: Unmatched cancel notification for request id 634
mag 02, 2026 5:34:31 AM org.eclipse.lsp4j.jsonrpc.RemoteEndpoint handleCancellation
AVVERTENZA: Unmatched cancel notification for request id 635
2026.05.02 05:34:30 INFO  no build target found for C:\Users\Mouhammad Toure\OneDrive - Università degli Studi dell'Insubria\Documents\GitHub\BookRecommender\BookRecommender\BookRecommender\src\bookrecommender\Client.java. Using fallback presentation compiler.
mag 02, 2026 5:34:32 AM org.eclipse.lsp4j.jsonrpc.RemoteEndpoint handleCancellation
AVVERTENZA: Unmatched cancel notification for request id 636
mag 02, 2026 5:34:32 AM org.eclipse.lsp4j.jsonrpc.RemoteEndpoint handleCancellation
AVVERTENZA: Unmatched cancel notification for request id 637
mag 02, 2026 5:34:32 AM org.eclipse.lsp4j.jsonrpc.RemoteEndpoint handleCancellation
AVVERTENZA: Unmatched cancel notification for request id 638
mag 02, 2026 5:34:32 AM org.eclipse.lsp4j.jsonrpc.RemoteEndpoint handleCancellation
AVVERTENZA: Unmatched cancel notification for request id 640
2026.05.02 05:34:32 WARN  no build target for: C:\Users\Mouhammad Toure\OneDrive - Università degli Studi dell'Insubria\Documents\GitHub\BookRecommender\BookRecommender\BookRecommender\src\bookrecommender\Client.java
mag 02, 2026 5:34:32 AM org.eclipse.lsp4j.jsonrpc.RemoteEndpoint handleCancellation
AVVERTENZA: Unmatched cancel notification for request id 641
2026.05.02 05:34:32 INFO  no build target found for C:\Users\Mouhammad Toure\OneDrive - Università degli Studi dell'Insubria\Documents\GitHub\BookRecommender\BookRecommender\BookRecommender\src\bookrecommender\Client.java. Using fallback presentation compiler.
2026.05.02 05:34:35 INFO  no build target found for C:\Users\Mouhammad Toure\OneDrive - Università degli Studi dell'Insubria\Documents\GitHub\BookRecommender\BookRecommender\BookRecommender\src\bookrecommender\Client.java. Using fallback presentation compiler.
mag 02, 2026 5:34:36 AM org.eclipse.lsp4j.jsonrpc.RemoteEndpoint handleCancellation
AVVERTENZA: Unmatched cancel notification for request id 643
mag 02, 2026 5:34:36 AM org.eclipse.lsp4j.jsonrpc.RemoteEndpoint handleCancellation
AVVERTENZA: Unmatched cancel notification for request id 644
2026.05.02 05:34:36 INFO  no build target found for C:\Users\Mouhammad Toure\OneDrive - Università degli Studi dell'Insubria\Documents\GitHub\BookRecommender\BookRecommender\BookRecommender\src\bookrecommender\Client.java. Using fallback presentation compiler.
2026.05.02 05:34:36 INFO  no build target found for C:\Users\Mouhammad Toure\OneDrive - Università degli Studi dell'Insubria\Documents\GitHub\BookRecommender\BookRecommender\BookRecommender\src\bookrecommender\Client.java. Using fallback presentation compiler.
mag 02, 2026 5:34:37 AM org.eclipse.lsp4j.jsonrpc.RemoteEndpoint handleCancellation
AVVERTENZA: Unmatched cancel notification for request id 647
2026.05.02 05:34:37 WARN  no build target for: C:\Users\Mouhammad Toure\OneDrive - Università degli Studi dell'Insubria\Documents\GitHub\BookRecommender\BookRecommender\BookRecommender\src\bookrecommender\Client.java
2026.05.02 05:34:37 INFO  no build target found for C:\Users\Mouhammad Toure\OneDrive - Università degli Studi dell'Insubria\Documents\GitHub\BookRecommender\BookRecommender\BookRecommender\src\bookrecommender\Client.java. Using fallback presentation compiler.
mag 02, 2026 5:34:38 AM org.eclipse.lsp4j.jsonrpc.RemoteEndpoint handleCancellation
AVVERTENZA: Unmatched cancel notification for request id 648
mag 02, 2026 5:34:38 AM org.eclipse.lsp4j.jsonrpc.RemoteEndpoint handleCancellation
AVVERTENZA: Unmatched cancel notification for request id 649
mag 02, 2026 5:34:38 AM org.eclipse.lsp4j.jsonrpc.RemoteEndpoint handleCancellation
AVVERTENZA: Unmatched cancel notification for request id 650
mag 02, 2026 5:34:38 AM org.eclipse.lsp4j.jsonrpc.RemoteEndpoint handleCancellation
AVVERTENZA: Unmatched cancel notification for request id 651
mag 02, 2026 5:34:38 AM org.eclipse.lsp4j.jsonrpc.RemoteEndpoint handleCancellation
AVVERTENZA: Unmatched cancel notification for request id 652
mag 02, 2026 5:34:38 AM org.eclipse.lsp4j.jsonrpc.RemoteEndpoint handleCancellation
AVVERTENZA: Unmatched cancel notification for request id 653
2026.05.02 05:34:37 INFO  no build target found for C:\Users\Mouhammad Toure\OneDrive - Università degli Studi dell'Insubria\Documents\GitHub\BookRecommender\BookRecommender\BookRecommender\src\bookrecommender\Client.java. Using fallback presentation compiler.
2026.05.02 05:34:39 WARN  no build target for: C:\Users\Mouhammad Toure\OneDrive - Università degli Studi dell'Insubria\Documents\GitHub\BookRecommender\BookRecommender\BookRecommender\src\bookrecommender\Client.java
mag 02, 2026 5:34:39 AM org.eclipse.lsp4j.jsonrpc.RemoteEndpoint handleCancellation
AVVERTENZA: Unmatched cancel notification for request id 656
2026.05.02 05:34:39 INFO  no build target found for C:\Users\Mouhammad Toure\OneDrive - Università degli Studi dell'Insubria\Documents\GitHub\BookRecommender\BookRecommender\BookRecommender\src\bookrecommender\Client.java. Using fallback presentation compiler.
2026.05.02 05:34:41 INFO  no build target found for C:\Users\Mouhammad Toure\OneDrive - Università degli Studi dell'Insubria\Documents\GitHub\BookRecommender\BookRecommender\BookRecommender\src\bookrecommender\Client.java. Using fallback presentation compiler.
mag 02, 2026 5:34:42 AM org.eclipse.lsp4j.jsonrpc.RemoteEndpoint handleCancellation
AVVERTENZA: Unmatched cancel notification for request id 658
mag 02, 2026 5:34:42 AM org.eclipse.lsp4j.jsonrpc.RemoteEndpoint handleCancellation
AVVERTENZA: Unmatched cancel notification for request id 655
2026.05.02 05:34:41 INFO  no build target found for C:\Users\Mouhammad Toure\OneDrive - Università degli Studi dell'Insubria\Documents\GitHub\BookRecommender\BookRecommender\BookRecommender\src\bookrecommender\Client.java. Using fallback presentation compiler.
mag 02, 2026 5:34:42 AM org.eclipse.lsp4j.jsonrpc.RemoteEndpoint handleCancellation
AVVERTENZA: Unmatched cancel notification for request id 654
mag 02, 2026 5:34:42 AM org.eclipse.lsp4j.jsonrpc.RemoteEndpoint handleCancellation
AVVERTENZA: Unmatched cancel notification for request id 657
2026.05.02 05:34:41 INFO  no build target found for C:\Users\Mouhammad Toure\OneDrive - Università degli Studi dell'Insubria\Documents\GitHub\BookRecommender\BookRecommender\BookRecommender\src\bookrecommender\Client.java. Using fallback presentation compiler.
2026.05.02 05:34:43 INFO  no build target found for C:\Users\Mouhammad Toure\OneDrive - Università degli Studi dell'Insubria\Documents\GitHub\BookRecommender\BookRecommender\BookRecommender\src\bookrecommender\Client.java. Using fallback presentation compiler.
mag 02, 2026 5:34:43 AM org.eclipse.lsp4j.jsonrpc.RemoteEndpoint handleCancellation
AVVERTENZA: Unmatched cancel notification for request id 661
2026.05.02 05:34:43 INFO  no build target found for C:\Users\Mouhammad Toure\OneDrive - Università degli Studi dell'Insubria\Documents\GitHub\BookRecommender\BookRecommender\BookRecommender\src\bookrecommender\Client.java. Using fallback presentation compiler.
mag 02, 2026 5:34:43 AM org.eclipse.lsp4j.jsonrpc.RemoteEndpoint handleCancellation
AVVERTENZA: Unmatched cancel notification for request id 662
mag 02, 2026 5:34:43 AM org.eclipse.lsp4j.jsonrpc.RemoteEndpoint handleCancellation
AVVERTENZA: Unmatched cancel notification for request id 663
mag 02, 2026 5:34:43 AM org.eclipse.lsp4j.jsonrpc.RemoteEndpoint handleCancellation
AVVERTENZA: Unmatched cancel notification for request id 664
2026.05.02 05:34:43 INFO  no build target found for C:\Users\Mouhammad Toure\OneDrive - Università degli Studi dell'Insubria\Documents\GitHub\BookRecommender\BookRecommender\BookRecommender\src\bookrecommender\Client.java. Using fallback presentation compiler.
2026.05.02 05:34:44 WARN  no build target for: C:\Users\Mouhammad Toure\OneDrive - Università degli Studi dell'Insubria\Documents\GitHub\BookRecommender\BookRecommender\BookRecommender\src\bookrecommender\Client.java
2026.05.02 05:34:44 INFO  no build target found for C:\Users\Mouhammad Toure\OneDrive - Università degli Studi dell'Insubria\Documents\GitHub\BookRecommender\BookRecommender\BookRecommender\src\bookrecommender\Client.java. Using fallback presentation compiler.
2026.05.02 05:34:46 INFO  no build target found for C:\Users\Mouhammad Toure\OneDrive - Università degli Studi dell'Insubria\Documents\GitHub\BookRecommender\BookRecommender\BookRecommender\src\bookrecommender\Client.java. Using fallback presentation compiler.
2026.05.02 05:34:46 WARN  Running javac-semanticdb failed for file:///C:/Users/Mouhammad%20Toure/OneDrive%20-%20Università%20degli%20Studi%20dell'Insubria/Documents/GitHub/BookRecommender/BookRecommender/BookRecommender/src/bookrecommender/Client.java. Output:

2026.05.02 05:34:47 INFO  no build target found for C:\Users\Mouhammad Toure\OneDrive - Università degli Studi dell'Insubria\Documents\GitHub\BookRecommender\BookRecommender\BookRecommender\src\bookrecommender\Client.java. Using fallback presentation compiler.
mag 02, 2026 5:34:48 AM org.eclipse.lsp4j.jsonrpc.RemoteEndpoint handleCancellation
AVVERTENZA: Unmatched cancel notification for request id 670
mag 02, 2026 5:34:48 AM org.eclipse.lsp4j.jsonrpc.RemoteEndpoint handleCancellation
AVVERTENZA: Unmatched cancel notification for request id 671
mag 02, 2026 5:34:48 AM org.eclipse.lsp4j.jsonrpc.RemoteEndpoint handleCancellation
AVVERTENZA: Unmatched cancel notification for request id 672
2026.05.02 05:34:47 INFO  no build target found for C:\Users\Mouhammad Toure\OneDrive - Università degli Studi dell'Insubria\Documents\GitHub\BookRecommender\BookRecommender\BookRecommender\src\bookrecommender\Client.java. Using fallback presentation compiler.
mag 02, 2026 5:34:50 AM org.eclipse.lsp4j.jsonrpc.RemoteEndpoint handleCancellation
AVVERTENZA: Unmatched cancel notification for request id 673
mag 02, 2026 5:34:50 AM org.eclipse.lsp4j.jsonrpc.RemoteEndpoint handleCancellation
AVVERTENZA: Unmatched cancel notification for request id 674
mag 02, 2026 5:34:50 AM org.eclipse.lsp4j.jsonrpc.RemoteEndpoint handleCancellation
AVVERTENZA: Unmatched cancel notification for request id 675
mag 02, 2026 5:34:50 AM org.eclipse.lsp4j.jsonrpc.RemoteEndpoint handleCancellation
AVVERTENZA: Unmatched cancel notification for request id 676
2026.05.02 05:34:50 WARN  no build target for: C:\Users\Mouhammad Toure\OneDrive - Università degli Studi dell'Insubria\Documents\GitHub\BookRecommender\BookRecommender\BookRecommender\src\bookrecommender\Client.java
mag 02, 2026 5:34:50 AM org.eclipse.lsp4j.jsonrpc.RemoteEndpoint handleCancellation
AVVERTENZA: Unmatched cancel notification for request id 677
2026.05.02 05:34:50 INFO  no build target found for C:\Users\Mouhammad Toure\OneDrive - Università degli Studi dell'Insubria\Documents\GitHub\BookRecommender\BookRecommender\BookRecommender\src\bookrecommender\Client.java. Using fallback presentation compiler.
mag 02, 2026 5:34:51 AM org.eclipse.lsp4j.jsonrpc.RemoteEndpoint handleCancellation
AVVERTENZA: Unmatched cancel notification for request id 679
2026.05.02 05:34:51 WARN  no build target for: C:\Users\Mouhammad Toure\OneDrive - Università degli Studi dell'Insubria\Documents\GitHub\BookRecommender\BookRecommender\BookRecommender\src\bookrecommender\Client.java
2026.05.02 05:34:52 INFO  no build target found for C:\Users\Mouhammad Toure\OneDrive - Università degli Studi dell'Insubria\Documents\GitHub\BookRecommender\BookRecommender\BookRecommender\src\bookrecommender\Client.java. Using fallback presentation compiler.
2026.05.02 05:34:53 INFO  no build target found for C:\Users\Mouhammad Toure\OneDrive - Università degli Studi dell'Insubria\Documents\GitHub\BookRecommender\BookRecommender\BookRecommender\src\bookrecommender\Client.java. Using fallback presentation compiler.
mag 02, 2026 5:34:54 AM org.eclipse.lsp4j.jsonrpc.RemoteEndpoint handleCancellation
AVVERTENZA: Unmatched cancel notification for request id 684
mag 02, 2026 5:34:54 AM org.eclipse.lsp4j.jsonrpc.RemoteEndpoint handleCancellation
AVVERTENZA: Unmatched cancel notification for request id 685
mag 02, 2026 5:34:54 AM org.eclipse.lsp4j.jsonrpc.RemoteEndpoint handleCancellation
AVVERTENZA: Unmatched cancel notification for request id 680
2026.05.02 05:34:53 INFO  no build target found for C:\Users\Mouhammad Toure\OneDrive - Università degli Studi dell'Insubria\Documents\GitHub\BookRecommender\BookRecommender\BookRecommender\src\bookrecommender\Client.java. Using fallback presentation compiler.
mag 02, 2026 5:34:54 AM org.eclipse.lsp4j.jsonrpc.RemoteEndpoint handleCancellation
AVVERTENZA: Unmatched cancel notification for request id 686
2026.05.02 05:34:53 INFO  no build target found for C:\Users\Mouhammad Toure\OneDrive - Università degli Studi dell'Insubria\Documents\GitHub\BookRecommender\BookRecommender\BookRecommender\src\bookrecommender\Client.java. Using fallback presentation compiler.
mag 02, 2026 5:34:54 AM org.eclipse.lsp4j.jsonrpc.RemoteEndpoint handleCancellation
AVVERTENZA: Unmatched cancel notification for request id 681
mag 02, 2026 5:34:54 AM org.eclipse.lsp4j.jsonrpc.RemoteEndpoint handleCancellation
AVVERTENZA: Unmatched cancel notification for request id 682
mag 02, 2026 5:34:54 AM org.eclipse.lsp4j.jsonrpc.RemoteEndpoint handleCancellation
AVVERTENZA: Unmatched cancel notification for request id 683
2026.05.02 05:34:53 INFO  no build target found for C:\Users\Mouhammad Toure\OneDrive - Università degli Studi dell'Insubria\Documents\GitHub\BookRecommender\BookRecommender\BookRecommender\src\bookrecommender\Client.java. Using fallback presentation compiler.
2026.05.02 05:34:53 INFO  no build target found for C:\Users\Mouhammad Toure\OneDrive - Università degli Studi dell'Insubria\Documents\GitHub\BookRecommender\BookRecommender\BookRecommender\src\bookrecommender\Client.java. Using fallback presentation compiler.
mag 02, 2026 5:34:55 AM org.eclipse.lsp4j.jsonrpc.RemoteEndpoint handleCancellation
AVVERTENZA: Unmatched cancel notification for request id 688
2026.05.02 05:34:55 WARN  no build target for: C:\Users\Mouhammad Toure\OneDrive - Università degli Studi dell'Insubria\Documents\GitHub\BookRecommender\BookRecommender\BookRecommender\src\bookrecommender\Client.java
2026.05.02 05:34:55 INFO  no build target found for C:\Users\Mouhammad Toure\OneDrive - Università degli Studi dell'Insubria\Documents\GitHub\BookRecommender\BookRecommender\BookRecommender\src\bookrecommender\Client.java. Using fallback presentation compiler.
mag 02, 2026 5:34:55 AM org.eclipse.lsp4j.jsonrpc.RemoteEndpoint handleCancellation
AVVERTENZA: Unmatched cancel notification for request id 694
2026.05.02 05:34:55 WARN  no build target for: C:\Users\Mouhammad Toure\OneDrive - Università degli Studi dell'Insubria\Documents\GitHub\BookRecommender\BookRecommender\BookRecommender\src\bookrecommender\Client.java
2026.05.02 05:34:55 WARN  Running javac-semanticdb failed for file:///C:/Users/Mouhammad%20Toure/OneDrive%20-%20Università%20degli%20Studi%20dell'Insubria/Documents/GitHub/BookRecommender/BookRecommender/BookRecommender/src/bookrecommender/Client.java. Output:

2026.05.02 05:34:55 INFO  no build target found for C:\Users\Mouhammad Toure\OneDrive - Università degli Studi dell'Insubria\Documents\GitHub\BookRecommender\BookRecommender\BookRecommender\src\bookrecommender\Client.java. Using fallback presentation compiler.
mag 02, 2026 5:34:56 AM org.eclipse.lsp4j.jsonrpc.RemoteEndpoint handleCancellation
AVVERTENZA: Unmatched cancel notification for request id 697
mag 02, 2026 5:34:56 AM org.eclipse.lsp4j.jsonrpc.RemoteEndpoint handleCancellation
AVVERTENZA: Unmatched cancel notification for request id 696
2026.05.02 05:34:56 INFO  no build target found for C:\Users\Mouhammad Toure\OneDrive - Università degli Studi dell'Insubria\Documents\GitHub\BookRecommender\BookRecommender\BookRecommender\src\bookrecommender\Client.java. Using fallback presentation compiler.
2026.05.02 05:34:56 INFO  no build target found for C:\Users\Mouhammad Toure\OneDrive - Università degli Studi dell'Insubria\Documents\GitHub\BookRecommender\BookRecommender\BookRecommender\src\bookrecommender\Client.java. Using fallback presentation compiler.
mag 02, 2026 5:34:56 AM org.eclipse.lsp4j.jsonrpc.RemoteEndpoint handleCancellation
AVVERTENZA: Unmatched cancel notification for request id 702
2026.05.02 05:34:56 INFO  no build target found for C:\Users\Mouhammad Toure\OneDrive - Università degli Studi dell'Insubria\Documents\GitHub\BookRecommender\BookRecommender\BookRecommender\src\bookrecommender\Client.java. Using fallback presentation compiler.
2026.05.02 05:34:56 INFO  no build target found for C:\Users\Mouhammad Toure\OneDrive - Università degli Studi dell'Insubria\Documents\GitHub\BookRecommender\BookRecommender\BookRecommender\src\bookrecommender\Client.java. Using fallback presentation compiler.
mag 02, 2026 5:34:57 AM org.eclipse.lsp4j.jsonrpc.RemoteEndpoint handleCancellation
AVVERTENZA: Unmatched cancel notification for request id 703
mag 02, 2026 5:34:57 AM org.eclipse.lsp4j.jsonrpc.RemoteEndpoint handleCancellation
AVVERTENZA: Unmatched cancel notification for request id 704
2026.05.02 05:34:57 INFO  no build target found for C:\Users\Mouhammad Toure\OneDrive - Università degli Studi dell'Insubria\Documents\GitHub\BookRecommender\BookRecommender\BookRecommender\src\bookrecommender\Client.java. Using fallback presentation compiler.
mag 02, 2026 5:34:58 AM org.eclipse.lsp4j.jsonrpc.RemoteEndpoint handleCancellation
AVVERTENZA: Unmatched cancel notification for request id 705
2026.05.02 05:34:57 INFO  no build target found for C:\Users\Mouhammad Toure\OneDrive - Università degli Studi dell'Insubria\Documents\GitHub\BookRecommender\BookRecommender\BookRecommender\src\bookrecommender\Client.java. Using fallback presentation compiler.
2026.05.02 05:34:58 INFO  no build target found for C:\Users\Mouhammad Toure\OneDrive - Università degli Studi dell'Insubria\Documents\GitHub\BookRecommender\BookRecommender\BookRecommender\src\bookrecommender\Client.java. Using fallback presentation compiler.
mag 02, 2026 5:34:59 AM org.eclipse.lsp4j.jsonrpc.RemoteEndpoint handleCancellation
AVVERTENZA: Unmatched cancel notification for request id 707
2026.05.02 05:34:59 INFO  no build target found for C:\Users\Mouhammad Toure\OneDrive - Università degli Studi dell'Insubria\Documents\GitHub\BookRecommender\BookRecommender\BookRecommender\src\bookrecommender\Client.java. Using fallback presentation compiler.
2026.05.02 05:36:29 INFO  no build target found for C:\Users\Mouhammad Toure\OneDrive - Università degli Studi dell'Insubria\Documents\GitHub\BookRecommender\BookRecommender\BookRecommender\src\bookrecommender\Client.java. Using fallback presentation compiler.
2026.05.02 05:36:52 INFO  no build target found for C:\Users\Mouhammad Toure\OneDrive - Università degli Studi dell'Insubria\Documents\GitHub\BookRecommender\BookRecommender\BookRecommender\src\bookrecommender\Client.java. Using fallback presentation compiler.
2026.05.02 05:36:53 INFO  no build target found for C:\Users\Mouhammad Toure\OneDrive - Università degli Studi dell'Insubria\Documents\GitHub\BookRecommender\BookRecommender\BookRecommender\src\bookrecommender\Client.java. Using fallback presentation compiler.
2026.05.02 05:36:54 WARN  no build target for: C:\Users\Mouhammad Toure\OneDrive - Università degli Studi dell'Insubria\Documents\GitHub\BookRecommender\BookRecommender\BookRecommender\src\bookrecommender\Client.java
2026.05.02 05:36:56 WARN  Running javac-semanticdb failed for file:///C:/Users/Mouhammad%20Toure/OneDrive%20-%20Università%20degli%20Studi%20dell'Insubria/Documents/GitHub/BookRecommender/BookRecommender/BookRecommender/src/bookrecommender/Client.java. Output:

2026.05.02 05:36:59 INFO  no build target found for C:\Users\Mouhammad Toure\OneDrive - Università degli Studi dell'Insubria\Documents\GitHub\BookRecommender\BookRecommender\BookRecommender\src\bookrecommender\Client.java. Using fallback presentation compiler.
2026.05.02 05:37:08 INFO  no build target found for C:\Users\Mouhammad Toure\OneDrive - Università degli Studi dell'Insubria\Documents\GitHub\BookRecommender\BookRecommender\BookRecommender\src\bookrecommender\Client.java. Using fallback presentation compiler.
2026.05.02 05:37:13 INFO  no build target found for C:\Users\Mouhammad Toure\OneDrive - Università degli Studi dell'Insubria\Documents\GitHub\BookRecommender\BookRecommender\BookRecommender\src\bookrecommender\Client.java. Using fallback presentation compiler.
mag 02, 2026 5:37:14 AM org.eclipse.lsp4j.jsonrpc.RemoteEndpoint handleCancellation
AVVERTENZA: Unmatched cancel notification for request id 718
2026.05.02 05:37:15 INFO  no build target found for C:\Users\Mouhammad Toure\OneDrive - Università degli Studi dell'Insubria\Documents\GitHub\BookRecommender\BookRecommender\BookRecommender\src\bookrecommender\Client.java. Using fallback presentation compiler.
2026.05.02 05:37:15 INFO  no build target found for C:\Users\Mouhammad Toure\OneDrive - Università degli Studi dell'Insubria\Documents\GitHub\BookRecommender\BookRecommender\BookRecommender\src\bookrecommender\Client.java. Using fallback presentation compiler.
2026.05.02 05:37:15 INFO  no build target found for C:\Users\Mouhammad Toure\OneDrive - Università degli Studi dell'Insubria\Documents\GitHub\BookRecommender\BookRecommender\BookRecommender\src\bookrecommender\Client.java. Using fallback presentation compiler.
2026.05.02 05:37:15 INFO  no build target found for C:\Users\Mouhammad Toure\OneDrive - Università degli Studi dell'Insubria\Documents\GitHub\BookRecommender\BookRecommender\BookRecommender\src\bookrecommender\Client.java. Using fallback presentation compiler.
2026.05.02 05:37:17 INFO  no build target found for C:\Users\Mouhammad Toure\OneDrive - Università degli Studi dell'Insubria\Documents\GitHub\BookRecommender\BookRecommender\BookRecommender\src\bookrecommender\Client.java. Using fallback presentation compiler.
mag 02, 2026 5:37:18 AM org.eclipse.lsp4j.jsonrpc.RemoteEndpoint handleCancellation
AVVERTENZA: Unmatched cancel notification for request id 727
mag 02, 2026 5:37:18 AM org.eclipse.lsp4j.jsonrpc.RemoteEndpoint handleCancellation
AVVERTENZA: Unmatched cancel notification for request id 728
2026.05.02 05:37:18 WARN  no build target for: C:\Users\Mouhammad Toure\OneDrive - Università degli Studi dell'Insubria\Documents\GitHub\BookRecommender\BookRecommender\BookRecommender\src\bookrecommender\Client.java
mag 02, 2026 5:37:18 AM org.eclipse.lsp4j.jsonrpc.RemoteEndpoint handleCancellation
AVVERTENZA: Unmatched cancel notification for request id 729
2026.05.02 05:37:18 INFO  no build target found for C:\Users\Mouhammad Toure\OneDrive - Università degli Studi dell'Insubria\Documents\GitHub\BookRecommender\BookRecommender\BookRecommender\src\bookrecommender\Client.java. Using fallback presentation compiler.
mag 02, 2026 5:37:19 AM org.eclipse.lsp4j.jsonrpc.RemoteEndpoint handleCancellation
AVVERTENZA: Unmatched cancel notification for request id 732
2026.05.02 05:37:18 INFO  no build target found for C:\Users\Mouhammad Toure\OneDrive - Università degli Studi dell'Insubria\Documents\GitHub\BookRecommender\BookRecommender\BookRecommender\src\bookrecommender\Client.java. Using fallback presentation compiler.
mag 02, 2026 5:37:20 AM org.eclipse.lsp4j.jsonrpc.RemoteEndpoint handleCancellation
AVVERTENZA: Unmatched cancel notification for request id 734
mag 02, 2026 5:37:20 AM org.eclipse.lsp4j.jsonrpc.RemoteEndpoint handleCancellation
AVVERTENZA: Unmatched cancel notification for request id 735
2026.05.02 05:37:20 INFO  no build target found for C:\Users\Mouhammad Toure\OneDrive - Università degli Studi dell'Insubria\Documents\GitHub\BookRecommender\BookRecommender\BookRecommender\src\bookrecommender\Client.java. Using fallback presentation compiler.
2026.05.02 05:37:21 WARN  Running javac-semanticdb failed for file:///C:/Users/Mouhammad%20Toure/OneDrive%20-%20Università%20degli%20Studi%20dell'Insubria/Documents/GitHub/BookRecommender/BookRecommender/BookRecommender/src/bookrecommender/Client.java. Output:

2026.05.02 05:37:23 INFO  no build target found for C:\Users\Mouhammad Toure\OneDrive - Università degli Studi dell'Insubria\Documents\GitHub\BookRecommender\BookRecommender\BookRecommender\src\bookrecommender\Client.java. Using fallback presentation compiler.
mag 02, 2026 5:37:24 AM org.eclipse.lsp4j.jsonrpc.RemoteEndpoint handleCancellation
AVVERTENZA: Unmatched cancel notification for request id 741
mag 02, 2026 5:37:24 AM org.eclipse.lsp4j.jsonrpc.RemoteEndpoint handleCancellation
AVVERTENZA: Unmatched cancel notification for request id 742
mag 02, 2026 5:37:24 AM org.eclipse.lsp4j.jsonrpc.RemoteEndpoint handleCancellation
AVVERTENZA: Unmatched cancel notification for request id 743
mag 02, 2026 5:37:24 AM org.eclipse.lsp4j.jsonrpc.RemoteEndpoint handleCancellation
AVVERTENZA: Unmatched cancel notification for request id 744
2026.05.02 05:37:24 WARN  no build target for: C:\Users\Mouhammad Toure\OneDrive - Università degli Studi dell'Insubria\Documents\GitHub\BookRecommender\BookRecommender\BookRecommender\src\bookrecommender\Client.java
2026.05.02 05:37:24 INFO  no build target found for C:\Users\Mouhammad Toure\OneDrive - Università degli Studi dell'Insubria\Documents\GitHub\BookRecommender\BookRecommender\BookRecommender\src\bookrecommender\Client.java. Using fallback presentation compiler.
2026.05.02 05:37:24 INFO  no build target found for C:\Users\Mouhammad Toure\OneDrive - Università degli Studi dell'Insubria\Documents\GitHub\BookRecommender\BookRecommender\BookRecommender\src\bookrecommender\Client.java. Using fallback presentation compiler.
mag 02, 2026 5:37:25 AM org.eclipse.lsp4j.jsonrpc.RemoteEndpoint handleCancellation
AVVERTENZA: Unmatched cancel notification for request id 750
2026.05.02 05:37:25 WARN  no build target for: C:\Users\Mouhammad Toure\OneDrive - Università degli Studi dell'Insubria\Documents\GitHub\BookRecommender\BookRecommender\BookRecommender\src\bookrecommender\Client.java
2026.05.02 05:37:25 INFO  no build target found for C:\Users\Mouhammad Toure\OneDrive - Università degli Studi dell'Insubria\Documents\GitHub\BookRecommender\BookRecommender\BookRecommender\src\bookrecommender\Client.java. Using fallback presentation compiler.
mag 02, 2026 5:37:26 AM org.eclipse.lsp4j.jsonrpc.RemoteEndpoint handleCancellation
AVVERTENZA: Unmatched cancel notification for request id 753
mag 02, 2026 5:37:26 AM org.eclipse.lsp4j.jsonrpc.RemoteEndpoint handleCancellation
AVVERTENZA: Unmatched cancel notification for request id 754
mag 02, 2026 5:37:26 AM org.eclipse.lsp4j.jsonrpc.RemoteEndpoint handleCancellation
AVVERTENZA: Unmatched cancel notification for request id 756
2026.05.02 05:37:25 INFO  no build target found for C:\Users\Mouhammad Toure\OneDrive - Università degli Studi dell'Insubria\Documents\GitHub\BookRecommender\BookRecommender\BookRecommender\src\bookrecommender\Client.java. Using fallback presentation compiler.
mag 02, 2026 5:37:26 AM org.eclipse.lsp4j.jsonrpc.RemoteEndpoint handleCancellation
AVVERTENZA: Unmatched cancel notification for request id 758
2026.05.02 05:37:25 INFO  no build target found for C:\Users\Mouhammad Toure\OneDrive - Università degli Studi dell'Insubria\Documents\GitHub\BookRecommender\BookRecommender\BookRecommender\src\bookrecommender\Client.java. Using fallback presentation compiler.
mag 02, 2026 5:37:27 AM org.eclipse.lsp4j.jsonrpc.RemoteEndpoint handleCancellation
AVVERTENZA: Unmatched cancel notification for request id 759
2026.05.02 05:37:27 WARN  no build target for: C:\Users\Mouhammad Toure\OneDrive - Università degli Studi dell'Insubria\Documents\GitHub\BookRecommender\BookRecommender\BookRecommender\src\bookrecommender\Client.java
mag 02, 2026 5:37:27 AM org.eclipse.lsp4j.jsonrpc.RemoteEndpoint handleCancellation
AVVERTENZA: Unmatched cancel notification for request id 760
mag 02, 2026 5:37:27 AM org.eclipse.lsp4j.jsonrpc.RemoteEndpoint handleCancellation
AVVERTENZA: Unmatched cancel notification for request id 762
mag 02, 2026 5:37:27 AM org.eclipse.lsp4j.jsonrpc.RemoteEndpoint handleCancellation
AVVERTENZA: Unmatched cancel notification for request id 763
2026.05.02 05:37:27 INFO  no build target found for C:\Users\Mouhammad Toure\OneDrive - Università degli Studi dell'Insubria\Documents\GitHub\BookRecommender\BookRecommender\BookRecommender\src\bookrecommender\Client.java. Using fallback presentation compiler.
2026.05.02 05:37:29 INFO  no build target found for C:\Users\Mouhammad Toure\OneDrive - Università degli Studi dell'Insubria\Documents\GitHub\BookRecommender\BookRecommender\BookRecommender\src\bookrecommender\Client.java. Using fallback presentation compiler.
2026.05.02 05:37:29 INFO  no build target found for C:\Users\Mouhammad Toure\OneDrive - Università degli Studi dell'Insubria\Documents\GitHub\BookRecommender\BookRecommender\BookRecommender\src\bookrecommender\Client.java. Using fallback presentation compiler.
2026.05.02 05:37:30 WARN  no build target for: C:\Users\Mouhammad Toure\OneDrive - Università degli Studi dell'Insubria\Documents\GitHub\BookRecommender\BookRecommender\BookRecommender\src\bookrecommender\Client.java
2026.05.02 05:37:30 INFO  no build target found for C:\Users\Mouhammad Toure\OneDrive - Università degli Studi dell'Insubria\Documents\GitHub\BookRecommender\BookRecommender\BookRecommender\src\bookrecommender\Client.java. Using fallback presentation compiler.
2026.05.02 05:37:30 INFO  no build target found for C:\Users\Mouhammad Toure\OneDrive - Università degli Studi dell'Insubria\Documents\GitHub\BookRecommender\BookRecommender\BookRecommender\src\bookrecommender\Client.java. Using fallback presentation compiler.
2026.05.02 05:37:32 WARN  Running javac-semanticdb failed for file:///C:/Users/Mouhammad%20Toure/OneDrive%20-%20Università%20degli%20Studi%20dell'Insubria/Documents/GitHub/BookRecommender/BookRecommender/BookRecommender/src/bookrecommender/Client.java. Output:

2026.05.02 05:37:34 INFO  no build target found for C:\Users\Mouhammad Toure\OneDrive - Università degli Studi dell'Insubria\Documents\GitHub\BookRecommender\BookRecommender\BookRecommender\src\bookrecommender\Client.java. Using fallback presentation compiler.
mag 02, 2026 5:37:35 AM org.eclipse.lsp4j.jsonrpc.RemoteEndpoint handleCancellation
AVVERTENZA: Unmatched cancel notification for request id 776
mag 02, 2026 5:37:35 AM org.eclipse.lsp4j.jsonrpc.RemoteEndpoint handleCancellation
AVVERTENZA: Unmatched cancel notification for request id 775
2026.05.02 05:37:35 INFO  no build target found for C:\Users\Mouhammad Toure\OneDrive - Università degli Studi dell'Insubria\Documents\GitHub\BookRecommender\BookRecommender\BookRecommender\src\bookrecommender\Client.java. Using fallback presentation compiler.
2026.05.02 05:37:36 INFO  no build target found for C:\Users\Mouhammad Toure\OneDrive - Università degli Studi dell'Insubria\Documents\GitHub\BookRecommender\BookRecommender\BookRecommender\src\bookrecommender\Client.java. Using fallback presentation compiler.
2026.05.02 05:39:04 INFO  no build target found for C:\Users\Mouhammad Toure\OneDrive - Università degli Studi dell'Insubria\Documents\GitHub\BookRecommender\BookRecommender\BookRecommender\src\bookrecommender\Client.java. Using fallback presentation compiler.
2026.05.02 05:39:04 INFO  no build target found for C:\Users\Mouhammad Toure\OneDrive - Università degli Studi dell'Insubria\Documents\GitHub\BookRecommender\BookRecommender\BookRecommender\src\bookrecommender\Client.java. Using fallback presentation compiler.
2026.05.02 05:39:05 INFO  no build target found for C:\Users\Mouhammad Toure\OneDrive - Università degli Studi dell'Insubria\Documents\GitHub\BookRecommender\BookRecommender\BookRecommender\src\bookrecommender\Client.java. Using fallback presentation compiler.
2026.05.02 05:39:06 INFO  no build target found for C:\Users\Mouhammad Toure\OneDrive - Università degli Studi dell'Insubria\Documents\GitHub\BookRecommender\BookRecommender\BookRecommender\src\bookrecommender\Client.java. Using fallback presentation compiler.
2026.05.02 05:39:06 INFO  no build target found for C:\Users\Mouhammad Toure\OneDrive - Università degli Studi dell'Insubria\Documents\GitHub\BookRecommender\BookRecommender\BookRecommender\src\bookrecommender\Client.java. Using fallback presentation compiler.
2026.05.02 05:39:07 INFO  no build target found for C:\Users\Mouhammad Toure\OneDrive - Università degli Studi dell'Insubria\Documents\GitHub\BookRecommender\BookRecommender\BookRecommender\src\bookrecommender\Client.java. Using fallback presentation compiler.
2026.05.02 05:39:11 INFO  no build target found for C:\Users\Mouhammad Toure\OneDrive - Università degli Studi dell'Insubria\Documents\GitHub\BookRecommender\BookRecommender\BookRecommender\src\bookrecommender\Client.java. Using fallback presentation compiler.
2026.05.02 05:39:23 INFO  no build target found for C:\Users\Mouhammad Toure\OneDrive - Università degli Studi dell'Insubria\Documents\GitHub\BookRecommender\BookRecommender\BookRecommender\src\bookrecommender\Client.java. Using fallback presentation compiler.
2026.05.02 05:39:24 INFO  no build target found for C:\Users\Mouhammad Toure\OneDrive - Università degli Studi dell'Insubria\Documents\GitHub\BookRecommender\BookRecommender\BookRecommender\src\bookrecommender\Client.java. Using fallback presentation compiler.
2026.05.02 05:39:24 INFO  no build target found for C:\Users\Mouhammad Toure\OneDrive - Università degli Studi dell'Insubria\Documents\GitHub\BookRecommender\BookRecommender\BookRecommender\src\bookrecommender\Client.java. Using fallback presentation compiler.
2026.05.02 05:39:24 INFO  no build target found for C:\Users\Mouhammad Toure\OneDrive - Università degli Studi dell'Insubria\Documents\GitHub\BookRecommender\BookRecommender\BookRecommender\src\bookrecommender\Client.java. Using fallback presentation compiler.
2026.05.02 05:39:25 INFO  no build target found for C:\Users\Mouhammad Toure\OneDrive - Università degli Studi dell'Insubria\Documents\GitHub\BookRecommender\BookRecommender\BookRecommender\src\bookrecommender\Client.java. Using fallback presentation compiler.
2026.05.02 05:39:26 INFO  no build target found for C:\Users\Mouhammad Toure\OneDrive - Università degli Studi dell'Insubria\Documents\GitHub\BookRecommender\BookRecommender\BookRecommender\src\bookrecommender\Client.java. Using fallback presentation compiler.
2026.05.02 05:39:25 INFO  no build target found for C:\Users\Mouhammad Toure\OneDrive - Università degli Studi dell'Insubria\Documents\GitHub\BookRecommender\BookRecommender\BookRecommender\src\bookrecommender\Client.java. Using fallback presentation compiler.
mag 02, 2026 5:39:26 AM org.eclipse.lsp4j.jsonrpc.RemoteEndpoint handleCancellation
AVVERTENZA: Unmatched cancel notification for request id 799
2026.05.02 05:39:26 WARN  no build target for: C:\Users\Mouhammad Toure\OneDrive - Università degli Studi dell'Insubria\Documents\GitHub\BookRecommender\BookRecommender\BookRecommender\src\bookrecommender\Client.java
2026.05.02 05:39:26 INFO  no build target found for C:\Users\Mouhammad Toure\OneDrive - Università degli Studi dell'Insubria\Documents\GitHub\BookRecommender\BookRecommender\BookRecommender\src\bookrecommender\Client.java. Using fallback presentation compiler.
2026.05.02 05:39:26 WARN  Running javac-semanticdb failed for file:///C:/Users/Mouhammad%20Toure/OneDrive%20-%20Università%20degli%20Studi%20dell'Insubria/Documents/GitHub/BookRecommender/BookRecommender/BookRecommender/src/bookrecommender/Client.java. Output:

2026.05.02 05:39:28 INFO  no build target found for C:\Users\Mouhammad Toure\OneDrive - Università degli Studi dell'Insubria\Documents\GitHub\BookRecommender\BookRecommender\BookRecommender\src\bookrecommender\Client.java. Using fallback presentation compiler.
2026.05.02 05:39:31 INFO  no build target found for C:\Users\Mouhammad Toure\OneDrive - Università degli Studi dell'Insubria\Documents\GitHub\BookRecommender\BookRecommender\BookRecommender\src\bookrecommender\Client.java. Using fallback presentation compiler.
mag 02, 2026 5:39:32 AM org.eclipse.lsp4j.jsonrpc.RemoteEndpoint handleCancellation
AVVERTENZA: Unmatched cancel notification for request id 805
2026.05.02 05:39:31 INFO  no build target found for C:\Users\Mouhammad Toure\OneDrive - Università degli Studi dell'Insubria\Documents\GitHub\BookRecommender\BookRecommender\BookRecommender\src\bookrecommender\Client.java. Using fallback presentation compiler.
2026.05.02 05:39:32 INFO  no build target found for C:\Users\Mouhammad Toure\OneDrive - Università degli Studi dell'Insubria\Documents\GitHub\BookRecommender\BookRecommender\BookRecommender\src\bookrecommender\Client.java. Using fallback presentation compiler.
mag 02, 2026 5:39:33 AM org.eclipse.lsp4j.jsonrpc.RemoteEndpoint handleCancellation
AVVERTENZA: Unmatched cancel notification for request id 807
2026.05.02 05:39:34 WARN  no build target for: C:\Users\Mouhammad Toure\OneDrive - Università degli Studi dell'Insubria\Documents\GitHub\BookRecommender\BookRecommender\BookRecommender\src\bookrecommender\Client.java
2026.05.02 05:39:34 INFO  no build target found for C:\Users\Mouhammad Toure\OneDrive - Università degli Studi dell'Insubria\Documents\GitHub\BookRecommender\BookRecommender\BookRecommender\src\bookrecommender\Client.java. Using fallback presentation compiler.
2026.05.02 05:39:34 INFO  no build target found for C:\Users\Mouhammad Toure\OneDrive - Università degli Studi dell'Insubria\Documents\GitHub\BookRecommender\BookRecommender\BookRecommender\src\bookrecommender\Client.java. Using fallback presentation compiler.
mag 02, 2026 5:39:35 AM org.eclipse.lsp4j.jsonrpc.RemoteEndpoint handleCancellation
AVVERTENZA: Unmatched cancel notification for request id 811
2026.05.02 05:39:35 WARN  Running javac-semanticdb failed for file:///C:/Users/Mouhammad%20Toure/OneDrive%20-%20Università%20degli%20Studi%20dell'Insubria/Documents/GitHub/BookRecommender/BookRecommender/BookRecommender/src/bookrecommender/Client.java. Output:

2026.05.02 05:39:38 INFO  no build target found for C:\Users\Mouhammad Toure\OneDrive - Università degli Studi dell'Insubria\Documents\GitHub\BookRecommender\BookRecommender\BookRecommender\src\bookrecommender\Client.java. Using fallback presentation compiler.
2026.05.02 05:39:38 INFO  no build target found for C:\Users\Mouhammad Toure\OneDrive - Università degli Studi dell'Insubria\Documents\GitHub\BookRecommender\BookRecommender\BookRecommender\src\bookrecommender\Client.java. Using fallback presentation compiler.
2026.05.02 05:39:38 INFO  no build target found for C:\Users\Mouhammad Toure\OneDrive - Università degli Studi dell'Insubria\Documents\GitHub\BookRecommender\BookRecommender\BookRecommender\src\bookrecommender\Client.java. Using fallback presentation compiler.
2026.05.02 05:39:39 INFO  no build target found for C:\Users\Mouhammad Toure\OneDrive - Università degli Studi dell'Insubria\Documents\GitHub\BookRecommender\BookRecommender\BookRecommender\src\bookrecommender\Client.java. Using fallback presentation compiler.
2026.05.02 05:39:41 INFO  no build target found for C:\Users\Mouhammad Toure\OneDrive - Università degli Studi dell'Insubria\Documents\GitHub\BookRecommender\BookRecommender\BookRecommender\src\bookrecommender\Client.java. Using fallback presentation compiler.
2026.05.02 05:39:41 WARN  no build target for: C:\Users\Mouhammad Toure\OneDrive - Università degli Studi dell'Insubria\Documents\GitHub\BookRecommender\BookRecommender\BookRecommender\src\bookrecommender\Client.java
2026.05.02 05:39:41 INFO  no build target found for C:\Users\Mouhammad Toure\OneDrive - Università degli Studi dell'Insubria\Documents\GitHub\BookRecommender\BookRecommender\BookRecommender\src\bookrecommender\Client.java. Using fallback presentation compiler.
2026.05.02 05:39:42 WARN  Running javac-semanticdb failed for file:///C:/Users/Mouhammad%20Toure/OneDrive%20-%20Università%20degli%20Studi%20dell'Insubria/Documents/GitHub/BookRecommender/BookRecommender/BookRecommender/src/bookrecommender/Client.java. Output:

2026.05.02 05:39:45 INFO  no build target found for C:\Users\Mouhammad Toure\OneDrive - Università degli Studi dell'Insubria\Documents\GitHub\BookRecommender\BookRecommender\BookRecommender\src\bookrecommender\Client.java. Using fallback presentation compiler.
2026.05.02 05:39:48 INFO  no build target found for C:\Users\Mouhammad Toure\OneDrive - Università degli Studi dell'Insubria\Documents\GitHub\BookRecommender\BookRecommender\BookRecommender\src\bookrecommender\Client.java. Using fallback presentation compiler.
2026.05.02 05:39:48 INFO  no build target found for C:\Users\Mouhammad Toure\OneDrive - Università degli Studi dell'Insubria\Documents\GitHub\BookRecommender\BookRecommender\BookRecommender\src\bookrecommender\Client.java. Using fallback presentation compiler.
2026.05.02 05:39:49 INFO  no build target found for C:\Users\Mouhammad Toure\OneDrive - Università degli Studi dell'Insubria\Documents\GitHub\BookRecommender\BookRecommender\BookRecommender\src\bookrecommender\Client.java. Using fallback presentation compiler.
2026.05.02 05:39:51 WARN  no build target for: C:\Users\Mouhammad Toure\OneDrive - Università degli Studi dell'Insubria\Documents\GitHub\BookRecommender\BookRecommender\BookRecommender\src\bookrecommender\Client.java
2026.05.02 05:39:52 INFO  no build target found for C:\Users\Mouhammad Toure\OneDrive - Università degli Studi dell'Insubria\Documents\GitHub\BookRecommender\BookRecommender\BookRecommender\src\bookrecommender\Client.java. Using fallback presentation compiler.
2026.05.02 05:39:52 INFO  no build target found for C:\Users\Mouhammad Toure\OneDrive - Università degli Studi dell'Insubria\Documents\GitHub\BookRecommender\BookRecommender\BookRecommender\src\bookrecommender\Client.java. Using fallback presentation compiler.
2026.05.02 05:39:52 WARN  Running javac-semanticdb failed for file:///C:/Users/Mouhammad%20Toure/OneDrive%20-%20Università%20degli%20Studi%20dell'Insubria/Documents/GitHub/BookRecommender/BookRecommender/BookRecommender/src/bookrecommender/Client.java. Output:

2026.05.02 05:39:54 INFO  no build target found for C:\Users\Mouhammad Toure\OneDrive - Università degli Studi dell'Insubria\Documents\GitHub\BookRecommender\BookRecommender\BookRecommender\src\bookrecommender\Client.java. Using fallback presentation compiler.
2026.05.02 05:39:55 INFO  no build target found for C:\Users\Mouhammad Toure\OneDrive - Università degli Studi dell'Insubria\Documents\GitHub\BookRecommender\BookRecommender\BookRecommender\src\bookrecommender\Client.java. Using fallback presentation compiler.
2026.05.02 05:39:55 INFO  no build target found for C:\Users\Mouhammad Toure\OneDrive - Università degli Studi dell'Insubria\Documents\GitHub\BookRecommender\BookRecommender\BookRecommender\src\bookrecommender\Client.java. Using fallback presentation compiler.
2026.05.02 05:39:56 INFO  no build target found for C:\Users\Mouhammad Toure\OneDrive - Università degli Studi dell'Insubria\Documents\GitHub\BookRecommender\BookRecommender\BookRecommender\src\bookrecommender\Client.java. Using fallback presentation compiler.
2026.05.02 05:39:57 WARN  no build target for: C:\Users\Mouhammad Toure\OneDrive - Università degli Studi dell'Insubria\Documents\GitHub\BookRecommender\BookRecommender\BookRecommender\src\bookrecommender\Client.java
2026.05.02 05:39:57 INFO  no build target found for C:\Users\Mouhammad Toure\OneDrive - Università degli Studi dell'Insubria\Documents\GitHub\BookRecommender\BookRecommender\BookRecommender\src\bookrecommender\Client.java. Using fallback presentation compiler.
2026.05.02 05:39:58 INFO  no build target found for C:\Users\Mouhammad Toure\OneDrive - Università degli Studi dell'Insubria\Documents\GitHub\BookRecommender\BookRecommender\BookRecommender\src\bookrecommender\Client.java. Using fallback presentation compiler.
2026.05.02 05:39:58 WARN  Running javac-semanticdb failed for file:///C:/Users/Mouhammad%20Toure/OneDrive%20-%20Università%20degli%20Studi%20dell'Insubria/Documents/GitHub/BookRecommender/BookRecommender/BookRecommender/src/bookrecommender/Client.java. Output:

2026.05.02 05:39:59 WARN  Running javac-semanticdb failed for file:///C:/Users/Mouhammad%20Toure/OneDrive%20-%20Università%20degli%20Studi%20dell'Insubria/Documents/GitHub/BookRecommender/BookRecommender/BookRecommender/src/bookrecommender/Client.java. Output:

2026.05.02 05:39:59 INFO  time: code lens generation in 2.16s
2026.05.02 05:40:00 INFO  no build target found for C:\Users\Mouhammad Toure\OneDrive - Università degli Studi dell'Insubria\Documents\GitHub\BookRecommender\BookRecommender\BookRecommender\src\bookrecommender\Client.java. Using fallback presentation compiler.
2026.05.02 05:40:00 INFO  no build target found for C:\Users\Mouhammad Toure\OneDrive - Università degli Studi dell'Insubria\Documents\GitHub\BookRecommender\BookRecommender\BookRecommender\src\bookrecommender\Client.java. Using fallback presentation compiler.
mag 02, 2026 5:40:00 AM org.eclipse.lsp4j.jsonrpc.RemoteEndpoint handleCancellation
AVVERTENZA: Unmatched cancel notification for request id 846
mag 02, 2026 5:40:00 AM org.eclipse.lsp4j.jsonrpc.RemoteEndpoint handleCancellation
AVVERTENZA: Unmatched cancel notification for request id 843
2026.05.02 05:40:00 WARN  no build target for: C:\Users\Mouhammad Toure\OneDrive - Università degli Studi dell'Insubria\Documents\GitHub\BookRecommender\BookRecommender\BookRecommender\src\bookrecommender\Client.java
2026.05.02 05:40:00 INFO  no build target found for C:\Users\Mouhammad Toure\OneDrive - Università degli Studi dell'Insubria\Documents\GitHub\BookRecommender\BookRecommender\BookRecommender\src\bookrecommender\Client.java. Using fallback presentation compiler.
2026.05.02 05:40:03 INFO  no build target found for C:\Users\Mouhammad Toure\OneDrive - Università degli Studi dell'Insubria\Documents\GitHub\BookRecommender\BookRecommender\BookRecommender\src\bookrecommender\Client.java. Using fallback presentation compiler.
2026.05.02 05:40:22 INFO  no build target found for C:\Users\Mouhammad Toure\OneDrive - Università degli Studi dell'Insubria\Documents\GitHub\BookRecommender\BookRecommender\BookRecommender\src\bookrecommender\Client.java. Using fallback presentation compiler.
2026.05.02 05:40:22 INFO  no build target found for C:\Users\Mouhammad Toure\OneDrive - Università degli Studi dell'Insubria\Documents\GitHub\BookRecommender\BookRecommender\BookRecommender\src\bookrecommender\Client.java. Using fallback presentation compiler.
mag 02, 2026 5:40:23 AM org.eclipse.lsp4j.jsonrpc.RemoteEndpoint handleCancellation
AVVERTENZA: Unmatched cancel notification for request id 859
2026.05.02 05:40:23 INFO  no build target found for C:\Users\Mouhammad Toure\OneDrive - Università degli Studi dell'Insubria\Documents\GitHub\BookRecommender\BookRecommender\BookRecommender\src\bookrecommender\Client.java. Using fallback presentation compiler.
2026.05.02 05:40:25 INFO  no build target found for C:\Users\Mouhammad Toure\OneDrive - Università degli Studi dell'Insubria\Documents\GitHub\BookRecommender\BookRecommender\BookRecommender\src\bookrecommender\Client.java. Using fallback presentation compiler.
2026.05.02 05:40:25 INFO  no build target found for C:\Users\Mouhammad Toure\OneDrive - Università degli Studi dell'Insubria\Documents\GitHub\BookRecommender\BookRecommender\BookRecommender\src\bookrecommender\Client.java. Using fallback presentation compiler.
2026.05.02 05:40:26 INFO  no build target found for C:\Users\Mouhammad Toure\OneDrive - Università degli Studi dell'Insubria\Documents\GitHub\BookRecommender\BookRecommender\BookRecommender\src\bookrecommender\Client.java. Using fallback presentation compiler.
mag 02, 2026 5:40:27 AM org.eclipse.lsp4j.jsonrpc.RemoteEndpoint handleCancellation
AVVERTENZA: Unmatched cancel notification for request id 862
2026.05.02 05:40:26 INFO  no build target found for C:\Users\Mouhammad Toure\OneDrive - Università degli Studi dell'Insubria\Documents\GitHub\BookRecommender\BookRecommender\BookRecommender\src\bookrecommender\Client.java. Using fallback presentation compiler.
2026.05.02 05:40:26 INFO  no build target found for C:\Users\Mouhammad Toure\OneDrive - Università degli Studi dell'Insubria\Documents\GitHub\BookRecommender\BookRecommender\BookRecommender\src\bookrecommender\Client.java. Using fallback presentation compiler.
2026.05.02 05:40:27 INFO  no build target found for C:\Users\Mouhammad Toure\OneDrive - Università degli Studi dell'Insubria\Documents\GitHub\BookRecommender\BookRecommender\BookRecommender\src\bookrecommender\Client.java. Using fallback presentation compiler.
mag 02, 2026 5:40:27 AM org.eclipse.lsp4j.jsonrpc.RemoteEndpoint handleCancellation
AVVERTENZA: Unmatched cancel notification for request id 864
2026.05.02 05:40:26 INFO  no build target found for C:\Users\Mouhammad Toure\OneDrive - Università degli Studi dell'Insubria\Documents\GitHub\BookRecommender\BookRecommender\BookRecommender\src\bookrecommender\Client.java. Using fallback presentation compiler.
mag 02, 2026 5:40:28 AM org.eclipse.lsp4j.jsonrpc.RemoteEndpoint handleCancellation
AVVERTENZA: Unmatched cancel notification for request id 866
2026.05.02 05:40:28 WARN  no build target for: C:\Users\Mouhammad Toure\OneDrive - Università degli Studi dell'Insubria\Documents\GitHub\BookRecommender\BookRecommender\BookRecommender\src\bookrecommender\Client.java
2026.05.02 05:40:28 INFO  no build target found for C:\Users\Mouhammad Toure\OneDrive - Università degli Studi dell'Insubria\Documents\GitHub\BookRecommender\BookRecommender\BookRecommender\src\bookrecommender\Client.java. Using fallback presentation compiler.
2026.05.02 05:40:29 WARN  Running javac-semanticdb failed for file:///C:/Users/Mouhammad%20Toure/OneDrive%20-%20Università%20degli%20Studi%20dell'Insubria/Documents/GitHub/BookRecommender/BookRecommender/BookRecommender/src/bookrecommender/Client.java. Output:

2026.05.02 05:40:29 INFO  time: code lens generation in 1.68s
mag 02, 2026 5:40:32 AM org.eclipse.lsp4j.jsonrpc.RemoteEndpoint handleCancellation
AVVERTENZA: Unmatched cancel notification for request id 868
2026.05.02 05:40:33 INFO  no build target found for C:\Users\Mouhammad Toure\OneDrive - Università degli Studi dell'Insubria\Documents\GitHub\BookRecommender\BookRecommender\BookRecommender\src\bookrecommender\Client.java. Using fallback presentation compiler.
2026.05.02 05:40:33 INFO  no build target found for C:\Users\Mouhammad Toure\OneDrive - Università degli Studi dell'Insubria\Documents\GitHub\BookRecommender\BookRecommender\BookRecommender\src\bookrecommender\Client.java. Using fallback presentation compiler.
2026.05.02 05:40:33 INFO  no build target found for C:\Users\Mouhammad Toure\OneDrive - Università degli Studi dell'Insubria\Documents\GitHub\BookRecommender\BookRecommender\BookRecommender\src\bookrecommender\Client.java. Using fallback presentation compiler.
mag 02, 2026 5:40:34 AM org.eclipse.lsp4j.jsonrpc.RemoteEndpoint handleCancellation
AVVERTENZA: Unmatched cancel notification for request id 872
mag 02, 2026 5:40:34 AM org.eclipse.lsp4j.jsonrpc.RemoteEndpoint handleCancellation
AVVERTENZA: Unmatched cancel notification for request id 874
mag 02, 2026 5:40:34 AM org.eclipse.lsp4j.jsonrpc.RemoteEndpoint handleCancellation
AVVERTENZA: Unmatched cancel notification for request id 876
mag 02, 2026 5:40:34 AM org.eclipse.lsp4j.jsonrpc.RemoteEndpoint handleCancellation
AVVERTENZA: Unmatched cancel notification for request id 877
mag 02, 2026 5:40:35 AM org.eclipse.lsp4j.jsonrpc.RemoteEndpoint handleCancellation
AVVERTENZA: Unmatched cancel notification for request id 878
2026.05.02 05:40:35 WARN  no build target for: C:\Users\Mouhammad Toure\OneDrive - Università degli Studi dell'Insubria\Documents\GitHub\BookRecommender\BookRecommender\BookRecommender\src\bookrecommender\Client.java
2026.05.02 05:40:35 INFO  no build target found for C:\Users\Mouhammad Toure\OneDrive - Università degli Studi dell'Insubria\Documents\GitHub\BookRecommender\BookRecommender\BookRecommender\src\bookrecommender\Client.java. Using fallback presentation compiler.
mag 02, 2026 5:40:36 AM org.eclipse.lsp4j.jsonrpc.RemoteEndpoint handleCancellation
AVVERTENZA: Unmatched cancel notification for request id 881
2026.05.02 05:40:37 WARN  Running javac-semanticdb failed for file:///C:/Users/Mouhammad%20Toure/OneDrive%20-%20Università%20degli%20Studi%20dell'Insubria/Documents/GitHub/BookRecommender/BookRecommender/BookRecommender/src/bookrecommender/Client.java. Output:

2026.05.02 05:40:37 INFO  time: code lens generation in 2.28s
2026.05.02 05:40:37 WARN  no build target for: C:\Users\Mouhammad Toure\OneDrive - Università degli Studi dell'Insubria\Documents\GitHub\BookRecommender\BookRecommender\BookRecommender\src\bookrecommender\Client.java
2026.05.02 05:40:37 INFO  no build target found for C:\Users\Mouhammad Toure\OneDrive - Università degli Studi dell'Insubria\Documents\GitHub\BookRecommender\BookRecommender\BookRecommender\src\bookrecommender\Client.java. Using fallback presentation compiler.
mag 02, 2026 5:40:38 AM org.eclipse.lsp4j.jsonrpc.RemoteEndpoint handleCancellation
AVVERTENZA: Unmatched cancel notification for request id 885
2026.05.02 05:40:37 INFO  no build target found for C:\Users\Mouhammad Toure\OneDrive - Università degli Studi dell'Insubria\Documents\GitHub\BookRecommender\BookRecommender\BookRecommender\src\bookrecommender\Client.java. Using fallback presentation compiler.
mag 02, 2026 5:40:38 AM org.eclipse.lsp4j.jsonrpc.RemoteEndpoint handleCancellation
AVVERTENZA: Unmatched cancel notification for request id 883
2026.05.02 05:40:39 INFO  no build target found for C:\Users\Mouhammad Toure\OneDrive - Università degli Studi dell'Insubria\Documents\GitHub\BookRecommender\BookRecommender\BookRecommender\src\bookrecommender\Client.java. Using fallback presentation compiler.
2026.05.02 05:40:40 INFO  no build target found for C:\Users\Mouhammad Toure\OneDrive - Università degli Studi dell'Insubria\Documents\GitHub\BookRecommender\BookRecommender\BookRecommender\src\bookrecommender\Client.java. Using fallback presentation compiler.
2026.05.02 05:41:20 INFO  no build target found for C:\Users\Mouhammad Toure\OneDrive - Università degli Studi dell'Insubria\Documents\GitHub\BookRecommender\BookRecommender\BookRecommender\src\bookrecommender\Client.java. Using fallback presentation compiler.
mag 02, 2026 5:41:20 AM org.eclipse.lsp4j.jsonrpc.RemoteEndpoint handleCancellation
AVVERTENZA: Unmatched cancel notification for request id 896
2026.05.02 05:41:23 INFO  no build target found for C:\Users\Mouhammad Toure\OneDrive - Università degli Studi dell'Insubria\Documents\GitHub\BookRecommender\BookRecommender\BookRecommender\src\bookrecommender\Client.java. Using fallback presentation compiler.
mag 02, 2026 5:41:24 AM org.eclipse.lsp4j.jsonrpc.RemoteEndpoint handleCancellation
AVVERTENZA: Unmatched cancel notification for request id 897
2026.05.02 05:41:23 INFO  no build target found for C:\Users\Mouhammad Toure\OneDrive - Università degli Studi dell'Insubria\Documents\GitHub\BookRecommender\BookRecommender\BookRecommender\src\bookrecommender\Client.java. Using fallback presentation compiler.
mag 02, 2026 5:41:24 AM org.eclipse.lsp4j.jsonrpc.RemoteEndpoint handleCancellation
AVVERTENZA: Unmatched cancel notification for request id 898
2026.05.02 05:41:25 INFO  no build target found for C:\Users\Mouhammad Toure\OneDrive - Università degli Studi dell'Insubria\Documents\GitHub\BookRecommender\BookRecommender\BookRecommender\src\bookrecommender\Client.java. Using fallback presentation compiler.
2026.05.02 05:41:25 INFO  no build target found for C:\Users\Mouhammad Toure\OneDrive - Università degli Studi dell'Insubria\Documents\GitHub\BookRecommender\BookRecommender\BookRecommender\src\bookrecommender\Client.java. Using fallback presentation compiler.
2026.05.02 05:41:28 INFO  no build target found for C:\Users\Mouhammad Toure\OneDrive - Università degli Studi dell'Insubria\Documents\GitHub\BookRecommender\BookRecommender\BookRecommender\src\bookrecommender\Client.java. Using fallback presentation compiler.
2026.05.02 05:41:28 INFO  no build target found for C:\Users\Mouhammad Toure\OneDrive - Università degli Studi dell'Insubria\Documents\GitHub\BookRecommender\BookRecommender\BookRecommender\src\bookrecommender\Client.java. Using fallback presentation compiler.
2026.05.02 05:41:32 WARN  no build target for: C:\Users\Mouhammad Toure\OneDrive - Università degli Studi dell'Insubria\Documents\GitHub\BookRecommender\BookRecommender\BookRecommender\src\bookrecommender\BookRecommender.java
2026.05.02 05:41:32 INFO  no build target found for C:\Users\Mouhammad Toure\OneDrive - Università degli Studi dell'Insubria\Documents\GitHub\BookRecommender\BookRecommender\BookRecommender\src\bookrecommender\BookRecommender.java. Using fallback presentation compiler.
2026.05.02 05:41:34 INFO  no build target found for C:\Users\Mouhammad Toure\OneDrive - Università degli Studi dell'Insubria\Documents\GitHub\BookRecommender\BookRecommender\BookRecommender\src\bookrecommender\BookRecommender.java. Using fallback presentation compiler.
mag 02, 2026 5:41:34 AM org.eclipse.lsp4j.jsonrpc.RemoteEndpoint handleCancellation
AVVERTENZA: Unmatched cancel notification for request id 903
2026.05.02 05:41:35 INFO  no build target found for C:\Users\Mouhammad Toure\OneDrive - Università degli Studi dell'Insubria\Documents\GitHub\BookRecommender\BookRecommender\BookRecommender\src\bookrecommender\BookRecommender.java. Using fallback presentation compiler.
2026.05.02 05:41:36 WARN  Running javac-semanticdb failed for file:///C:/Users/Mouhammad%20Toure/OneDrive%20-%20Università%20degli%20Studi%20dell'Insubria/Documents/GitHub/BookRecommender/BookRecommender/BookRecommender/src/bookrecommender/BookRecommender.java. Output:

mag 02, 2026 5:41:36 AM org.eclipse.lsp4j.jsonrpc.RemoteEndpoint handleCancellation
AVVERTENZA: Unmatched cancel notification for request id 906
2026.05.02 05:41:36 INFO  no build target found for C:\Users\Mouhammad Toure\OneDrive - Università degli Studi dell'Insubria\Documents\GitHub\BookRecommender\BookRecommender\BookRecommender\src\bookrecommender\BookRecommender.java. Using fallback presentation compiler.
2026.05.02 05:41:38 INFO  no build target found for C:\Users\Mouhammad Toure\OneDrive - Università degli Studi dell'Insubria\Documents\GitHub\BookRecommender\BookRecommender\BookRecommender\src\bookrecommender\BookRecommender.java. Using fallback presentation compiler.
2026.05.02 05:41:59 INFO  no build target found for C:\Users\Mouhammad Toure\OneDrive - Università degli Studi dell'Insubria\Documents\GitHub\BookRecommender\BookRecommender\BookRecommender\src\bookrecommender\BookRecommender.java. Using fallback presentation compiler.
2026.05.02 05:42:01 INFO  no build target found for C:\Users\Mouhammad Toure\OneDrive - Università degli Studi dell'Insubria\Documents\GitHub\BookRecommender\BookRecommender\BookRecommender\src\bookrecommender\BookRecommender.java. Using fallback presentation compiler.
2026.05.02 05:42:01 INFO  no build target found for C:\Users\Mouhammad Toure\OneDrive - Università degli Studi dell'Insubria\Documents\GitHub\BookRecommender\BookRecommender\BookRecommender\src\bookrecommender\BookRecommender.java. Using fallback presentation compiler.
mag 02, 2026 5:42:02 AM org.eclipse.lsp4j.jsonrpc.RemoteEndpoint handleCancellation
AVVERTENZA: Unmatched cancel notification for request id 921
2026.05.02 05:42:02 WARN  Running javac-semanticdb failed for file:///C:/Users/Mouhammad%20Toure/OneDrive%20-%20Università%20degli%20Studi%20dell'Insubria/Documents/GitHub/BookRecommender/BookRecommender/BookRecommender/src/bookrecommender/BookRecommender.java. Output:

2026.05.02 05:42:02 INFO  no build target found for C:\Users\Mouhammad Toure\OneDrive - Università degli Studi dell'Insubria\Documents\GitHub\BookRecommender\BookRecommender\BookRecommender\src\bookrecommender\BookRecommender.java. Using fallback presentation compiler.
2026.05.02 05:42:03 INFO  no build target found for C:\Users\Mouhammad Toure\OneDrive - Università degli Studi dell'Insubria\Documents\GitHub\BookRecommender\BookRecommender\BookRecommender\src\bookrecommender\BookRecommender.java. Using fallback presentation compiler.
2026.05.02 05:42:04 WARN  no build target for: C:\Users\Mouhammad Toure\OneDrive - Università degli Studi dell'Insubria\Documents\GitHub\BookRecommender\BookRecommender\BookRecommender\src\bookrecommender\BookRecommender.java
2026.05.02 05:42:04 INFO  no build target found for C:\Users\Mouhammad Toure\OneDrive - Università degli Studi dell'Insubria\Documents\GitHub\BookRecommender\BookRecommender\BookRecommender\src\bookrecommender\BookRecommender.java. Using fallback presentation compiler.
2026.05.02 05:42:04 INFO  Created report: Optional[file:///C:/Users/Mouhammad%20Toure/OneDrive%20-%20Università%20degli%20Studi%20dell'Insubria/Documents/GitHub/BookRecommender/BookRecommender/BookRecommender/src/bookrecommender/BookRecommender.java]
2026.05.02 05:42:04 INFO  QDox parse error in file:///C:/Users/Mouhammad%20Toure/OneDrive%20-%20Università%20degli%20Studi%20dell'Insubria/Documents/GitHub/BookRecommender/BookRecommender/BookRecommender/src/bookrecommender/BookRecommender.java (full report at: "C:\Users\Mouhammad Toure\OneDrive - Università degli Studi dell'Insubria\Documents\GitHub\BookRecommender\BookRecommender\.metals\.reports\metals-full\2026-05-02\r_qdox-error_05-42-04-140.md")
mag 02, 2026 5:42:07 AM org.eclipse.lsp4j.jsonrpc.RemoteEndpoint handleCancellation
AVVERTENZA: Unmatched cancel notification for request id 925
2026.05.02 05:42:08 INFO  no build target found for C:\Users\Mouhammad Toure\OneDrive - Università degli Studi dell'Insubria\Documents\GitHub\BookRecommender\BookRecommender\BookRecommender\src\bookrecommender\BookRecommender.java. Using fallback presentation compiler.
mag 02, 2026 5:42:09 AM org.eclipse.lsp4j.jsonrpc.RemoteEndpoint handleCancellation
AVVERTENZA: Unmatched cancel notification for request id 926
2026.05.02 05:42:08 INFO  no build target found for C:\Users\Mouhammad Toure\OneDrive - Università degli Studi dell'Insubria\Documents\GitHub\BookRecommender\BookRecommender\BookRecommender\src\bookrecommender\BookRecommender.java. Using fallback presentation compiler.
2026.05.02 05:42:08 INFO  no build target found for C:\Users\Mouhammad Toure\OneDrive - Università degli Studi dell'Insubria\Documents\GitHub\BookRecommender\BookRecommender\BookRecommender\src\bookrecommender\BookRecommender.java. Using fallback presentation compiler.
2026.05.02 05:42:10 INFO  no build target found for C:\Users\Mouhammad Toure\OneDrive - Università degli Studi dell'Insubria\Documents\GitHub\BookRecommender\BookRecommender\BookRecommender\src\bookrecommender\BookRecommender.java. Using fallback presentation compiler.
2026.05.02 05:42:12 WARN  Running javac-semanticdb failed for file:///C:/Users/Mouhammad%20Toure/OneDrive%20-%20Università%20degli%20Studi%20dell'Insubria/Documents/GitHub/BookRecommender/BookRecommender/BookRecommender/src/bookrecommender/BookRecommender.java. Output:

2026.05.02 05:42:12 INFO  time: code lens generation in 3.69s
2026.05.02 05:42:12 WARN  no build target for: C:\Users\Mouhammad Toure\OneDrive - Università degli Studi dell'Insubria\Documents\GitHub\BookRecommender\BookRecommender\BookRecommender\src\bookrecommender\BookRecommender.java
mag 02, 2026 5:42:13 AM org.eclipse.lsp4j.jsonrpc.RemoteEndpoint handleCancellation
AVVERTENZA: Unmatched cancel notification for request id 931
2026.05.02 05:42:13 INFO  no build target found for C:\Users\Mouhammad Toure\OneDrive - Università degli Studi dell'Insubria\Documents\GitHub\BookRecommender\BookRecommender\BookRecommender\src\bookrecommender\BookRecommender.java. Using fallback presentation compiler.
2026.05.02 05:42:13 INFO  no build target found for C:\Users\Mouhammad Toure\OneDrive - Università degli Studi dell'Insubria\Documents\GitHub\BookRecommender\BookRecommender\BookRecommender\src\bookrecommender\BookRecommender.java. Using fallback presentation compiler.
mag 02, 2026 5:42:15 AM org.eclipse.lsp4j.jsonrpc.RemoteEndpoint handleCancellation
AVVERTENZA: Unmatched cancel notification for request id 935
mag 02, 2026 5:42:15 AM org.eclipse.lsp4j.jsonrpc.RemoteEndpoint handleCancellation
AVVERTENZA: Unmatched cancel notification for request id 938
mag 02, 2026 5:42:15 AM org.eclipse.lsp4j.jsonrpc.RemoteEndpoint handleCancellation
AVVERTENZA: Unmatched cancel notification for request id 937
2026.05.02 05:42:15 INFO  no build target found for C:\Users\Mouhammad Toure\OneDrive - Università degli Studi dell'Insubria\Documents\GitHub\BookRecommender\BookRecommender\BookRecommender\src\bookrecommender\BookRecommender.java. Using fallback presentation compiler.
2026.05.02 05:42:21 INFO  no build target found for C:\Users\Mouhammad Toure\OneDrive - Università degli Studi dell'Insubria\Documents\GitHub\BookRecommender\BookRecommender\BookRecommender\src\bookrecommender\BookRecommender.java. Using fallback presentation compiler.
2026.05.02 05:43:02 INFO  no build target found for C:\Users\Mouhammad Toure\OneDrive - Università degli Studi dell'Insubria\Documents\GitHub\BookRecommender\BookRecommender\BookRecommender\src\bookrecommender\BookRecommender.java. Using fallback presentation compiler.
2026.05.02 05:43:07 INFO  no build target found for C:\Users\Mouhammad Toure\OneDrive - Università degli Studi dell'Insubria\Documents\GitHub\BookRecommender\BookRecommender\BookRecommender\src\bookrecommender\BookRecommender.java. Using fallback presentation compiler.
mag 02, 2026 5:43:08 AM org.eclipse.lsp4j.jsonrpc.RemoteEndpoint handleCancellation
AVVERTENZA: Unmatched cancel notification for request id 954
2026.05.02 05:43:07 INFO  no build target found for C:\Users\Mouhammad Toure\OneDrive - Università degli Studi dell'Insubria\Documents\GitHub\BookRecommender\BookRecommender\BookRecommender\src\bookrecommender\BookRecommender.java. Using fallback presentation compiler.
mag 02, 2026 5:43:09 AM org.eclipse.lsp4j.jsonrpc.RemoteEndpoint handleCancellation
AVVERTENZA: Unmatched cancel notification for request id 955
2026.05.02 05:43:09 INFO  no build target found for C:\Users\Mouhammad Toure\OneDrive - Università degli Studi dell'Insubria\Documents\GitHub\BookRecommender\BookRecommender\BookRecommender\src\bookrecommender\BookRecommender.java. Using fallback presentation compiler.
mag 02, 2026 5:43:09 AM org.eclipse.lsp4j.jsonrpc.RemoteEndpoint handleCancellation
AVVERTENZA: Unmatched cancel notification for request id 956
2026.05.02 05:43:09 INFO  no build target found for C:\Users\Mouhammad Toure\OneDrive - Università degli Studi dell'Insubria\Documents\GitHub\BookRecommender\BookRecommender\BookRecommender\src\bookrecommender\BookRecommender.java. Using fallback presentation compiler.
2026.05.02 05:43:12 INFO  no build target found for C:\Users\Mouhammad Toure\OneDrive - Università degli Studi dell'Insubria\Documents\GitHub\BookRecommender\BookRecommender\BookRecommender\src\bookrecommender\BookRecommender.java. Using fallback presentation compiler.
mag 02, 2026 5:43:13 AM org.eclipse.lsp4j.jsonrpc.RemoteEndpoint handleCancellation
AVVERTENZA: Unmatched cancel notification for request id 958
2026.05.02 05:43:12 INFO  no build target found for C:\Users\Mouhammad Toure\OneDrive - Università degli Studi dell'Insubria\Documents\GitHub\BookRecommender\BookRecommender\BookRecommender\src\bookrecommender\BookRecommender.java. Using fallback presentation compiler.
2026.05.02 05:43:14 INFO  no build target found for C:\Users\Mouhammad Toure\OneDrive - Università degli Studi dell'Insubria\Documents\GitHub\BookRecommender\BookRecommender\BookRecommender\src\bookrecommender\BookRecommender.java. Using fallback presentation compiler.
2026.05.02 05:43:16 INFO  no build target found for C:\Users\Mouhammad Toure\OneDrive - Università degli Studi dell'Insubria\Documents\GitHub\BookRecommender\BookRecommender\BookRecommender\src\bookrecommender\BookRecommender.java. Using fallback presentation compiler.
2026.05.02 05:43:16 INFO  no build target found for C:\Users\Mouhammad Toure\OneDrive - Università degli Studi dell'Insubria\Documents\GitHub\BookRecommender\BookRecommender\BookRecommender\src\bookrecommender\BookRecommender.java. Using fallback presentation compiler.
2026.05.02 05:43:19 INFO  no build target found for C:\Users\Mouhammad Toure\OneDrive - Università degli Studi dell'Insubria\Documents\GitHub\BookRecommender\BookRecommender\BookRecommender\src\bookrecommender\BookRecommender.java. Using fallback presentation compiler.
mag 02, 2026 5:43:19 AM org.eclipse.lsp4j.jsonrpc.RemoteEndpoint handleCancellation
AVVERTENZA: Unmatched cancel notification for request id 963
2026.05.02 05:43:21 INFO  no build target found for C:\Users\Mouhammad Toure\OneDrive - Università degli Studi dell'Insubria\Documents\GitHub\BookRecommender\BookRecommender\BookRecommender\src\bookrecommender\BookRecommender.java. Using fallback presentation compiler.
mag 02, 2026 5:43:21 AM org.eclipse.lsp4j.jsonrpc.RemoteEndpoint handleCancellation
AVVERTENZA: Unmatched cancel notification for request id 964
2026.05.02 05:43:21 INFO  no build target found for C:\Users\Mouhammad Toure\OneDrive - Università degli Studi dell'Insubria\Documents\GitHub\BookRecommender\BookRecommender\BookRecommender\src\bookrecommender\BookRecommender.java. Using fallback presentation compiler.
